Unity Editor version:    6000.4.2f1 (7a4c1aeef971)
Branch:                  6000.4/staging
Build type:              Release
Batch mode:              YES
macOS version:           Version 26.3.1 (Build 25D2128)
Darwin version:          25.3.0
Architecture:            arm64
Running under Rosetta:   NO
Available memory:        16384 MB
Date:                    2026-04-15T18:50:23Z
[Licensing::Module] Trying to connect to existing licensing client channel...
[Licensing::IpcConnector] Successfully connected to: "LicenseClient-stephenalexanderbright" at "2026-04-15T18:50:23.38585Z"
Launching external process: /Applications/Unity/Hub/Editor/6000.4.2f1/Unity.app/Contents/Helpers/PackageManager/Server/UnityPackageManager

COMMAND LINE ARGUMENTS:
/Applications/Unity/Hub/Editor/6000.4.2f1/Unity.app/Contents/MacOS/Unity
-batchmode
-nographics
-projectPath
.
-logFile
build.log
-buildTarget
OSXUniversal
-executeMethod
BuildScript.BuildMacOS
-quit
Successfully changed project path to: /Users/stephenalexanderbright/dual-craft-unity
/Users/stephenalexanderbright/dual-craft-unity
[UnityMemory] Configuration Parameters - Can be set up in boot.config
    "memorysetup-temp-allocator-size-gi-baking-worker=262144"
    "memorysetup-temp-allocator-size-gi-baking-worker=262144"
    "memorysetup-temp-allocator-size-gi-baking-worker=262144"
    "memorysetup-temp-allocator-size-gi-baking-worker=262144"
    "memorysetup-temp-allocator-size-gi-baking-worker=262144"
    "memorysetup-temp-allocator-size-nav-mesh-worker=65536"
    "memorysetup-temp-allocator-size-audio-worker=65536"
    "memorysetup-temp-allocator-size-cloud-worker=32768"
    "memorysetup-allocator-temp-initial-block-size-main=262144"
    "memorysetup-allocator-temp-initial-block-size-worker=262144"
    "memorysetup-temp-allocator-size-background-worker=32768"
    "memorysetup-temp-allocator-size-job-worker=262144"
    "memorysetup-temp-allocator-size-preload-manager=33554432"
    "memorysetup-temp-allocator-size-gfx=262144"
    "memorysetup-bucket-allocator-granularity=16"
    "memorysetup-bucket-allocator-bucket-count=8"
    "memorysetup-bucket-allocator-block-size=33554432"
    "memorysetup-bucket-allocator-block-count=8"
    "memorysetup-main-allocator-block-size=16777216"
    "memorysetup-thread-allocator-block-size=16777216"
    "memorysetup-gfx-main-allocator-block-size=16777216"
    "memorysetup-gfx-thread-allocator-block-size=16777216"
    "memorysetup-cache-allocator-block-size=4194304"
    "memorysetup-typetree-allocator-block-size=2097152"
    "memorysetup-profiler-bucket-allocator-granularity=16"
    "memorysetup-profiler-bucket-allocator-bucket-count=8"
    "memorysetup-profiler-bucket-allocator-block-size=33554432"
    "memorysetup-profiler-bucket-allocator-block-count=8"
    "memorysetup-profiler-allocator-block-size=16777216"
    "memorysetup-profiler-editor-allocator-block-size=1048576"
    "memorysetup-temp-allocator-size-main=16777216"
    "memorysetup-job-temp-allocator-block-size=2097152"
    "memorysetup-job-temp-allocator-block-size-background=1048576"
    "memorysetup-job-temp-allocator-reduction-small-platforms=262144"
Player connection [8674980096]  Target information:

Player connection [8674980096]  * "[IP] 172.20.10.14 [Port] 55504 [Flags] 2 [Guid] 2518591265 [EditorId] 2518591265 [Version] 1048832 [Id] OSXEditor(0,Stephens-MacBook-Air.local) [Debug] 1 [PackageName] OSXEditor [ProjectName] Editor" 

Player connection [8674980096]  * "[IP] 100.89.49.62 [Port] 55504 [Flags] 2 [Guid] 2518591265 [EditorId] 2518591265 [Version] 1048832 [Id] OSXEditor(0,Stephens-MacBook-Air.local) [Debug] 1 [PackageName] OSXEditor [ProjectName] Editor" 

Player connection [8674980096] Host joined multi-casting on [225.0.0.222:54997]...
Player connection [8674980096] Host joined alternative multi-casting on [225.0.0.222:34997]...
Input System module state changed to: Initialized.
[Physics::Module] Initialized fallback backend.
[Physics::Module] Id: 0xdecafbad
[Licensing::Client] Error: HandshakeResponse reported an error:
	ResponseCode: 505
	ResponseStatus: Unsupported protocol version '1.18.1'.
[Licensing::Module] Error: Failed to handshake to channel: "LicenseClient-stephenalexanderbright"
[Licensing::IpcConnector] LicenseClient-stephenalexanderbright channel disconnected successfully.
[Licensing::IpcConnector] Channel LicenseClient-stephenalexanderbright-6000.4.2 doesn't exist
Launching external process: /Applications/Unity/Hub/Editor/6000.4.2f1/Unity.app/Contents/Helpers/UnityLicensingClient.app/Contents/MacOS/Unity.Licensing.Client
[Licensing::Module] Successfully launched the LicensingClient (PId: 85545)
[Package Manager] Connected to IPC stream "Upm-85543" after 0.3 seconds.
[Licensing::Module] Licensing is not yet initialized.
[Licensing::IpcConnector] Successfully connected to: "LicenseClient-stephenalexanderbright-6000.4.2" at "2026-04-15T18:50:24.022539Z"
[Licensing::Client] Handshaking with LicensingClient:
  Version:                 1.18.1+9fbee8e
  Session Id:              674ccc48a8664849a32f34e317d2d58e
  Correlation Id:          b5f3d729a3ba131a950efae6d5cb99f9
  External correlation Id: 2028462906610105730
  Machine Id:              NMh9wrNzvw1LGDYUx05UjAIx/2A=
[Licensing::Module] Successfully connected to LicensingClient on channel: "LicenseClient-stephenalexanderbright-6000.4.2" (connect: 0.39s, validation: 0.03s, handshake: 0.21s)
[Licensing::IpcConnector] Successfully connected to: "LicenseClient-stephenalexanderbright-6000.4.2-notifications" at "2026-04-15T18:50:24.254179Z"
[Licensing::Module] Connected to LicensingClient (PId: 85545, launch time: 0.00, total connection time: 0.62s)
[Licensing::Module] Error: Access token is unavailable; failed to update
[Licensing::Client] Successfully resolved entitlement details
[Licensing::Module] License group:
  Id: 2475966887328-UnityPersXXXX
  Product: Unity Personal
  Type: Assigned
  Expiration: Unlimited
[Licensing::Client] Successfully updated license, isAsync: True, time: 0.00
[Licensing::Client] Successfully resolved entitlement details
[Licensing::Module] Licensing Background thread has ended after 0.88s
[Licensing::Module] Licensing is initialized (took 0.53s).
[Licensing::Client] Successfully resolved entitlement details
Library Redirect Path: Library/
[Physics::Module] Selected backend.
[Physics::Module] Name: PhysX
[Physics::Module] Id: 0xf2b8ea05
[Physics::Module] SDK Version: 4.1.2
[Physics::Module] Integration Version: 1.0.0
[Physics::Module] Threading Mode: Multi-Threaded
Artifact Garbage Collection - Removed 2 unused hashed content files
Targeting platform: OSXUniversal
Initialize engine version: 6000.4.2f1 (7a4c1aeef971)
[Subsystems] Discovering subsystems at path /Applications/Unity/Hub/Editor/6000.4.2f1/Unity.app/Contents/Resources/UnitySubsystems
[Subsystems] Discovering subsystems at path /Users/stephenalexanderbright/dual-craft-unity/Assets
Forcing GfxDevice: Null
GfxDevice: creating device client; kGfxThreadingModeNonThreaded
NullGfxDevice:
    Version:  NULL 1.0 [1.0]
    Renderer: Null Device
    Vendor:   Unity Technologies
Initialize mono
Mono path[0] = '/Applications/Unity/Hub/Editor/6000.4.2f1/Unity.app/Contents/Resources/Scripting/Managed'
Mono path[1] = '/Applications/Unity/Hub/Editor/6000.4.2f1/Unity.app/Contents/Resources/Scripting/MonoBleedingEdge/lib/mono/unityjit-macos'
Mono config path = '/Applications/Unity/Hub/Editor/6000.4.2f1/Unity.app/Contents/Resources/Scripting/MonoBleedingEdge/etc'
Using monoOptions --debugger-agent=transport=dt_socket,embedding=1,server=y,suspend=n,address=127.0.0.1:56543
CodeReloadManager initialized
Using cacheserver namespaces - metadata:defaultmetadata, artifacts:defaultartifacts
Using cacheserver namespaces - metadata:defaultmetadata, artifacts:defaultartifacts
ImportWorker Server TCP listen port: 0
AcceleratorClientConnectionCallback - disconnected - :0
Begin MonoManager ReloadAssembly
Registering precompiled unity dll's ...
Register platform support module: /Applications/Unity/Hub/Editor/6000.4.2f1/PlaybackEngines/WebGLSupport/UnityEditor.WebGL.Extensions.dll
Register platform support module: /Applications/Unity/Hub/Editor/6000.4.2f1/Unity.app/Contents/PlaybackEngines/MacStandaloneSupport/UnityEditor.OSXStandalone.Extensions.dll
Registered in 0.001300 seconds.
Native extension for OSXStandalone target not found
Native extension for WebGL target not found
Package Manager log level set to [2]
ScheduleIndexationOnStartup MainProcess:False IndexOnStartup:True
Mono: successfully reloaded assembly
- Finished resetting the current domain, in  0.193 seconds
Domain Reload Profiling: 484ms
	BeginReloadAssembly (107ms)
		CreateAndSetChildDomain (14ms)
	RebuildCommonClasses (30ms)
	RebuildNativeTypeToScriptingClass (7ms)
	initialDomainReloadingComplete (29ms)
	LoadAllAssembliesAndSetupDomain (116ms)
		LoadAssemblies (94ms)
		AnalyzeDomain (109ms)
			TypeCache.Refresh (108ms)
				TypeCache.ScanAssembly (98ms)
	FinalizeReload (194ms)
		SetupLoadedEditorAssemblies (0ms)
			InitializePlatformSupportModulesInManaged (24ms)
			BeforeProcessingInitializeOnLoad (39ms)
			ProcessInitializeOnLoadAttributes (50ms)
			ProcessInitializeOnLoadMethodAttributes (49ms)
[Licensing::Client] Successfully resolved entitlement details
Application.AssetDatabase Initial Refresh Start
[Package Manager] Restoring resolved packages state from cache
[Licensing::Client] Successfully resolved entitlement details
[Package Manager] Registered 40 packages:
  Packages from [https://packages.unity.com]:
    com.unity.collab-proxy@2.5.1 (location: /Users/stephenalexanderbright/dual-craft-unity/Library/PackageCache/com.unity.collab-proxy@c810163b1645)
    com.unity.inputsystem@1.11.2 (location: /Users/stephenalexanderbright/dual-craft-unity/Library/PackageCache/com.unity.inputsystem@3c4a97c3950f)
    com.unity.services.lobby@1.2.2 (location: /Users/stephenalexanderbright/dual-craft-unity/Library/PackageCache/com.unity.services.lobby@2721246c56b9)
    com.unity.services.relay@1.1.1 (location: /Users/stephenalexanderbright/dual-craft-unity/Library/PackageCache/com.unity.services.relay@8184f21eb2dd)
    com.unity.timeline@1.8.7 (location: /Users/stephenalexanderbright/dual-craft-unity/Library/PackageCache/com.unity.timeline@c58b4ee65782)
    com.unity.transport@2.4.0 (location: /Users/stephenalexanderbright/dual-craft-unity/Library/PackageCache/com.unity.transport@c6e877f31661)
    com.unity.burst@1.8.29 (location: /Users/stephenalexanderbright/dual-craft-unity/Library/PackageCache/com.unity.burst@6bb9aca3ef38)
    com.unity.mathematics@1.3.3 (location: /Users/stephenalexanderbright/dual-craft-unity/Library/PackageCache/com.unity.mathematics@19a9377c4ffa)
    com.unity.services.qos@1.4.1 (location: /Users/stephenalexanderbright/dual-craft-unity/Library/PackageCache/com.unity.services.qos@03d4b52d4980)
    com.unity.services.core@1.16.0 (location: /Users/stephenalexanderbright/dual-craft-unity/Library/PackageCache/com.unity.services.core@8ba50f624741)
    com.unity.nuget.newtonsoft-json@3.2.2 (location: /Users/stephenalexanderbright/dual-craft-unity/Library/PackageCache/com.unity.nuget.newtonsoft-json@4dfd81071c64)
    com.unity.services.authentication@3.6.1 (location: /Users/stephenalexanderbright/dual-craft-unity/Library/PackageCache/com.unity.services.authentication@1cdc3224fb13)
    com.unity.services.wire@1.4.2 (location: /Users/stephenalexanderbright/dual-craft-unity/Library/PackageCache/com.unity.services.wire@3619c710c17e)
    com.unity.nuget.mono-cecil@1.11.6 (location: /Users/stephenalexanderbright/dual-craft-unity/Library/PackageCache/com.unity.nuget.mono-cecil@ecb9724e46ff)
    com.unity.test-framework.performance@3.4.0 (location: /Users/stephenalexanderbright/dual-craft-unity/Library/PackageCache/com.unity.test-framework.performance@aa81a99c4a75)
  Built-in packages:
    com.unity.2d.sprite@1.0.0 (location: /Users/stephenalexanderbright/dual-craft-unity/Library/PackageCache/com.unity.2d.sprite@929df5adbb1f)
    com.unity.textmeshpro@5.0.0 (location: /Users/stephenalexanderbright/dual-craft-unity/Library/PackageCache/com.unity.textmeshpro@53f43edfd2e0)
    com.unity.ugui@2.0.0 (location: /Users/stephenalexanderbright/dual-craft-unity/Library/PackageCache/com.unity.ugui@d8a2716f3013)
    com.unity.modules.animation@1.0.0 (location: /Users/stephenalexanderbright/dual-craft-unity/Library/PackageCache/com.unity.modules.animation)
    com.unity.modules.audio@1.0.0 (location: /Users/stephenalexanderbright/dual-craft-unity/Library/PackageCache/com.unity.modules.audio)
    com.unity.modules.imageconversion@1.0.0 (location: /Users/stephenalexanderbright/dual-craft-unity/Library/PackageCache/com.unity.modules.imageconversion)
    com.unity.modules.jsonserialize@1.0.0 (location: /Users/stephenalexanderbright/dual-craft-unity/Library/PackageCache/com.unity.modules.jsonserialize)
    com.unity.modules.particlesystem@1.0.0 (location: /Users/stephenalexanderbright/dual-craft-unity/Library/PackageCache/com.unity.modules.particlesystem)
    com.unity.modules.physics@1.0.0 (location: /Users/stephenalexanderbright/dual-craft-unity/Library/PackageCache/com.unity.modules.physics)
    com.unity.modules.physics2d@1.0.0 (location: /Users/stephenalexanderbright/dual-craft-unity/Library/PackageCache/com.unity.modules.physics2d)
    com.unity.modules.ui@1.0.0 (location: /Users/stephenalexanderbright/dual-craft-unity/Library/PackageCache/com.unity.modules.ui)
    com.unity.modules.uielements@1.0.0 (location: /Users/stephenalexanderbright/dual-craft-unity/Library/PackageCache/com.unity.modules.uielements)
    com.unity.modules.imgui@1.0.0 (location: /Users/stephenalexanderbright/dual-craft-unity/Library/PackageCache/com.unity.modules.imgui)
    com.unity.modules.hierarchycore@1.0.0 (location: /Users/stephenalexanderbright/dual-craft-unity/Library/PackageCache/com.unity.modules.hierarchycore)
    com.unity.collections@6.4.0 (location: /Users/stephenalexanderbright/dual-craft-unity/Library/PackageCache/com.unity.collections@05d86f76b771)
    com.unity.modules.director@1.0.0 (location: /Users/stephenalexanderbright/dual-craft-unity/Library/PackageCache/com.unity.modules.director)
    com.unity.modules.unitywebrequest@1.0.0 (location: /Users/stephenalexanderbright/dual-craft-unity/Library/PackageCache/com.unity.modules.unitywebrequest)
    com.unity.modules.unitywebrequestwww@1.0.0 (location: /Users/stephenalexanderbright/dual-craft-unity/Library/PackageCache/com.unity.modules.unitywebrequestwww)
    com.unity.modules.unitywebrequestaudio@1.0.0 (location: /Users/stephenalexanderbright/dual-craft-unity/Library/PackageCache/com.unity.modules.unitywebrequestaudio)
    com.unity.modules.unitywebrequesttexture@1.0.0 (location: /Users/stephenalexanderbright/dual-craft-unity/Library/PackageCache/com.unity.modules.unitywebrequesttexture)
    com.unity.modules.unitywebrequestassetbundle@1.0.0 (location: /Users/stephenalexanderbright/dual-craft-unity/Library/PackageCache/com.unity.modules.unitywebrequestassetbundle)
    com.unity.modules.androidjni@1.0.0 (location: /Users/stephenalexanderbright/dual-craft-unity/Library/PackageCache/com.unity.modules.androidjni)
    com.unity.test-framework@1.6.0 (location: /Users/stephenalexanderbright/dual-craft-unity/Library/PackageCache/com.unity.test-framework@76560ee600cb)
    com.unity.modules.assetbundle@1.0.0 (location: /Users/stephenalexanderbright/dual-craft-unity/Library/PackageCache/com.unity.modules.assetbundle)
    com.unity.ext.nunit@2.0.5 (location: /Users/stephenalexanderbright/dual-craft-unity/Library/PackageCache/com.unity.ext.nunit@d8c07649098d)
[Package Manager] com.unity.services.lobby is deprecated: The Lobby package is deprecated and will not receive further updates. The SDK is now part of the unified Multiplayer Services package (com.unity.services.multiplayer). Migrate to that package to access ongoing support and improvements.
[Package Manager] com.unity.services.relay is deprecated: The Relay package is deprecated and will not receive further updates. The SDK is now part of the unified Multiplayer Services package (com.unity.services.multiplayer). Migrate to that package to access ongoing support and improvements.
[Package Manager] com.unity.textmeshpro is deprecated: This package is no longer supported. TextMeshPro functionalities are now included in the com.unity.ugui package. To continue using them, consider adding it to your project dependencies.
[Subsystems] No new subsystems found in resolved package list.
[Package Manager] Done registering packages in 0.01 seconds
info: Microsoft.Hosting.Lifetime[14]
      Now listening on: http://unix:/tmp/ilpp.sock-405f37d1dbcea3ea213a7fbab07ea450
info: Microsoft.Hosting.Lifetime[0]
      Application started. Press Ctrl+C to shut down.
info: Microsoft.Hosting.Lifetime[0]
      Hosting environment: Production
info: Microsoft.Hosting.Lifetime[0]
      Content root path: /Users/stephenalexanderbright/dual-craft-unity
info: Microsoft.AspNetCore.Hosting.Diagnostics[1]
      Request starting HTTP/2 POST http://ilpp/UnityILPP.PostProcessing/Ping - application/grpc -
info: Microsoft.AspNetCore.Routing.EndpointMiddleware[0]
      Executing endpoint 'gRPC - /UnityILPP.PostProcessing/Ping'
info: Microsoft.AspNetCore.Routing.EndpointMiddleware[1]
      Executed endpoint 'gRPC - /UnityILPP.PostProcessing/Ping'
info: Microsoft.AspNetCore.Hosting.Diagnostics[2]
      Request finished HTTP/2 POST http://ilpp/UnityILPP.PostProcessing/Ping - 200 - application/grpc 23.6612ms
Starting: /Applications/Unity/Hub/Editor/6000.4.2f1/Unity.app/Contents/Resources/BuildPipeline/bee_backend --ipc --defer-dag-verification --dagfile="Library/Bee/200b0aE.dag" --continue-on-failure --profile="Library/Bee/backend1.traceevents" ScriptAssemblies
WorkingDir: /Users/stephenalexanderbright/dual-craft-unity
DisplayProgressbar: Compiling Scripts
info: Microsoft.AspNetCore.Hosting.Diagnostics[1]
      Request starting HTTP/2 POST http://ilpp/UnityILPP.PostProcessing/ConfigurePostProcessors - application/grpc -
info: Microsoft.AspNetCore.Routing.EndpointMiddleware[0]
      Executing endpoint 'gRPC - /UnityILPP.PostProcessing/ConfigurePostProcessors'
info: Unity.ILPP.Runner.PostProcessingAssemblyLoadContext[0]
      Resolved Unity.Burst.Cecil, Version=0.11.6.0, Culture=neutral, PublicKeyToken=50cebf1cceb9d05e with Library/PackageCache/com.unity.burst@6bb9aca3ef38/Unity.Burst.CodeGen/Unity.Burst.Cecil.dll
info: Unity.ILPP.Runner.PostProcessingAssemblyLoadContext[0]
      Resolved Mono.Cecil, Version=0.11.5.0, Culture=neutral, PublicKeyToken=50cebf1cceb9d05e with Library/PackageCache/com.unity.nuget.mono-cecil@ecb9724e46ff/Mono.Cecil.dll
info: Microsoft.AspNetCore.Routing.EndpointMiddleware[1]
      Executed endpoint 'gRPC - /UnityILPP.PostProcessing/ConfigurePostProcessors'
info: Microsoft.AspNetCore.Hosting.Diagnostics[2]
      Request finished HTTP/2 POST http://ilpp/UnityILPP.PostProcessing/ConfigurePostProcessors - 200 - application/grpc 12.7285ms
ExitCode: 0 Duration: 0s213ms
[531/688    0s] ILPP-Configuration Library/ilpp-configuration.nevergeneratedoutput
*** Tundra build success (0.20 seconds), 1 items updated, 688 evaluated
AssetDatabase: script compilation time: 0.734511s
Begin MonoManager ReloadAssembly
Total cache size 98839532
Total cache size after purge 98839532, took 00:00:00.0755756
Assembly Assembly-CSharp-Editor-firstpass.dll at Library/ScriptAssemblies/Assembly-CSharp-Editor-firstpass.dll not valid. Loading of assembly skipped.
Assembly Assembly-CSharp-Editor.dll at Library/ScriptAssemblies/Assembly-CSharp-Editor.dll not valid. Loading of assembly skipped.
Assembly Assembly-CSharp-firstpass.dll at Library/ScriptAssemblies/Assembly-CSharp-firstpass.dll not valid. Loading of assembly skipped.
Assembly Assembly-CSharp.dll at Library/ScriptAssemblies/Assembly-CSharp.dll not valid. Loading of assembly skipped.
Assembly DocCodeExamples.dll at Library/ScriptAssemblies/DocCodeExamples.dll not valid. Loading of assembly skipped.
Assembly TestNewCustomAssembly.dll at Library/ScriptAssemblies/TestNewCustomAssembly.dll not valid. Loading of assembly skipped.
Assembly Unity.2D.Sprite.Package.EditorTests.dll at Library/ScriptAssemblies/Unity.2D.Sprite.Package.EditorTests.dll not valid. Loading of assembly skipped.
Assembly Unity.Collections.BurstCompatibilityGen.dll at Library/ScriptAssemblies/Unity.Collections.BurstCompatibilityGen.dll not valid. Loading of assembly skipped.
Assembly Unity.Collections.DocCodeSamples.dll at Library/ScriptAssemblies/Unity.Collections.DocCodeSamples.dll not valid. Loading of assembly skipped.
Assembly Unity.Collections.PerformanceTests.dll at Library/ScriptAssemblies/Unity.Collections.PerformanceTests.dll not valid. Loading of assembly skipped.
Assembly Unity.Collections.Tests.dll at Library/ScriptAssemblies/Unity.Collections.Tests.dll not valid. Loading of assembly skipped.
Assembly Unity.Collections.Tests.Playmode.dll at Library/ScriptAssemblies/Unity.Collections.Tests.Playmode.dll not valid. Loading of assembly skipped.
Assembly Unity.InputSystem.IntegrationTests.dll at Library/ScriptAssemblies/Unity.InputSystem.IntegrationTests.dll not valid. Loading of assembly skipped.
Assembly Unity.Mathematics.Tests.dll at Library/ScriptAssemblies/Unity.Mathematics.Tests.dll not valid. Loading of assembly skipped.
Assembly Unity.Nuget.Mono-Cecil.dll at Library/ScriptAssemblies/Unity.Nuget.Mono-Cecil.dll not valid. Loading of assembly skipped.
Assembly Unity.Services.Authentication.PlayerAccounts.EditorTests.dll at Library/ScriptAssemblies/Unity.Services.Authentication.PlayerAccounts.EditorTests.dll not valid. Loading of assembly skipped.
Assembly Unity.Services.Authentication.PlayerAccounts.Tests.dll at Library/ScriptAssemblies/Unity.Services.Authentication.PlayerAccounts.Tests.dll not valid. Loading of assembly skipped.
Assembly Unity.Services.Authentication.Server.dll at Library/ScriptAssemblies/Unity.Services.Authentication.Server.dll not valid. Loading of assembly skipped.
Assembly Unity.Services.Authentication.Server.Tests.dll at Library/ScriptAssemblies/Unity.Services.Authentication.Server.Tests.dll not valid. Loading of assembly skipped.
Assembly Unity.TextMeshPro.Editor.Tests.dll at Library/ScriptAssemblies/Unity.TextMeshPro.Editor.Tests.dll not valid. Loading of assembly skipped.
Assembly Unity.TextMeshPro.Tests.dll at Library/ScriptAssemblies/Unity.TextMeshPro.Tests.dll not valid. Loading of assembly skipped.
Assembly UnityEditor.UI.Common.Tests.dll at Library/ScriptAssemblies/UnityEditor.UI.Common.Tests.dll not valid. Loading of assembly skipped.
Assembly UnityEditor.UI.EditorTests.dll at Library/ScriptAssemblies/UnityEditor.UI.EditorTests.dll not valid. Loading of assembly skipped.
Assembly UnityEngine.UI.Tests.dll at Library/ScriptAssemblies/UnityEngine.UI.Tests.dll not valid. Loading of assembly skipped.
Symbol file LoadedFromMemory is not a mono symbol file
Refreshing native plugins compatible for Editor in 5.11 ms, found 1 plugins.
Native extension for OSXStandalone target not found
Native extension for WebGL target not found
ScheduleIndexationOnStartup MainProcess:True IndexOnStartup:True
Mono: successfully reloaded assembly
- Finished resetting the current domain, in  1.237 seconds
Domain Reload Profiling: 1599ms
	BeginReloadAssembly (93ms)
		DisableScriptedObjects (8ms)
		CreateAndSetChildDomain (34ms)
	RebuildCommonClasses (19ms)
	RebuildNativeTypeToScriptingClass (7ms)
	initialDomainReloadingComplete (41ms)
	LoadAllAssembliesAndSetupDomain (201ms)
		LoadAssemblies (147ms)
		AnalyzeDomain (82ms)
			TypeCache.Refresh (68ms)
				TypeCache.ScanAssembly (59ms)
			BuildScriptInfoCaches (11ms)
	FinalizeReload (1237ms)
		SetupLoadedEditorAssemblies (0ms)
			InitializePlatformSupportModulesInManaged (10ms)
			BeforeProcessingInitializeOnLoad (59ms)
			ProcessInitializeOnLoadAttributes (1055ms)
			ProcessInitializeOnLoadMethodAttributes (33ms)
		AwakeInstancesAfterBackupRestoration (7ms)
Start importing Assets/Resources/CardArt/d-air-7.png using Guid(10b8fba013de04dfbacf35e13070e9e5) (TextureImporter) -> (Import Result ID: '7b8024add585eddff00489077af9dd71') in 0.093447916 seconds [static and dynamic dependencies]. Details - ImportResultOutputID=fef1dc6570e8a35de2768a46e8249e32 DependenciesID=c8db487bbc3466b7f8f5612167ba47a9 StaticDependenciesID=7d7e0bfcd2a11635fd4fc638521650f5 
Start importing Assets/Resources/CardArt/d-light-1.png using Guid(70b3f7870a1fc445ba22dce0580022fe) (TextureImporter) -> (Import Result ID: '4c9f30f5d106a9743a25666951aab550') in 0.028679625 seconds [static and dynamic dependencies]. Details - ImportResultOutputID=c127687ebc849d56d979e1a5de491728 DependenciesID=2ae7018b121e7856361a459256b527fc StaticDependenciesID=11700d384490003ecec28e81f38fc980 
Start importing Assets/Resources/CardArt/d-water-7.png using Guid(704cc2912a5aa48c7bd4c0299b57b33a) (TextureImporter) -> (Import Result ID: '9c3669d8cf3b3722aad132a623d079d9') in 0.050090125 seconds [static and dynamic dependencies]. Details - ImportResultOutputID=3fbba66811faaf6d3856807332adcc21 DependenciesID=d3c58c1296785bbac36b565fb2e309ed StaticDependenciesID=65f92b2ff0a456957db9ccc429428abb 
Start importing Assets/Resources/UI/deckbuilder-bg.png using Guid(9007aa8444d014380a7c18e33f05621a) (TextureImporter) -> (Import Result ID: 'aec1ff7b8ccf64f8c7893a89dc60700c') in 0.04663075 seconds [static and dynamic dependencies]. Details - ImportResultOutputID=d95c293bffd11300d6cbaa082c84dc51 DependenciesID=aa075dbab713141f7a6954d79077fd09 StaticDependenciesID=ed84d1b6dc01be63ec1ce35bce2cfa13 
Start importing Assets/Resources/CardArt/d-earth-3.png using Guid(a0037d8888a2d4e0c83ad6683ede4fb9) (TextureImporter) -> (Import Result ID: '2e855ad9203715239da00889a161b57c') in 0.027525292 seconds [static and dynamic dependencies]. Details - ImportResultOutputID=849f1d133b019d909ea9f37c3ad5d9a8 DependenciesID=a8e29ad8433f5aaa8a68538c2d69f005 StaticDependenciesID=63d70d8c0fa8225b91bc35a751a25878 
Start importing Assets/Resources/UI/btn-red.png using Guid(b090ea46e1a8e4cffa4f30816963f0c3) (TextureImporter) -> (Import Result ID: '8738320c086f1b560f8ce2cdc9e47d39') in 0.034685083 seconds [static and dynamic dependencies]. Details - ImportResultOutputID=e7aa59bf629b0291bae413ba4afa988f DependenciesID=ae5ec4861aac6b268932b2efaddbe5c0 StaticDependenciesID=2940b2975e969373cce6b0a47e30c576 
Start importing Assets/Resources/CardArt/d-ice-7.png using Guid(b0aa1b2b4c87b4a649677d685ae23ead) (TextureImporter) -> (Import Result ID: 'fb00c121eb8e5f4b620af45be20ce9d6') in 0.025267875 seconds [static and dynamic dependencies]. Details - ImportResultOutputID=98b2f1f08dddfe1eb27503e5a0e8bf22 DependenciesID=2a168514b7b843a74ba03a4e36a6ae85 StaticDependenciesID=392dae01049b4e4807e93fa4bbc14ba0 
Start importing Assets/Resources/CardArt/p-undead-1.png using Guid(c0cbdda160f0b4942b61bc8da6880b52) (TextureImporter) -> (Import Result ID: 'af8f5a9a9515c551a4d8099df07a3dd6') in 0.025456084 seconds [static and dynamic dependencies]. Details - ImportResultOutputID=d0ad05583534378c1f11a9c17d6e9180 DependenciesID=dec796233f2b498499c2528dc65a0a33 StaticDependenciesID=ba15abb79d0a749dd723037e6413bd52 
Start importing Assets/Resources/CardArt/p-machine-2.png using Guid(d08fb0b832b034086a156053e67db535) (TextureImporter) -> (Import Result ID: '8c1c941c33fd170b09042a80f7a1d1e5') in 0.043452833 seconds [static and dynamic dependencies]. Details - ImportResultOutputID=f89ae06889cb75ffdd44d47df347837e DependenciesID=645d3619b8446e51e9a9d617b6e2f83d StaticDependenciesID=d2decb531f8ac5b32eec982e78eeb6ae 
Start importing Assets/Resources/CardArt/disp-6.png using Guid(01ea4120deeed46b5a16bb0eb32fe085) (TextureImporter) -> (Import Result ID: '2876b72660bfbc2ee4f70435b861a410') in 0.028332208 seconds [static and dynamic dependencies]. Details - ImportResultOutputID=a2b51645261f27295f5b23351ea16562 DependenciesID=3f9ef4d763bb02e2fdbb4d084a2221ed StaticDependenciesID=bd24b4e5e50e0cb7f8dd0a0187bdbb4c 
Start importing Assets/Resources/CardArt/d-light-7.png using Guid(11f512c898d0c474eaf7d4a899dbb3f5) (TextureImporter) -> (Import Result ID: '92bb749d55afa48d58c38310f8b63f13') in 0.024591375 seconds [static and dynamic dependencies]. Details - ImportResultOutputID=f73a1f658b34ac5dbc358b3345fec68e DependenciesID=81c49d1a5f51221c2b8d93a6bf63a390 StaticDependenciesID=e6b43a630fc9bb65732b39b5d46529df 
Start importing Assets/Resources/CardArt/d-fox-grey.png using Guid(319ece6b9562f4c28beddc542cee9558) (TextureImporter) -> (Import Result ID: '688f741ad588b6030ca58abd44f38125') in 0.024178833 seconds [static and dynamic dependencies]. Details - ImportResultOutputID=4fa372709e80fc57397ab33a8864c1a6 DependenciesID=775687fac70b6982353e8be2c47a62d3 StaticDependenciesID=b4b1d830ebd99470c17344f2f5d2c0ae 
Start importing Assets/Resources/CardArt/m-1.png using Guid(41a13ecbc312e4e379800e7b09120b0f) (TextureImporter) -> (Import Result ID: 'b3104a0f2678334222e98a23c9f54d7d') in 0.025369292 seconds [static and dynamic dependencies]. Details - ImportResultOutputID=eef70ba88c3c038b20c67dbb8d23e252 DependenciesID=ae9bd1ebc58f5f06a1519931febb6809 StaticDependenciesID=6c91b6e566dedbda506229a0d38d33e0 
Start importing Assets/Resources/UI/icon-heart.png using Guid(41f42ad68af6644dcb31253113d57538) (TextureImporter) -> (Import Result ID: '4f46f72c46f25b9ac8ec9a74325c4bf5') in 0.035297541 seconds [static and dynamic dependencies]. Details - ImportResultOutputID=191ec9f97792b4d2a616bf5d7f534962 DependenciesID=6b9a0dfd79f2114fe0c3798fc083565e StaticDependenciesID=4954d0d0c274b4a9582df0104e55c85e 
Start importing Assets/Resources/CardArt/d-ice-2.png using Guid(61e0e178be591479d8b41077512b2106) (TextureImporter) -> (Import Result ID: '037ee4aa68b49b483330737f3862ec75') in 0.024478166 seconds [static and dynamic dependencies]. Details - ImportResultOutputID=c7f24bb94bc10ece922e278f9564372f DependenciesID=14d9da7c42e9bfe2636de7e23ae65388 StaticDependenciesID=97e9e46877a64a9f03e18c0ca6c7b808 
Start importing Assets/Resources/CardArt/d-water-3.png using Guid(71828118eeb3e498cb74a5f36de92583) (TextureImporter) -> (Import Result ID: 'fc113331156b155260463ed1da1b94b3') in 0.03044875 seconds [static and dynamic dependencies]. Details - ImportResultOutputID=acd150720c07bc9f7f37d126f2ffd298 DependenciesID=a55669ae7b86da80b95b73f1e320793b StaticDependenciesID=17a45d4217c08735d6c6b4e451f04a0d 
Start importing Assets/Resources/CardArt/p-earth-1.png using Guid(8141134969bb04eec9195da340fe496f) (TextureImporter) -> (Import Result ID: '01ad5e1754a725301f45724f61e8a5ee') in 0.029068541 seconds [static and dynamic dependencies]. Details - ImportResultOutputID=7f35648c3dae0a386273b0adf9563e27 DependenciesID=6a621eebc91b3b8c753f1b882da06d9c StaticDependenciesID=e6e7473d0d52ff64e02ca7679db8c883 
Start importing Assets/Resources/CardArt/p-spirit-2.png using Guid(812ca4e1e85c8479597f47fddb539809) (TextureImporter) -> (Import Result ID: '601c0996b8c8e35231c386609c100619') in 0.112692375 seconds [static and dynamic dependencies]. Details - ImportResultOutputID=18d341ae2c57a3394d11c5ac73eeb699 DependenciesID=3c4d81465704cfe88d926d74828332a4 StaticDependenciesID=542d916aaa33cc1c1d59b3e10e0fec4c 
Start importing Assets/Resources/CardArt/disp-5.png using Guid(810d202188d7641f288159e76a8d15f7) (TextureImporter) -> (Import Result ID: '90d603ff529c8c406d852e409621e775') in 0.028296625 seconds [static and dynamic dependencies]. Details - ImportResultOutputID=803815735b50314ea926d8ea64ab2023 DependenciesID=d7a4ffc87da9d25ba4a8471577f1f00d StaticDependenciesID=479cdb9423c1195bc9f2a678dc571beb 
Start importing Assets/Resources/CardArt/f-7.png using Guid(91eaeac95c325457ca953504108b4aef) (TextureImporter) -> (Import Result ID: 'f400a1a08acafb665c5c135557a65f21') in 0.024576959 seconds [static and dynamic dependencies]. Details - ImportResultOutputID=f2e0f546e5045e29207279dab6a274f8 DependenciesID=cdcb3f5f0d4207ef782254d13a92800a StaticDependenciesID=ce371a2ad6192a1e21742832b90bd806 
Start importing Assets/Resources/CardArt/p-elemental-1.png using Guid(917d141e0475b45e7914e36e18fc7ac7) (TextureImporter) -> (Import Result ID: 'c06405a957b6c9d54d2b48451ca27f48') in 0.027290042 seconds [static and dynamic dependencies]. Details - ImportResultOutputID=fd8d411e16df48167d45b641d310cd1e DependenciesID=ba7f83675bc6366a9bae68832a8e52a3 StaticDependenciesID=e8babfda0f9940963e5f687592bd880b 
Start importing Assets/Resources/CardArt/d-earth-6.png using Guid(a12fef7a9449248c789044e0d3f9987f) (TextureImporter) -> (Import Result ID: '7e683a07ec15fdaf70bb0c3ff3dbdbad') in 0.025360333 seconds [static and dynamic dependencies]. Details - ImportResultOutputID=fc572349099ef3b08b3e01acde97286a DependenciesID=fce01e9b220b5625ee6cb0f2125121ef StaticDependenciesID=eb07b02046438016f0927118c3128eed 
Start importing Assets/Resources/CardArt/d-nature-7.png using Guid(d16a875d5b2de40c7b696ee21e0cf0df) (TextureImporter) -> (Import Result ID: '4e1976f8204d6ecdcd16e657d5580c96') in 0.026028125 seconds [static and dynamic dependencies]. Details - ImportResultOutputID=064dfaf6f59a9c0cb282b9718bc13a97 DependenciesID=7ccbc093a8f7355afb7ef5c171a0ce31 StaticDependenciesID=86d8489bf8d2ba6742d542f838d6ac11 
Start importing Assets/Resources/CardArt/p-spirit-1.png using Guid(026bfec46a8784faca9e4d564fa3b203) (TextureImporter) -> (Import Result ID: 'b19c18d1f127c044903f8249f7522256') in 0.026427834 seconds [static and dynamic dependencies]. Details - ImportResultOutputID=6bc26f7f963b22ed71e5996ca40f72b1 DependenciesID=a6e8bd3575f7ca9fb96f097f7f23ae61 StaticDependenciesID=6a90e550edb4b8d2d5e07f31ef62ea9c 
Start importing Assets/Resources/UI/frame-spell.png using Guid(42126c459eff54278baa4cc68be47cf0) (TextureImporter) -> (Import Result ID: 'a82bebe42c800402e213ba496c90d35d') in 0.021784458 seconds [static and dynamic dependencies]. Details - ImportResultOutputID=9c70cfdb179e3d086d2fd470f0b4b95a DependenciesID=6a6e2b9b01226b4cecd3b991185237e0 StaticDependenciesID=b985af33b2472a42376aa27c313b5beb 
Start importing Assets/Resources/UI/packopen-bg.png using Guid(4237b58f3c56142f2851b186a30257d8) (TextureImporter) -> (Import Result ID: '435c05199b5a632d91fbe3ea8f6a2691') in 0.040225208 seconds [static and dynamic dependencies]. Details - ImportResultOutputID=15ca9e7c36ce412f7ac2f3b430e7615a DependenciesID=c55361bf5b61107d388a5bcf879bb956 StaticDependenciesID=2af262bb2cf01316ee556032fbb7c022 
Start importing Assets/Resources/UI/menu-bg.png using Guid(42eec077281084ea68b72618d7176e34) (TextureImporter) -> (Import Result ID: 'fe440dcbb008b0a84ba3b76ea776c632') in 0.04623925 seconds [static and dynamic dependencies]. Details - ImportResultOutputID=6f69da67a9f01a170c7a42a77d0d7780 DependenciesID=354340aeb24865706dc707cd22fd2d43 StaticDependenciesID=dc291dd8d0b0669c25a5e9b0291d502d 
Start importing Assets/Resources/CardArt/cj-light.png using Guid(62adc9ed2d5ad4544b5d9f7c9d55c115) (TextureImporter) -> (Import Result ID: 'd176d301e9ac1bd63dbfee3b1be71fea') in 0.036407459 seconds [static and dynamic dependencies]. Details - ImportResultOutputID=f519de2f46de152c38bb404ed45af742 DependenciesID=3933e3b3eb9983679a0339ecd649e654 StaticDependenciesID=3096a92bcf6e2c852d227473f71a353b 
Start importing Assets/Resources/CardArt/d-light-6.png using Guid(7203cd4774d664f4ea9577623683db46) (TextureImporter) -> (Import Result ID: '9786c81af0ec36701bab089067f0c6b0') in 0.02528925 seconds [static and dynamic dependencies]. Details - ImportResultOutputID=30ac249898aac9c072b6be76f4cdf3f8 DependenciesID=b4c385516731fa14d7c818443cc9d6b0 StaticDependenciesID=1684783b1a9588ad4d77fa765703cf60 
Start importing Assets/Resources/CardArt/p-nature-1.png using Guid(92e5912ba9f4e4a15aa96a76d482de7b) (TextureImporter) -> (Import Result ID: '8d6664574b7121bb6857487dac4fbad0') in 0.024974958 seconds [static and dynamic dependencies]. Details - ImportResultOutputID=4699dd1da9b45bd1873aad77683f679b DependenciesID=18929a45c29556bf5d69d0603ad400a0 StaticDependenciesID=6d59fab61ceca48be441496afa35519e 
Start importing Assets/Resources/CardArt/d-flame-6.png using Guid(a23a441c5357b45eca3f9d8c24907dbc) (TextureImporter) -> (Import Result ID: 'f7f9764b6892566c0172b91a4eacca33') in 0.025120042 seconds [static and dynamic dependencies]. Details - ImportResultOutputID=fba15d934171c04a7dd09e48ca3a28b3 DependenciesID=4c91b6866b3a0245aec819ad552ceed0 StaticDependenciesID=f16248c8a65eafde30a30eccc752b899 
Start importing Assets/Resources/CardArt/m-4.png using Guid(c2148a6c7bfb847628454b1e68d60ef4) (TextureImporter) -> (Import Result ID: 'cabbdb32fca339f54c159017b8956ef1') in 0.0252485 seconds [static and dynamic dependencies]. Details - ImportResultOutputID=fa7f8515cdcdda19a1b0edf884466974 DependenciesID=be2bdd73c43b4722de932d7a63c4f03d StaticDependenciesID=45ed7a9cd2121d29cfc023e4b7eae267 
Start importing Assets/Resources/CardArt/d-nature-2.png using Guid(e2f1c94d99d074bd0ae1bc00c9761aa6) (TextureImporter) -> (Import Result ID: 'e09461b94d30b9067c38df0c6f5f701c') in 0.025906583 seconds [static and dynamic dependencies]. Details - ImportResultOutputID=204b86b74ae2040ca03dd57d7e5ce70b DependenciesID=8d5680a938242ce23d8d2bbac6aaed8d StaticDependenciesID=ad39f77c520422c8d7f1f3e6fb29c75a 
Start importing Assets/Resources/CardArt/d-dark-3.png using Guid(f21a8edc1ce48479f958eb9811a835a3) (TextureImporter) -> (Import Result ID: '9cd7c30c662a42efa4c50ac5d494b919') in 0.025320791 seconds [static and dynamic dependencies]. Details - ImportResultOutputID=6b03f3a7d8dec0bfce28b78810354e11 DependenciesID=908c74229edb817da928d7f4ca57c583 StaticDependenciesID=586e71ace4ed01112fb0d7c8a624884a 
Start importing Assets/Resources/UI/deck-panel-bg.png using Guid(031e68419114142539cedfb8b8982380) (TextureImporter) -> (Import Result ID: 'f0ea4b8369568fbfb5cfd613f66c4817') in 0.039247041 seconds [static and dynamic dependencies]. Details - ImportResultOutputID=9784130c30ee44c1c82a79c289719085 DependenciesID=b018d60a2ad91737f35d39bdc68c1945 StaticDependenciesID=654db4a5a1cf913251c8146a3443576c 
Start importing Assets/Resources/CardArt/d-dark-4.png using Guid(43401faee103d48dfad914296f0835e3) (TextureImporter) -> (Import Result ID: '841e2580fea27e01ffadf1a18e6fe5dc') in 0.024607917 seconds [static and dynamic dependencies]. Details - ImportResultOutputID=2a882b09c3580ddc0be99bd60ea949b0 DependenciesID=572ccd424fa0b097cdbf265c5c33a51f StaticDependenciesID=b8e875f7c8bfbc73349b6c86e5962590 
Start importing Assets/Resources/CardArt/d-ice-3.png using Guid(43815f034899f426b9a41dc940ab8949) (TextureImporter) -> (Import Result ID: '5d5e7c1e2e836fa51c82e015e9429b6a') in 0.025584 seconds [static and dynamic dependencies]. Details - ImportResultOutputID=d279ec16fb54e2a723250ddda99e59e8 DependenciesID=d4f350034e8738421a6b55ab84008632 StaticDependenciesID=3dcb66a4e77df368a2a8db66139a426b 
Start importing Assets/Resources/CardArt/p-light-1.png using Guid(53991c3342d1a489ea04a280d06300d9) (TextureImporter) -> (Import Result ID: '4928a74b028e6bf27ae6ed46415e0a6c') in 0.026280792 seconds [static and dynamic dependencies]. Details - ImportResultOutputID=e9ed6013db460b6f6d7926d48feac12f DependenciesID=c211a652c8e37785b965a303fdbc7378 StaticDependenciesID=d27e758517e4cf84ade6f730b086f01a 
Start importing Assets/Resources/UI/collection-bg.png using Guid(839b9904b6b974005919a2d0be344a84) (TextureImporter) -> (Import Result ID: 'cba974790096531cc60b3e72e684aaaa') in 0.039986375 seconds [static and dynamic dependencies]. Details - ImportResultOutputID=2a65657ba879f74430fc286596ba1995 DependenciesID=d522160a00bc321a1607395826185857 StaticDependenciesID=049c1e6af6cd99ff766142f6c0a75780 
Start importing Assets/Resources/CardArt/p-air-1.png using Guid(b3c6777a8d42b4dffb6a908031682958) (TextureImporter) -> (Import Result ID: 'f1cc54040b8d80cb95d44e9f781c598a') in 0.025188833 seconds [static and dynamic dependencies]. Details - ImportResultOutputID=708e6d6956f6715397422aa83da2be4f DependenciesID=cfc25278ccb3cce0ffa7dfbc9b56d1b0 StaticDependenciesID=caa643e7f8d159a4591c4bb39afc5384 
Start importing Assets/Resources/CardArt/cj-flame.png using Guid(f373fa5a60ee344eba63255c3cc8cfa5) (TextureImporter) -> (Import Result ID: 'ccc5b3c33aba18066b3243f0341ce120') in 0.024804625 seconds [static and dynamic dependencies]. Details - ImportResultOutputID=2157bd615d51485c8712a7f59d74a0d7 DependenciesID=3c11668d8409bf13ed0383699325de3e StaticDependenciesID=1b75adf233badd1b76caddb911ea49f7 
Start importing Assets/Resources/CardArt/d-air-4.png using Guid(f305a6860c8a14602abb7e83488c33cf) (TextureImporter) -> (Import Result ID: '5f1b5b073a93aa97309894aecb402a64') in 0.024755583 seconds [static and dynamic dependencies]. Details - ImportResultOutputID=70e8759b9c471cc440a29f16d1c95f71 DependenciesID=574d6672e9ddb3d64cd5be66f0cfe399 StaticDependenciesID=bd083f765359e54a0c8a4b83b2a1072a 
Start importing Assets/Resources/UI/icon-mana.png using Guid(24f6ddffc393642ef8d59634d9d28e87) (TextureImporter) -> (Import Result ID: 'd8843a2bb250b669a619df0d28c0f71e') in 0.040194916 seconds [static and dynamic dependencies]. Details - ImportResultOutputID=e16eb92b19a7ff4a2bac44e3607040af DependenciesID=931a466e3a55bd0bfbd5e4f944faaec3 StaticDependenciesID=be159ae40b39f524e4cc8e282be10c6a 
Start importing Assets/Resources/CardArt/f-1.png using Guid(743eb6b35182e49bf81b16d9800252b2) (TextureImporter) -> (Import Result ID: '7cbc9bb5feaaa853c5daade964282eaa') in 0.022973042 seconds [static and dynamic dependencies]. Details - ImportResultOutputID=430773a54cc7a0df19a0c6e3bd0411d2 DependenciesID=563889fbef8ac2f38673ccb126901e10 StaticDependenciesID=6bb9217b8fdae393749a7c100834d997 
Start importing Assets/Resources/UI/zone-pillar.png using Guid(84349e251486847f7ba051c3c32f5dbf) (TextureImporter) -> (Import Result ID: '84bf6890c43ecd739f590b6e288d98dc') in 0.040182917 seconds [static and dynamic dependencies]. Details - ImportResultOutputID=57458f65f55e61fbd45864ec97fc56af DependenciesID=033e8e5c25e8e7bfe99f7005edaa970d StaticDependenciesID=a56228d7e6d7ca252a77e65f2bbd5f0b 
Start importing Assets/Resources/UI/frame-pillar.png using Guid(84a8bf53c4311461bb2b2b6362d12f98) (TextureImporter) -> (Import Result ID: '99b83ff83430ab7c620e80776f5d1deb') in 0.017359916 seconds [static and dynamic dependencies]. Details - ImportResultOutputID=34b065b1463f7f7387c7ce10b91e05e0 DependenciesID=6d8c7bc0ee48bb06f46e288a726b9d86 StaticDependenciesID=75cc10537947188b42a82c67bad3002f 
Start importing Assets/Resources/CardArt/f-2.png using Guid(94dde8de9a213438c9b4b51fef15be81) (TextureImporter) -> (Import Result ID: '4b0cc12545b5430d2be5211d76a65934') in 0.024278667 seconds [static and dynamic dependencies]. Details - ImportResultOutputID=72c8bd6c0bce0a5ec378be8116926b60 DependenciesID=bc6a8e57745b7bd0bc953e4ce35e4042 StaticDependenciesID=81576c023b6136c8ac12e20a05ddfa8a 
Start importing Assets/Resources/CardArt/cj-nature.png using Guid(949e70fc9a0ce40c6aed776b6f29961c) (TextureImporter) -> (Import Result ID: 'a6d83e0bf25b728cb76c79a49d54e03c') in 0.026824167 seconds [static and dynamic dependencies]. Details - ImportResultOutputID=4eedafd8393dbfd57d9518c9d4234e35 DependenciesID=a136e1a64816d7d20b369faefaeeccce StaticDependenciesID=413857d7d0bed8cbc44e46cae1a3df96 
Start importing Assets/Resources/UI/icon-shield.png using Guid(a4f55561b7bd348b8b75c0007f723062) (TextureImporter) -> (Import Result ID: '1b93f7e5f6a421a69c90eca81b29c303') in 0.037563 seconds [static and dynamic dependencies]. Details - ImportResultOutputID=b0dbd3e27a44eb8760bc29c5f9da1e8a DependenciesID=f6b0f565e097ed943fa81d0f6d0c6330 StaticDependenciesID=d5e4bedf26b11c449cf45bea1e8a8dc2 
Start importing Assets/Resources/CardArt/d-ice-4.png using Guid(c485b1efed9bb4740a0cf4e7854ec823) (TextureImporter) -> (Import Result ID: '7c4a6cc409f6da757fad9bd455fac8f2') in 0.024064292 seconds [static and dynamic dependencies]. Details - ImportResultOutputID=050837b22686828f7245030a8aae34c4 DependenciesID=cad295033706b1569d5d23b5b92893ab StaticDependenciesID=f00dc71d06fee59c4d184fcd62228a62 
Start importing Assets/Resources/CardArt/card-back.png using Guid(d47c641a228774c7eac904d34860b574) (TextureImporter) -> (Import Result ID: '124f6964ebee2f9eeea0e39d1db393fe') in 0.02546975 seconds [static and dynamic dependencies]. Details - ImportResultOutputID=4573a3a890452362171e208771741aa0 DependenciesID=a0719bcf016581f740642fdfef640b7b StaticDependenciesID=03bb806662400b55927cdb034422b8c3 
Start importing Assets/Resources/CardArt/d-ice-6.png using Guid(f4dc66fa93d55433d85e3feaefb3c4f3) (TextureImporter) -> (Import Result ID: '9e5e423e8b5d48bc2c2e2001214b33cb') in 0.024392833 seconds [static and dynamic dependencies]. Details - ImportResultOutputID=e038b73bce70d961779df5e2cfc1ed89 DependenciesID=15e1044bcb513de07a9f4e6872d6794c StaticDependenciesID=ce3899d68cd51bcce1af3984e9086b12 
Start importing Assets/Resources/UI/ceremony-bg.png using Guid(1550da06827da441e8a202ae572ca48c) (TextureImporter) -> (Import Result ID: '28ba9f219a8438c432e335f9b6983c22') in 0.042816833 seconds [static and dynamic dependencies]. Details - ImportResultOutputID=96372f3aea563b69294138b306a53e09 DependenciesID=9b770761e7c2f94ad777b046d222533e StaticDependenciesID=8ec19c8b524df94e0cea299f8bff8e0d 
Start importing Assets/Resources/CardArt/d-fenrir.png using Guid(2584eebf4571941d88b48d6e788bdd6b) (TextureImporter) -> (Import Result ID: '8d5da0f9655164ce2d7cd9de34791bb3') in 0.025633541 seconds [static and dynamic dependencies]. Details - ImportResultOutputID=8faf9223be151c2e7cb386904fcc1e91 DependenciesID=d72490a02d87e89f81102a45b36d23a9 StaticDependenciesID=7bca275df81b0e2e6b140187fa59ef4f 
Start importing Assets/Resources/CardArt/d-earth-2.png using Guid(4590cab0e7ca842059070a2818951c4f) (TextureImporter) -> (Import Result ID: 'f28e295975f191dcd12d4c38bb17758d') in 0.025968416 seconds [static and dynamic dependencies]. Details - ImportResultOutputID=581359929371cf948b24fd723bed2bed DependenciesID=9dce92460c06c83258ed9a486caf73f6 StaticDependenciesID=91638c26a59cafdadc864a3c7803c906 
Start importing Assets/Resources/CardArt/p-water-1.png using Guid(4583aac542cde45dd9e0aae4b0608678) (TextureImporter) -> (Import Result ID: '92000d3956d30a9c5f55621801743da8') in 0.02630125 seconds [static and dynamic dependencies]. Details - ImportResultOutputID=6197891669c604112640fe0e8c11fea8 DependenciesID=c802df5cfb5b032516e18f4759094e42 StaticDependenciesID=c5c2c2b76575208df7859ab3c042d4a2 
Start importing Assets/Resources/CardArt/cj-water.png using Guid(a535cf278b51a4b4998683194b1a6fb1) (TextureImporter) -> (Import Result ID: '1136e0ee8a6fc3bbec0b0188eced51ee') in 0.024809833 seconds [static and dynamic dependencies]. Details - ImportResultOutputID=d1a05c52811a098f27e435b8a490d7a2 DependenciesID=9478b69d9d4ac8f711a567ae9c931eb5 StaticDependenciesID=478db2114e80011f94c837efb8c3efc5 
Start importing Assets/Resources/UI/detail-panel-bg.png using Guid(a50e3a1c413064206ac03e4ac06c8cf9) (TextureImporter) -> (Import Result ID: 'be6c0bfbf0628dc7b7dce2407b5f5afc') in 0.035242417 seconds [static and dynamic dependencies]. Details - ImportResultOutputID=d1f2ffeb615a7c6fc2d05818442e9220 DependenciesID=52ec98044ccd822e9dbc171196de31c2 StaticDependenciesID=e0682716391a41a1033909f186d2d732 
Start importing Assets/Resources/CardArt/d-earth-7.png using Guid(e511af4dbb5b9486294175fe87369da5) (TextureImporter) -> (Import Result ID: '917c4049a67c416729f73fa122727d48') in 0.024500875 seconds [static and dynamic dependencies]. Details - ImportResultOutputID=54e4f13201df4fbd4b0dc03ec96bc85f DependenciesID=6ddfb4309f4d84087e36439296479d96 StaticDependenciesID=4b860f98aaf13b782c60717535981f1d 
Start importing Assets/Resources/UI/pack-inferno.png using Guid(e5b2338ca8c2e419cacfd954b9becb6c) (TextureImporter) -> (Import Result ID: '8901d5af7b8e9c4b91e87c3188c88dd1') in 0.0351335 seconds [static and dynamic dependencies]. Details - ImportResultOutputID=1788cad8b905a197852cbc598665e1a0 DependenciesID=664811efd7a15c4bc23642e734740ff8 StaticDependenciesID=532e9ec90358fb839fcac8bfa66c957a 
Start importing Assets/Resources/CardArt/disp-2.png using Guid(f5049d9875af34177aaeab33898ac6a8) (TextureImporter) -> (Import Result ID: '59af5192c545d55efaa24fc9fe16711c') in 0.024490167 seconds [static and dynamic dependencies]. Details - ImportResultOutputID=e9df48385fc2403d4003a4cab23d18e8 DependenciesID=170d9fe57f7245a9f63a95ad76c4f945 StaticDependenciesID=9211ef346b23eda446633017d4daf660 
Start importing Assets/Resources/UI/packopen-gradient.png using Guid(067ea92ace9ac41009b8bb6cafb0e77d) (TextureImporter) -> (Import Result ID: '148e97828c090f65ce61d66a80294097') in 0.037945834 seconds [static and dynamic dependencies]. Details - ImportResultOutputID=be2f40eb8e77f6d89daa9c1215a00d27 DependenciesID=7060d162e0acdfa993ad6f287a322a75 StaticDependenciesID=00855f82e7906d9ee570195005629394 
Start importing Assets/Resources/CardArt/d-dark-2.png using Guid(26fd3b48f95f1412f8d03840a40675ed) (TextureImporter) -> (Import Result ID: 'b82d394654f12f6f7420273865f39997') in 0.025920291 seconds [static and dynamic dependencies]. Details - ImportResultOutputID=f9f3976f240a0f1d124bed339acf063d DependenciesID=a7a80432f067ea476166d06689a85f7d StaticDependenciesID=8176e27a557241fb4e7b6ab427aedcbc 
Start importing Assets/Resources/CardArt/d-dark-6.png using Guid(4613c8b088d2240d1b183df710710ac0) (TextureImporter) -> (Import Result ID: '3044ca69559ae69d10efbab74d9c2061') in 0.024740666 seconds [static and dynamic dependencies]. Details - ImportResultOutputID=6a08fde6ddf5eac271cb6e60fd8dabff DependenciesID=fb1a6ae6ae9c828c0b9020a72ad3b778 StaticDependenciesID=7808f3cf080aaef09b73e92e5e2a6651 
Start importing Assets/Resources/CardArt/p-ice-1.png using Guid(56f471a8fdf5f42da950ed6c33beb382) (TextureImporter) -> (Import Result ID: '5e5afe2fb4fba0b394a177b8c3ef958d') in 0.025021875 seconds [static and dynamic dependencies]. Details - ImportResultOutputID=8a4d3065d9f4e725c7e744c38fdd7649 DependenciesID=a63cc454a331bac6ad6f06d5f56c7789 StaticDependenciesID=ecabe731bb7658b0e8cbc32b413d00f8 
Start importing Assets/Resources/UI/divider-gold.png using Guid(66dc82eb45e6346328ab49ab59d11735) (TextureImporter) -> (Import Result ID: '5ad5874b4cf8a623792f6fe02fed3606') in 0.036084833 seconds [static and dynamic dependencies]. Details - ImportResultOutputID=4790a814140d8202a5d8eec7e6a714de DependenciesID=fdb808284ce0527c15cd21e1dc4433b8 StaticDependenciesID=ff20e540edbf5f1a3066272155b7b984 
Start importing Assets/Resources/UI/menu-gradient.png using Guid(766ff46ad257d426ca9175e06f836811) (TextureImporter) -> (Import Result ID: '7c7253071ff42fd9982ca7e769696889') in 0.040462875 seconds [static and dynamic dependencies]. Details - ImportResultOutputID=e5bc4e0d3bd0603f22b3feb0823631fc DependenciesID=04fc7fffee3964f2b872af2c0da8a3aa StaticDependenciesID=5099b815a33cbe2f598c60ad082ec083 
Start importing Assets/Resources/UI/pack-glow.png using Guid(8684c466bffce4c3d9b359b466cc8fb7) (TextureImporter) -> (Import Result ID: '5086d9f14ee10559a430120f625423e3') in 0.039791667 seconds [static and dynamic dependencies]. Details - ImportResultOutputID=dfad269a022015f98e1ed4b8707c68a0 DependenciesID=8a0a61e6de4f9d40d716ed6fd7503aff StaticDependenciesID=9a83a1cdbbbbbe31fc0d4cdf0f913a98 
Start importing Assets/Resources/CardArt/cj-earth.png using Guid(a65bd1359931041619521b199037228f) (TextureImporter) -> (Import Result ID: 'e571cc68147759cb329feb0918d1a20b') in 0.021048875 seconds [static and dynamic dependencies]. Details - ImportResultOutputID=0ebed782d8232c23fdbb781db4c8c299 DependenciesID=a55c705be90b5d39bfacb9ae92beb29e StaticDependenciesID=c958c51d7d41d0d7d0db043f1c064876 
Start importing Assets/Resources/UI/feature-shop.png using Guid(c6343ca01318044829fbff0428a8d52d) (TextureImporter) -> (Import Result ID: '22004d4ae6d8440d24bfeeedc0b1a8e3') in 0.037437916 seconds [static and dynamic dependencies]. Details - ImportResultOutputID=236176cd174a2e36f371044ef18b45ca DependenciesID=de4022c1b4cfdcd8e78cfb9b244857eb StaticDependenciesID=67d93a5fa2cf7bb1403191dee345d8db 
Start importing Assets/Resources/UI/filter-bar-bg.png using Guid(d6c5228aa217e4a368bdef5c1b656b5d) (TextureImporter) -> (Import Result ID: '699298f6d8091f17e586bf1e8f42d46e') in 0.037546541 seconds [static and dynamic dependencies]. Details - ImportResultOutputID=4ba9c58bc6d04bddf0c08868d271a7dc DependenciesID=bc5af662732a98996d8ddc85054902be StaticDependenciesID=46cc7c7a7c2859faece93ac6522eb8e4 
Start importing Assets/Resources/CardArt/p-flame-1.png using Guid(d6a88f5386e5f48bb97488afde427e67) (TextureImporter) -> (Import Result ID: 'f856e1123f498bea72aedcb52868e9fe') in 0.024057292 seconds [static and dynamic dependencies]. Details - ImportResultOutputID=44854fab249085edd22a389a6f52a5e3 DependenciesID=9d925edc570bc878a26ad7e7f416aa6e StaticDependenciesID=acd1fcef9c732b110988b7b143288091 
Start importing Assets/Resources/UI/search-input-bg.png using Guid(f6400cea110c5408d99803db3f2b7eed) (TextureImporter) -> (Import Result ID: '21b447520df60b3617fc3f10592e6cd0') in 0.035569042 seconds [static and dynamic dependencies]. Details - ImportResultOutputID=1ec3ebd7fc078aaf4e01b50aa900ca40 DependenciesID=19ec9a81954eedee90c257beab0b97be StaticDependenciesID=0aa8b5772fbac4d02c3c18e6ec7f9f58 
Start importing Assets/Resources/CardArt/p-light-2.png using Guid(07cb6bc1ed35b47839d16498903073bf) (TextureImporter) -> (Import Result ID: 'cbdb2211bf298a9dfe24821d6db4a232') in 0.021717834 seconds [static and dynamic dependencies]. Details - ImportResultOutputID=d1ac90c9ac4b2f381af6e120940bce3d DependenciesID=26742c496a29c6185a22304a8eea0fa7 StaticDependenciesID=038d1172f8df52db6e0301f06992393a 
Start importing Assets/Resources/CardArt/d-water-6.png using Guid(370b0e373ac4f44b39e5a923c40ad35c) (TextureImporter) -> (Import Result ID: '796cd82de19f8b6492d75b19f1078254') in 0.0234945 seconds [static and dynamic dependencies]. Details - ImportResultOutputID=d65bebb579a39bd762eb67a2d8ded789 DependenciesID=3300c20eabdb8605ddb632fae4fcdb1d StaticDependenciesID=24c1adebdfbc163bcd1389fe85cfa843 
Start importing Assets/Resources/CardArt/d-water-1.png using Guid(576176bf982054b13a5465d1c8f916a4) (TextureImporter) -> (Import Result ID: '3e9ee5e52568e23bada0631cb541490d') in 0.024893042 seconds [static and dynamic dependencies]. Details - ImportResultOutputID=9a37d92b47b7197d6f7fec5ab662df19 DependenciesID=9b90d429e045cc6e1584eef594e5f24a StaticDependenciesID=8de85d1a294ba3e260ec1b25202c3c60 
Start importing Assets/Resources/UI/feature-battle.png using Guid(6740ccaf20bfd43009789dbc1436b3e0) (TextureImporter) -> (Import Result ID: '68c448085b5cae91901739a6904c1b08') in 0.03964425 seconds [static and dynamic dependencies]. Details - ImportResultOutputID=58bbdde1078e6bf6d3c5ce925b98818f DependenciesID=f0f477970aa38c17b1d7d63196c91d5a StaticDependenciesID=30818ccdda7117ce6d406ebdea308fdc 
Start importing Assets/Resources/CardArt/d-dark-1.png using Guid(87eea7e207e2c4c72a6d0978eeaa91a2) (TextureImporter) -> (Import Result ID: '547cc568d8f51f50d29f1de5f0cf91c9') in 0.0233655 seconds [static and dynamic dependencies]. Details - ImportResultOutputID=37ed26a49854a06240f732e18ba9af16 DependenciesID=e9baf0dc38aac447a0f78946582233d9 StaticDependenciesID=6b3e2bd537465c93f1d57e670e9933da 
Start importing Assets/Resources/CardArt/d-ice-5.png using Guid(97b5e057600e84829a4b497089dfc27f) (TextureImporter) -> (Import Result ID: 'aa2f47aae4df0e85c8e9089f330a4d43') in 0.02479225 seconds [static and dynamic dependencies]. Details - ImportResultOutputID=bcefcd9c99ca257f97ef4db1103c60a6 DependenciesID=bfe438586fbeb41a3d5fac4bff59fcc2 StaticDependenciesID=d7bf825a5f2fc60d62efb11633620875 
Start importing Assets/Resources/CardArt/d-air-6.png using Guid(97092e6a4dae947d38e21ed44bf92689) (TextureImporter) -> (Import Result ID: 'cfcb38cf6f6277a2b617ace7be0c8ac4') in 0.022661875 seconds [static and dynamic dependencies]. Details - ImportResultOutputID=c46456f48343ac5d3aa0740704d4a3f4 DependenciesID=ab90b2fe2e500a6a64ffcc0b40867bf6 StaticDependenciesID=0effb98ff6b6cb81351ee0542bef5aa2 
Start importing Assets/Resources/CardArt/d-flame-2.png using Guid(c77cdb5d4fc9e49e7b8a672033cd30c3) (TextureImporter) -> (Import Result ID: 'da301547ae11b7ff78555a048f048f8c') in 0.022814917 seconds [static and dynamic dependencies]. Details - ImportResultOutputID=f82b8aee3e830ee9c6043481a1cbd6cf DependenciesID=4ae573544bbb4f53259d03da325fea52 StaticDependenciesID=3a03b87bb540d33dbddac82bf5a71d66 
Start importing Assets/Resources/CardArt/p-earth-2.png using Guid(18918caf3bd50490fac7f60c3d7646f2) (TextureImporter) -> (Import Result ID: 'd072eb74516136760d21ac740f036b02') in 0.02184725 seconds [static and dynamic dependencies]. Details - ImportResultOutputID=bd5223ce4f74854eddd67c35825b2677 DependenciesID=5d4117986e89dc7c8efb0b9e0499278e StaticDependenciesID=225ebfc584a5b11f2cd80a68abc5922a 
Start importing Assets/Resources/CardArt/f-4.png using Guid(1856b8bd9032040a484ca710829b02cb) (TextureImporter) -> (Import Result ID: '7e50eb3e0a4f2d90a0385a1620fecb00') in 0.019538042 seconds [static and dynamic dependencies]. Details - ImportResultOutputID=cd498a1f951ee3af8d171ee9a4029da3 DependenciesID=67f0f1dbe60399830311ce55c67beed7 StaticDependenciesID=ca640799c38bb2e8dc58bc3fae72179a 
Start importing Assets/Resources/CardArt/s-3.png using Guid(98525cf1e8b814adc805e2ab3d051afd) (TextureImporter) -> (Import Result ID: '195f13638f24b80e13c8dd77fabed9ef') in 0.022666375 seconds [static and dynamic dependencies]. Details - ImportResultOutputID=92eb51c3a16fe2f55f5444ebd9dc1ec0 DependenciesID=7eaa374a85320f58626e203f9a45dcf2 StaticDependenciesID=9d1dd4808cc29605cec734914b4f4e30 
Start importing Assets/Resources/CardArt/p-machine-1.png using Guid(98fc15db951ef46fd8cdff63c6385d2e) (TextureImporter) -> (Import Result ID: '752eb62f166ffd4679eae3b652c2fb87') in 0.024074917 seconds [static and dynamic dependencies]. Details - ImportResultOutputID=02d7f8630242873b40a3cfb7682d8540 DependenciesID=cfa7b98be939cb9ed8d79c746a22cada StaticDependenciesID=ff4520988405deeb4aa231025eb887aa 
Start importing Assets/Resources/CardArt/p-dark-2.png using Guid(b88f46c4ce563484c861b742fcffa961) (TextureImporter) -> (Import Result ID: '7c6addb1ed8018e52043823c1a13fbaf') in 0.02361325 seconds [static and dynamic dependencies]. Details - ImportResultOutputID=ca8d3ec76e1e83743cfb3f639ee7ab65 DependenciesID=36cf0aff2aaacc64341dff45c5d5aa3b StaticDependenciesID=caa4c1614376abd646dfd2882af72ad0 
Start importing Assets/Resources/CardArt/d-light-4.png using Guid(c8f7319f5ebb1485383ea4c4e615ed72) (TextureImporter) -> (Import Result ID: '8d6cffc3eecb3630498f4571e81e03fe') in 0.02185275 seconds [static and dynamic dependencies]. Details - ImportResultOutputID=bc6ae41b68e334186df255f168821f2b DependenciesID=9a439ab1240387aad8d34076577221f4 StaticDependenciesID=f7fc1bf99675b239f2d367e1674a0657 
Start importing Assets/Resources/CardArt/d-earth-4.png using Guid(d8b516f71017a4c969cf91d0834ced34) (TextureImporter) -> (Import Result ID: '25f8f6cedb28d7950c9fb17ded32df85') in 0.027411917 seconds [static and dynamic dependencies]. Details - ImportResultOutputID=bfeeb0f202f4ac594ad432dff40f91bd DependenciesID=79a1a500f45cf6702ac6c0769a0c4d4a StaticDependenciesID=9da15ebe171f747875544da82888afe1 
Start importing Assets/Resources/UI/pack-verdant.png using Guid(e886e7ef054e345979ec7c6388790d3a) (TextureImporter) -> (Import Result ID: '33b800e192f0394c8b20090ebc08fda5') in 0.040783417 seconds [static and dynamic dependencies]. Details - ImportResultOutputID=ca7c579c88d9a0ef2b868335d3834a18 DependenciesID=72b6fa01d5ab0de8568d75eb745f252e StaticDependenciesID=3e487be7607185abe51c6115c63403ee 
Start importing Assets/Resources/CardArt/p-ice-2.png using Guid(09268cfcc45a341ce91fc32844d07887) (TextureImporter) -> (Import Result ID: 'a6ac46fa01f3f3f9de19cd0c7f38c16a') in 0.023539709 seconds [static and dynamic dependencies]. Details - ImportResultOutputID=439096dc760788aba04381633654414d DependenciesID=9af6a287b0e6f8796cb2a276eb992b48 StaticDependenciesID=e8548a5b3ae4c1db583e935f212791b0 
Start importing Assets/Resources/CardArt/d-air-3.png using Guid(1969a947fa80743028fb084b740cb3c2) (TextureImporter) -> (Import Result ID: '9fa00cc9064936fffcfffa7723df78a1') in 0.023965708 seconds [static and dynamic dependencies]. Details - ImportResultOutputID=929bf9fc93f49c43aadc49f75aed4d85 DependenciesID=b7a04f7a4ef93785a59b020d685fd98d StaticDependenciesID=34a4d61d88b54bc8ce9c997c04646e21 
Start importing Assets/Resources/CardArt/d-fox-fledgling.png using Guid(2963be53b4a594db2b20751015ae46be) (TextureImporter) -> (Import Result ID: '419e5e772d3c7b6af42dd18576665c11') in 0.0249865 seconds [static and dynamic dependencies]. Details - ImportResultOutputID=f71f646e2da1c77bfb89e6542f216bc8 DependenciesID=f882cd0b8cad78beaf635843d3fea869 StaticDependenciesID=019e21b63f6a78180ef59da3fd4ec812 
Start importing Assets/Resources/CardArt/m-5.png using Guid(29846b25712dc42e48deadda7637ed94) (TextureImporter) -> (Import Result ID: 'af08b2016508bca23b4fcc74c2da8bd2') in 0.025351125 seconds [static and dynamic dependencies]. Details - ImportResultOutputID=62e81d600de91aeaf781009705432669 DependenciesID=b74304a9dd482da2890163ecaa557211 StaticDependenciesID=37f1f2ef6bfd5ed5e054f5ca019361cc 
Start importing Assets/Resources/CardArt/d-nature-3.png using Guid(292c6d4c78d744da39df8408437aea4e) (TextureImporter) -> (Import Result ID: '937510f8e1140c06eee07b959addd7c7') in 0.023463666 seconds [static and dynamic dependencies]. Details - ImportResultOutputID=9d382c5d6e4f5ecc9435ae28ab564dd4 DependenciesID=f50c1db0ea43ff19699c1359273d1614 StaticDependenciesID=6eb1eb26b0152cc0f93eaa05af43369f 
Start importing Assets/Resources/CardArt/s-4.png using Guid(59f5a68fe8a724d6cae3cd5df64b3df4) (TextureImporter) -> (Import Result ID: '10ad399b081a6b8da8ee5bc61b403dec') in 0.0251575 seconds [static and dynamic dependencies]. Details - ImportResultOutputID=4fd025d56da23799d76f783e12a9e991 DependenciesID=c0c2c88d8f2e580ab228ecd394a6a45b StaticDependenciesID=ba15295f13be6e50244e17fd2fff70a4 
Start importing Assets/Resources/CardArt/d-nature-4.png using Guid(89fd9ab78a78a440595313928eef4883) (TextureImporter) -> (Import Result ID: 'fd2dba64e319a66c46ca7a68afef6a70') in 0.024552166 seconds [static and dynamic dependencies]. Details - ImportResultOutputID=c4919e791369fe49f2ec30aeac363c1f DependenciesID=0baa1e67731aec115f312dd805524d80 StaticDependenciesID=f32508bcb3745bdb7e6a4f6b870cdfb5 
Start importing Assets/Resources/CardArt/p-artificial-1.png using Guid(891ea1f49eff142ab8e10ce03be2412c) (TextureImporter) -> (Import Result ID: 'be9892370cf71dd3780f6bfbed356c5c') in 0.021542708 seconds [static and dynamic dependencies]. Details - ImportResultOutputID=91f2f9e151ac9797b17e5c90a46aa6c1 DependenciesID=6d95db74646265d4ea7be34458f8d9ba StaticDependenciesID=6b4dd21905c9417f27b459242e7c9d6d 
Start importing Assets/Resources/CardArt/d-air-1.png using Guid(a972b016c2f9347d7807aa6e007d46ba) (TextureImporter) -> (Import Result ID: '138c1722d155616bbb47b586ad77773f') in 0.0232785 seconds [static and dynamic dependencies]. Details - ImportResultOutputID=f9bec44e5eeed236dadfd562b843999c DependenciesID=6439109a9bb82662cc33d720b5471e87 StaticDependenciesID=1cab0450afbd5ed860eeeec6005a6e86 
Start importing Assets/Resources/CardArt/d-nature-1.png using Guid(c94442eff3ca444e380c76ebde639871) (TextureImporter) -> (Import Result ID: '4574dff35c264e2192d66bd744aa319f') in 0.024403417 seconds [static and dynamic dependencies]. Details - ImportResultOutputID=d6e0f806b0034bbcd0eee1e7a5d2099b DependenciesID=e513ec29f69a3374c9a084dbcf5e021f StaticDependenciesID=61df8e6084bf74e9901358865862f645 
Start importing Assets/Resources/CardArt/d-air-2.png using Guid(e96989dbb25b24da097a5a1941d3eedc) (TextureImporter) -> (Import Result ID: 'b7c09f166d5da15941629e4eda018422') in 0.022174333 seconds [static and dynamic dependencies]. Details - ImportResultOutputID=2b441fa466b8382801bde3a13577dead DependenciesID=cfd13ccd4e37decd2f80d4c4ee3baa3d StaticDependenciesID=475837761a34fa7f7dda5c9d9551842c 
Start importing Assets/Resources/CardArt/d-ice-1.png using Guid(f9fc51cb29bc94290aeb66dd6d23f1cc) (TextureImporter) -> (Import Result ID: '3de5048121268f0d5817f95aab3d2d27') in 0.025010709 seconds [static and dynamic dependencies]. Details - ImportResultOutputID=17da53ab5cc5ddf79345f9c28b9c2e1f DependenciesID=7bd5c8df8a866b4da1c9595a3a674d7f StaticDependenciesID=d02dfabe597fb76d1f01a2ce492b224f 
Start importing Assets/Resources/UI/icon-sword.png using Guid(2ae243bd84add44a4b8a2d75a812e13b) (TextureImporter) -> (Import Result ID: 'a474b6163dfb01af2167f33784e06a94') in 0.038716 seconds [static and dynamic dependencies]. Details - ImportResultOutputID=0c788090900fa3cc9a1d074618d816ab DependenciesID=52ea524b584d7152aa6711ba4c0b9d17 StaticDependenciesID=fcf1c5c6caed3e1878d10b6fc96fea92 
Start importing Assets/Resources/CardArt/s-2.png using Guid(5a548d11451e64654b18782aea38524e) (TextureImporter) -> (Import Result ID: '907ffb934c5bcbc6e4bb55cafc2b319d') in 0.023463708 seconds [static and dynamic dependencies]. Details - ImportResultOutputID=2bd5f61cf0f449a2be54cf9e80d46491 DependenciesID=1d3d6b22b8609adc2dff1ba8a3333d7b StaticDependenciesID=346f3b38046c7050bfa23a589d02f832 
Start importing Assets/Resources/CardArt/f-6.png using Guid(8ad1568df6f1b47bc820542b309c4864) (TextureImporter) -> (Import Result ID: 'df54452e47149f340dffa0a6f3f02d61') in 0.024294208 seconds [static and dynamic dependencies]. Details - ImportResultOutputID=4370a568d7efb446eb0a881527e791e0 DependenciesID=9ac0fa886da6b62dde07b46cdf2e3809 StaticDependenciesID=af48e0106fafa8acb51bb4afa4707713 
Start importing Assets/Resources/CardArt/d-light-2.png using Guid(dab7928e09a5149b08dba7f05c2b192e) (TextureImporter) -> (Import Result ID: 'c93797a07796cfc72d7edd39934070bf') in 0.021503375 seconds [static and dynamic dependencies]. Details - ImportResultOutputID=692fa45078940f8b35c888f08133f6aa DependenciesID=c23b49708530ac656e85bc2847157ea9 StaticDependenciesID=e846ceb419b8e55ae7680914095e29c1 
Start importing Assets/Resources/UI/feature-grimoire.png using Guid(eaa3eaeade6204c2182e4d0d33b889d9) (TextureImporter) -> (Import Result ID: '15924aa2629b18d71aaffd2895f71b4c') in 0.04003425 seconds [static and dynamic dependencies]. Details - ImportResultOutputID=5261e2bc2d5955b820b005cdcbbe17c2 DependenciesID=b8fbae47562be88d9b7c8ff9760bcb44 StaticDependenciesID=1e7df47d3c0bc7aadd49d654b680154d 
Start importing Assets/Resources/UI/battle-bg.png using Guid(fa7e201cc5ef7426bb49877bf7fbc4df) (TextureImporter) -> (Import Result ID: '8592e5d08085dc5c6294296bec07ae69') in 0.039386542 seconds [static and dynamic dependencies]. Details - ImportResultOutputID=c1d0012a6cfc7f21aedbd9c00814450c DependenciesID=7e1112e7f2d827eef389b0c4b4ce8ab1 StaticDependenciesID=9b6c49fa5f43ad78fe0d944b816217c8 
Start importing Assets/Resources/UI/pool-panel-bg.png using Guid(0b02a9a83397842e2b2cb17c416e6075) (TextureImporter) -> (Import Result ID: 'e92bde3a56ba7b51fffb0c3c72237fce') in 0.038113458 seconds [static and dynamic dependencies]. Details - ImportResultOutputID=fbb41a238200d1ac0cc0da25f4963022 DependenciesID=b129dc3f7a2453a6563961e06f499584 StaticDependenciesID=0bda0119ba73411a7f90fd62fd5af701 
Start importing Assets/Resources/CardArt/m-3.png using Guid(0b96a24a78216492f886c5757df7cb65) (TextureImporter) -> (Import Result ID: 'bb412a71a1d5b8d2208f106c1721c06b') in 0.0249425 seconds [static and dynamic dependencies]. Details - ImportResultOutputID=7e85ffa61c531fa140b39cf781566456 DependenciesID=7e27e419dcfb6be11cf3c294a224704b StaticDependenciesID=0289dcc3585519a344dd0c3b0d3cc1a0 
Start importing Assets/Resources/UI/pack-showcase-bg.png using Guid(0b777fc2334954f338f70c4f01a3aa0d) (TextureImporter) -> (Import Result ID: '1f2a79c6c7274180282952f2afb0bd56') in 0.038362709 seconds [static and dynamic dependencies]. Details - ImportResultOutputID=599fadaf1fa0ca38f10b7f370f6f5ce8 DependenciesID=4fe2986ce0c4a50e9b017604d791e398 StaticDependenciesID=c092025224416542cab2bc7dcff5a0d4 
Start importing Assets/Resources/UI/config-bar-bg.png using Guid(0bb7dde083cf94d7ea122284063ae10d) (TextureImporter) -> (Import Result ID: '0e8ac8fd8398d3593415f7e0deab3d47') in 0.038725042 seconds [static and dynamic dependencies]. Details - ImportResultOutputID=9d1502cac14a862c3e4abf5550a7a35b DependenciesID=5a4f7ee2812da9492fb4079113a6c9d4 StaticDependenciesID=cb2871ab74d1c0ebb89f558eb659884f 
Start importing Assets/Resources/CardArt/d-air-5.png using Guid(1b5f13705de414f52ac646161e30661f) (TextureImporter) -> (Import Result ID: '612cd85bd170d854c1f6e8d03ba90972') in 0.023838542 seconds [static and dynamic dependencies]. Details - ImportResultOutputID=45c9a23c330cfacb5e388356291d55ea DependenciesID=0d7d95243ea6984ec81112b6ceb97fe6 StaticDependenciesID=08dac5475fc96079b427b65585c6ead3 
Start importing Assets/Resources/CardArt/disp-3.png using Guid(2b299f6c59b5f4134bd8e8cdf1358a6d) (TextureImporter) -> (Import Result ID: '153e80561f5a6666673784b4c9a5e08d') in 0.021999208 seconds [static and dynamic dependencies]. Details - ImportResultOutputID=be927a5a223c7f23d4700a3efd8dc17f DependenciesID=776747e0a1122dc1adc3e75bc5821e3f StaticDependenciesID=1077f5e06b91210b5b6403e24f062b0e 
Start importing Assets/Resources/UI/icon-skull.png using Guid(4b7b383bc0e534ea6a40f2167ad9e241) (TextureImporter) -> (Import Result ID: 'cb2168d811c9c900b759d2f306caf12d') in 0.036373625 seconds [static and dynamic dependencies]. Details - ImportResultOutputID=a0291aee8a58408ad8986cf092aa9d23 DependenciesID=f4a3f1ed2eca8c650d867f86eb90d48d StaticDependenciesID=18acb552973d60fc98d4667b9a4738b9 
Start importing Assets/Resources/CardArt/cj-air.png using Guid(5bed2c154d9c746c1a36988237269223) (TextureImporter) -> (Import Result ID: '01c7c705daa2c139294499d4e79ebfa2') in 0.023759291 seconds [static and dynamic dependencies]. Details - ImportResultOutputID=1c5157cd96db385bd22f442e711395d0 DependenciesID=4da409c482be606b1661db8deb2d1ad6 StaticDependenciesID=5d9af736c1de05a940f4b34da8d7381a 
Start importing Assets/Resources/CardArt/d-dark-5.png using Guid(6ba87da62f8a44324957195f5d50d430) (TextureImporter) -> (Import Result ID: 'eb4e9599e1fa813b2b46f04995778595') in 0.023129833 seconds [static and dynamic dependencies]. Details - ImportResultOutputID=282f0b316d82e8c8e01c7bd90872696a DependenciesID=6b66f33b921b5a435860e4da991f6533 StaticDependenciesID=18188f7e962161329d57a5e5c87b0d77 
Start importing Assets/Resources/CardArt/disp-7.png using Guid(7bc7fc3a940ad41309ae5d615daf34c6) (TextureImporter) -> (Import Result ID: 'ec56163913f2bcf38a35d936c2630e8c') in 0.025003083 seconds [static and dynamic dependencies]. Details - ImportResultOutputID=337765e04cbb7072f6cc77747d819381 DependenciesID=e41c62fb28f52817e4915b7f065fd19f StaticDependenciesID=1f939d0fa04af1e566170cca613bdb4a 
Start importing Assets/Resources/CardArt/disp-4.png using Guid(7bba44200e4104095af07a9d0cef7f2f) (TextureImporter) -> (Import Result ID: 'c6874f3522ec2adcf549a596e21703f6') in 0.021656792 seconds [static and dynamic dependencies]. Details - ImportResultOutputID=8a165d6ca4e7ebd4d4b0a342f3f056f9 DependenciesID=37063aad5ee08254b161335912892eab StaticDependenciesID=05166ac139fab7990a0f7e76e0b101bb 
Start importing Assets/Resources/UI/panel-dark.png using Guid(7bfd61f49bfc04f71810d4c0c9c472d4) (TextureImporter) -> (Import Result ID: 'edc75d8315f3e11d604fbd83f18c25ec') in 0.036939959 seconds [static and dynamic dependencies]. Details - ImportResultOutputID=ccb063baad019ae8a9be1b3c457fa537 DependenciesID=566319587c56ee785a3e8c235bc550b9 StaticDependenciesID=3147da9a6777c22b800c652e7fd578de 
Start importing Assets/Resources/CardArt/f-5.png using Guid(9b6e509c6168040fd9717f3c9b164c30) (TextureImporter) -> (Import Result ID: '1efa9897e92b8bd0e4531119d0e0a51e') in 0.024402334 seconds [static and dynamic dependencies]. Details - ImportResultOutputID=8c51b843930c422c026d3c01d3e5b1f9 DependenciesID=e79e90709a2cfc874697cea81f6822a6 StaticDependenciesID=caa48c11253ff65c8903f0808341cfcb 
Start importing Assets/Resources/UI/frame-daemon.png using Guid(ab925ae9ac7484a39a8809b17e481dc9) (TextureImporter) -> (Import Result ID: '182f63f1fa1206e741b1f5267ba28d50') in 0.017291125 seconds [static and dynamic dependencies]. Details - ImportResultOutputID=52361c9a7feeda0b9afcd3967cff7d8a DependenciesID=cdbdd41855fae46870e1a1874f93cf0c StaticDependenciesID=edf0b07633e4e6361fa69fcc1d859b49 
Start importing Assets/Resources/UI/header-dark.png using Guid(db28c58beb7e6460385af8035533bfc1) (TextureImporter) -> (Import Result ID: '6742728d3ffbf7eb85016ca9006e1d1f') in 0.03735125 seconds [static and dynamic dependencies]. Details - ImportResultOutputID=59091bc9d4b07cb7968d7a20445c1d30 DependenciesID=7e5326953c7e4b4ae136d0a97a40555b StaticDependenciesID=b8d4c42b4fdfa0e79f08ed998dbfc7a3 
Start importing Assets/Resources/CardArt/d-flame-5.png using Guid(0c0685269a12549c19107f5bcffd3584) (TextureImporter) -> (Import Result ID: '13db19dde8b73db0895acc4f89713d66') in 0.022082458 seconds [static and dynamic dependencies]. Details - ImportResultOutputID=033e2f5557e91742fd5c00582b2de307 DependenciesID=ed7ceec45c9fe1865d48652735ded89b StaticDependenciesID=edfe4c38c76b42c4322e6a591e8fc54e 
Start importing Assets/Resources/CardArt/d-flame-4.png using Guid(0cbb4cccba67b4278bb88cb2a950c690) (TextureImporter) -> (Import Result ID: 'f2354d12bc11b8f236d64a2f2a270cc8') in 0.026375333 seconds [static and dynamic dependencies]. Details - ImportResultOutputID=4eab78ff3abf448ab290f55f5f1d0b7e DependenciesID=a49c72d791697a17714246cd40bef630 StaticDependenciesID=606e0c5e4b05c4dee623febf081367c8 
Start importing Assets/Resources/CardArt/d-water-4.png using Guid(2c06774adaea6483b910e3400ebab62d) (TextureImporter) -> (Import Result ID: '56bec8e1f969a9b0cd038ce49e8a3f07') in 0.026878792 seconds [static and dynamic dependencies]. Details - ImportResultOutputID=acdbd7075aa64f46e0e268639c676555 DependenciesID=f05e722102197a9edacaa95ec0bb6874 StaticDependenciesID=c8f33ba9750838aff4abebaddb157caf 
Start importing Assets/Resources/CardArt/p-flame-2.png using Guid(4c09f1dcfea6b4e83b297428c0caeaef) (TextureImporter) -> (Import Result ID: '3de40d9271f98dffbf587136dc0ccb6b') in 0.026063 seconds [static and dynamic dependencies]. Details - ImportResultOutputID=bfeb5146a35e34e82d8a2c1ea8a599f7 DependenciesID=3858f607cfb168d083ee9e3d01839674 StaticDependenciesID=b0247da0117745c23ac16a2a86612607 
Start importing Assets/Resources/CardArt/p-elemental-2.png using Guid(7c7a3ac17b3b440d0b701407427d555e) (TextureImporter) -> (Import Result ID: '2dec187e0ced0f2dd3d7a9bffad6b1f1') in 0.02510375 seconds [static and dynamic dependencies]. Details - ImportResultOutputID=c02b03ded0d215b7aeb7dc354b910a51 DependenciesID=0dad482c47bd68c251a1542662988073 StaticDependenciesID=d141fa10d824938532c53c7dcdc4af5b 
Start importing Assets/Resources/CardArt/f-3.png using Guid(7cce5ef0539074c0c9d95d7eab7c8530) (TextureImporter) -> (Import Result ID: '741c235432e93612f09c79e3361044d4') in 0.02612275 seconds [static and dynamic dependencies]. Details - ImportResultOutputID=a5841039abfacc0aa30d05dcdf898e15 DependenciesID=6ee3ac0e13b0d14a1eec698d80d96b88 StaticDependenciesID=5e8ac505ef4f202b263e69fc7714f9bf 
Start importing Assets/Resources/UI/feature-decks.png using Guid(8cbf8d99b39d34653adc9c78300dc767) (TextureImporter) -> (Import Result ID: '4ffad2f02298cb691fdd055d76ecbbf0') in 0.036302584 seconds [static and dynamic dependencies]. Details - ImportResultOutputID=39006f89489d2ce0568e70006fe2ad8a DependenciesID=035ed9026f1ad3e72852dfbf441da351 StaticDependenciesID=ece58a99b1c3f22e0eec5a53046726c6 
Start importing Assets/Resources/CardArt/p-air-2.png using Guid(9c14ba456625a4555b96291a9b87f7bc) (TextureImporter) -> (Import Result ID: '8c24c9a3913237d0dc417c2c1dcdaf58') in 0.024019625 seconds [static and dynamic dependencies]. Details - ImportResultOutputID=3acc2964f76875d57a4756a17da454c8 DependenciesID=ff85cc0505a2570d6cb79f1010418f90 StaticDependenciesID=0d8ae51923ff5a8ede660932e9f6afce 
Start importing Assets/Resources/CardArt/d-light-5.png using Guid(dc3206dd154c440028e07a760b058264) (TextureImporter) -> (Import Result ID: '44a7c2eff6d95d30482f1d24dbd7962c') in 0.02520825 seconds [static and dynamic dependencies]. Details - ImportResultOutputID=71ab59ccbca0c3bbf0739d5ff17a030e DependenciesID=4fdb71d4e45610588076f6b51903c4ca StaticDependenciesID=44dc7e66b4e13f309366f68f9db93791 
Start importing Assets/Resources/UI/bar-opponent.png using Guid(dc13e161091a241699f5f8701da5358c) (TextureImporter) -> (Import Result ID: 'd3f416967c6334195384d44fa5759a63') in 0.036855791 seconds [static and dynamic dependencies]. Details - ImportResultOutputID=f44d91e5225150a6ce682cb714c6d69d DependenciesID=1693feb0e1261d3f230d6fc2f1357f84 StaticDependenciesID=105d8107a19b12cb00418424a86053e0 
Start importing Assets/Resources/UI/zone-hand.png using Guid(fcbee9beb3a3244958356d8dec2277dd) (TextureImporter) -> (Import Result ID: '4148fb43d32f7e8703ba64f721bed9ad') in 0.039343209 seconds [static and dynamic dependencies]. Details - ImportResultOutputID=296bf8757aa145555029b63462f8bc57 DependenciesID=0caa00a1533c8e54204dc044529e7ba2 StaticDependenciesID=9385888a2640dafb6988af195cdc83a2 
Start importing Assets/Resources/CardArt/d-nature-6.png using Guid(3da2410ee828d416b9b7a4462e264d8b) (TextureImporter) -> (Import Result ID: 'c3041cee274925aaeecc6ff1da6193ce') in 0.023440208 seconds [static and dynamic dependencies]. Details - ImportResultOutputID=90e7b03f3981c9c273e484937450595a DependenciesID=a91b52571f3985d23b5ffa32c82ab1fb StaticDependenciesID=97d0bbf88b97906af271d0b38acf0efc 
Start importing Assets/Resources/CardArt/d-nature-5.png using Guid(8d64bc4c7d45f4566994ad1f9bf56d5f) (TextureImporter) -> (Import Result ID: '1d00d823abdc36afab3a3059971fb0b8') in 0.02429125 seconds [static and dynamic dependencies]. Details - ImportResultOutputID=9c1b89ec3bb7f89dbbbd27f3cc06bc69 DependenciesID=55f71ec2b1d28c9e8db3f56dfba43aa6 StaticDependenciesID=9d9918af7016143ad10ecf70f799b4cb 
Start importing Assets/Resources/CardArt/d-earth-1.png using Guid(ddf26be60765744fbb1636537c512d3e) (TextureImporter) -> (Import Result ID: '38b5182192d25714ff951fa65bb8148e') in 0.022504625 seconds [static and dynamic dependencies]. Details - ImportResultOutputID=f9204cd4bee4b2d712488af856129f69 DependenciesID=0f14ec735d18099488c9987fc4ac86e5 StaticDependenciesID=138f05c4b073c004714b048c76043043 
Start importing Assets/Resources/UI/card-back-premium.png using Guid(ddf63f891c4c14295b8d88331942e8cc) (TextureImporter) -> (Import Result ID: '72943527d24119074e57ef05342fe9c5') in 0.01955325 seconds [static and dynamic dependencies]. Details - ImportResultOutputID=b86bc94e006df7f685f0aab7158dcf77 DependenciesID=17b64b1a8b3e562f486da674a8efc0a9 StaticDependenciesID=0b97c4b7edfae20603b39f45a825b176 
Start importing Assets/Resources/CardArt/d-earth-5.png using Guid(fd226f2fd712842cb971a7e508eac9a8) (TextureImporter) -> (Import Result ID: 'fdc0fb9d79cd0c10adcf55993e9f224c') in 0.025392375 seconds [static and dynamic dependencies]. Details - ImportResultOutputID=e06e73a1cfd51d6521861b6825a843d2 DependenciesID=27b39d3d795d582dacf4615f65ae6c4d StaticDependenciesID=ac83c0a83b9a67a53d5cced60c9b08ad 
Start importing Assets/Resources/CardArt/p-water-2.png using Guid(fda96c04b57104f12a3ababdd451c937) (TextureImporter) -> (Import Result ID: 'e2ca0b0b7aa4c303e6c0e2e968068cbe') in 0.025196959 seconds [static and dynamic dependencies]. Details - ImportResultOutputID=33f717b09abe5136e32a5fe982afc67f DependenciesID=0b61e95c3126238b73837025566d50d4 StaticDependenciesID=12214314034a65f9469e94e4912ed2fc 
Start importing Assets/Resources/CardArt/d-dark-7.png using Guid(0e6faecf4f7704a8796f0feeebab517f) (TextureImporter) -> (Import Result ID: '741b6a81ffe31b8a295e2f8a99c660fc') in 0.025767167 seconds [static and dynamic dependencies]. Details - ImportResultOutputID=def43a710ae3cd43d3bd2e8ce406af7f DependenciesID=673f1bd4697617fd8a201737937ff5f3 StaticDependenciesID=5a7a72962b2d403a3dacfa23527ef277 
Start importing Assets/Resources/CardArt/cj-ice.png using Guid(4ee0c915b4fb949939fb9a28abd313f8) (TextureImporter) -> (Import Result ID: '076d1f42e4d08f59192948b5c4b3d898') in 0.023340167 seconds [static and dynamic dependencies]. Details - ImportResultOutputID=1645e16b61d82db64fefd6d43f750432 DependenciesID=3a0842df6679c16d54c98bc0e3d73a85 StaticDependenciesID=37a3a9480fb74e52d1d1afe7a5c876e1 
Start importing Assets/Resources/UI/nav-bar-bg.png using Guid(5e0281b6ea62a42f98ed0bf1cbedbe2c) (TextureImporter) -> (Import Result ID: 'fc47133f9b98a76be26910a09c44c11a') in 0.037994209 seconds [static and dynamic dependencies]. Details - ImportResultOutputID=5049c851cb30115451f085bf00e3faad DependenciesID=2d66c261a8ad8ee65ea01fb4ba460921 StaticDependenciesID=06731acb5a2c9bc773da7a7444e61994 
Start importing Assets/Resources/CardArt/s-1.png using Guid(5e759a3bffa00493185f6987fbdd068a) (TextureImporter) -> (Import Result ID: '70d7f276e81c553a9c12871c6f0a03a6') in 0.024425667 seconds [static and dynamic dependencies]. Details - ImportResultOutputID=1b1ede0667c1bc01326e06fba5c806a4 DependenciesID=0db93cefdef57e0f44467148e30b8f79 StaticDependenciesID=1f1890f8235f430d9c5df00006b1bf9e 
Start importing Assets/Resources/UI/frame-conjuror.png using Guid(7ea16e8627dd1465da6ecbedb2a09892) (TextureImporter) -> (Import Result ID: '7702f4eee4df440e4ed57506ee11c7a0') in 0.020466375 seconds [static and dynamic dependencies]. Details - ImportResultOutputID=3193c0bbf493f71394decd3718cabbfe DependenciesID=97a47cc2d8d1e4651b37ad4a04371fb7 StaticDependenciesID=3e01c3afcb07fbbfd1c19eb6eb3ba341 
Start importing Assets/Resources/CardArt/d-flame-7.png using Guid(7eec0db313c204f54ba05403fd1a3721) (TextureImporter) -> (Import Result ID: 'f980d6eeb849e6d06a0a67f0f0469ad7') in 0.025144583 seconds [static and dynamic dependencies]. Details - ImportResultOutputID=0314322b16321156e007678b8769d643 DependenciesID=9c6f1257e731e417901274752d3c3655 StaticDependenciesID=c4300447dd76e95e0a865f8f2c304b38 
Start importing Assets/Resources/CardArt/d-flame-1.png using Guid(8ef481e2c30614ce2b0b5bac42b850e9) (TextureImporter) -> (Import Result ID: '94520d42df6c974df0b35d43512e9bd2') in 0.024689625 seconds [static and dynamic dependencies]. Details - ImportResultOutputID=4451e20e14074cb8ef9b6ad555fd8767 DependenciesID=1aa4ab829e1090a3ddf15409d0ada8de StaticDependenciesID=06fab6236b2f5fd6cd9e34c77cf5911d 
Start importing Assets/Resources/CardArt/p-undead-2.png using Guid(8e4b6dc3c480344618d402b4029e0561) (TextureImporter) -> (Import Result ID: '027669ab53278e5089915cf4737da17b') in 0.022966209 seconds [static and dynamic dependencies]. Details - ImportResultOutputID=04f24a24d48ebd32acb5c11a0118ac75 DependenciesID=5dc0c93261d8b9be621420870eb11585 StaticDependenciesID=5ef726e4589d8ab43745f1bb20670aac 
Start importing Assets/Resources/CardArt/p-dark-1.png using Guid(9edfb5e97e7f2452fa6305463f820950) (TextureImporter) -> (Import Result ID: 'ff57585e3ef8d82b4e5656e16d25a199') in 0.02261175 seconds [static and dynamic dependencies]. Details - ImportResultOutputID=0f0f6f35cd5869ec0c71c91af436bf5e DependenciesID=47718433994bb570b77c36fb34da8cab StaticDependenciesID=4fba6670626c8d489193eb83fedbace6 
Start importing Assets/Resources/UI/panel-header.png using Guid(aea198bf942ad447b97596e32f2d38a4) (TextureImporter) -> (Import Result ID: 'f772634fdf7024e91dd285676fc6a4b0') in 0.036158209 seconds [static and dynamic dependencies]. Details - ImportResultOutputID=23889d8ddd8ea33480fd35662727f2ad DependenciesID=8c9d7937e24ccc12aa06802e9dc1442f StaticDependenciesID=cb3a7966d8a16ffc00c307e009191f02 
Start importing Assets/Resources/UI/bar-player.png using Guid(ae87ad4bfc8564141b8f204d12c9f225) (TextureImporter) -> (Import Result ID: '954d7ba95b9f7318d34e66b6a7dc60b4') in 0.034966666 seconds [static and dynamic dependencies]. Details - ImportResultOutputID=a0c03d343d2312dca01b4cf587778bd6 DependenciesID=8cf3c8af5a9983425d437751facdfb19 StaticDependenciesID=9a048b3162ece29ebd8b8419b0cd3f24 
Start importing Assets/Resources/UI/btn-gold.png using Guid(ae7d7b41e1fba42718f24cd666b7f468) (TextureImporter) -> (Import Result ID: 'aeee93435dc90fc639b9888fdc558e93') in 0.035463166 seconds [static and dynamic dependencies]. Details - ImportResultOutputID=74ec4707605bc7f7018c2d2aef921018 DependenciesID=02322fc577e90db44c565c45953e897f StaticDependenciesID=1be86f39e485a0a7188245162c790b11 
Start importing Assets/Resources/CardArt/d-light-3.png using Guid(be8ee0b471f754eec9adcabf6f18eee9) (TextureImporter) -> (Import Result ID: 'aaf326c2de370ff0bbf090b607be7566') in 0.025389708 seconds [static and dynamic dependencies]. Details - ImportResultOutputID=a9cbda7a4b6e20030ae3868e2eac26cd DependenciesID=a403da2b5acfddd2d6dcf81ba6ddeced StaticDependenciesID=a127642a477dd0904da0d160af6b2dc4 
Start importing Assets/Resources/CardArt/d-water-2.png using Guid(fe07d47c373bc410ca485a1cd55229e9) (TextureImporter) -> (Import Result ID: 'e8f162f6601e626c05d21521fc5b29ef') in 0.022053084 seconds [static and dynamic dependencies]. Details - ImportResultOutputID=8460f76c5c08753b86e26fa5c9e7344a DependenciesID=2b17f57e1f5cecfa7a06fd4f8cec1aaa StaticDependenciesID=1ca2d946817d8dd6da6eaecfdd59ccd5 
Start importing Assets/Resources/CardArt/p-nature-2.png using Guid(0f4902883f5d2401da9754b195632618) (TextureImporter) -> (Import Result ID: 'de2c99cd05d47cb17b0024c67c295376') in 0.024131167 seconds [static and dynamic dependencies]. Details - ImportResultOutputID=ffaa53a0c829bd00dc75c0cd07bbee1b DependenciesID=3981c9c60eba6c7c3907a5df62f36345 StaticDependenciesID=b8309d722cee36c1cb99a64aaa578f77 
Start importing Assets/Resources/CardArt/d-flame-3.png using Guid(1f6629df3600948ebbd67dd40885ce1c) (TextureImporter) -> (Import Result ID: '20a60b6057b39fdf9144095503460015') in 0.024023667 seconds [static and dynamic dependencies]. Details - ImportResultOutputID=97053481614bc98e831c79cc47e2e1bb DependenciesID=432e34dbf61087ff87694a7c7ad41cf7 StaticDependenciesID=1ef91085911c9a4d0ba7cf81f539678c 
Start importing Assets/Resources/CardArt/s-5.png using Guid(4fb761b48a1624f469bfa5016e852341) (TextureImporter) -> (Import Result ID: '36188bbef2585e18de370f29f6d247c8') in 0.023754375 seconds [static and dynamic dependencies]. Details - ImportResultOutputID=26c14ddd9f70cd50b34b8bdcbc4ee8fd DependenciesID=a4d2f2684cd6a96dd174ab5927a4b3e8 StaticDependenciesID=820bcc187e6632bc206add3e54810f49 
Start importing Assets/Resources/CardArt/m-2.png using Guid(5f7f1cd58501c49a0883e5508e456a57) (TextureImporter) -> (Import Result ID: '491455caa65b2b95997a7fb720c36ff2') in 0.024657917 seconds [static and dynamic dependencies]. Details - ImportResultOutputID=30c682acdc61e2eacfca6552206e1220 DependenciesID=3e575739627503aec54c0c569109675f StaticDependenciesID=108470a447e56be140a792525f03166b 
Start importing Assets/Resources/UI/feature-story.png using Guid(6fe8b8388585f476d8d7b436ee63b652) (TextureImporter) -> (Import Result ID: '3b798fcd8d1d2547cc4ede8047912940') in 0.040202541 seconds [static and dynamic dependencies]. Details - ImportResultOutputID=43cbf171cc1f8b27bb463af56e1388d6 DependenciesID=57bb9dfedc458ed6f7421771d672f867 StaticDependenciesID=a70792b31db40a14c46a107f59005510 
Start importing Assets/Resources/UI/zone-daemon.png using Guid(6faec47e3585f43ca9ea0742e4f58e04) (TextureImporter) -> (Import Result ID: '6edac0ca51a95ffc32c0e34f87341153') in 0.0370915 seconds [static and dynamic dependencies]. Details - ImportResultOutputID=64c3005757512ed3b7b85acfa36caa3d DependenciesID=8de1c9c8ccdfc33ba8492b5ded52020c StaticDependenciesID=f1ab2d88f05dbb555bd55449cafccbf8 
Start importing Assets/Resources/CardArt/p-artificial-2.png using Guid(8f75a683c41914fecb4211ab0407f183) (TextureImporter) -> (Import Result ID: 'fdd5597979e26d13890f284e17b8ab5b') in 0.021123 seconds [static and dynamic dependencies]. Details - ImportResultOutputID=13aea60fb137cbea8a4b462fe2902b2d DependenciesID=90cb175ac63460d38d833fb05556f222 StaticDependenciesID=225a3899658dc59c0c898389b11a258d 
Start importing Assets/Resources/CardArt/disp-1.png using Guid(9f003112ebbef49f184f6e0ea4a3289c) (TextureImporter) -> (Import Result ID: '5063d7cfdffcf0b05d3457faa89f6918') in 0.02597675 seconds [static and dynamic dependencies]. Details - ImportResultOutputID=f4a541714b66823d2ccaec5dc129553a DependenciesID=cf264f39f717c859951d528452d3720f StaticDependenciesID=873e989ae105bf475c273fd08d6402da 
Start importing Assets/Resources/CardArt/d-water-5.png using Guid(9f84e6bb2563c45d8a799fa7411e3267) (TextureImporter) -> (Import Result ID: '694926830684fb6157e74dcb4bb5a251') in 0.025258709 seconds [static and dynamic dependencies]. Details - ImportResultOutputID=b872e7ffaff6067a7411bfe00c60c040 DependenciesID=8d5c86e9de3f7e56cf48d11ef20b291c StaticDependenciesID=ffaa5514895f34fbe6dc9f248ebf1abf 
Start importing Assets/Resources/CardArt/cj-dark.png using Guid(cfb8ad4e25e534af584c6416afed3045) (TextureImporter) -> (Import Result ID: '865af4b5f982ffc0a1354ee7128ede84') in 0.024979333 seconds [static and dynamic dependencies]. Details - ImportResultOutputID=6921c4cef4353928a676786c88f7fcdb DependenciesID=4adbc616e896d7e4233804e708ac2db8 StaticDependenciesID=2a85a0a23601ac46777e7d32f041e90d 
Start importing Assets/Resources/UI/pack-shadow.png using Guid(ef093c22ee5df4028b0765bcc4fd6000) (TextureImporter) -> (Import Result ID: 'd83c2163178de3359a9495ef528d4850') in 0.039554708 seconds [static and dynamic dependencies]. Details - ImportResultOutputID=b1c551c9f25f092350c38755e3985e0c DependenciesID=4d094efc893953352e74db1a6d17d146 StaticDependenciesID=145e9c19b2ba5f7631c83f6c5335cb34 
(Values over 0.050ms)
Asset Pipeline Refresh (id=eff42cd9db30b4a7782f00d3e1676ad2): Total: 7.740 seconds - Initiated by InitialRefreshV2(ForceSynchronousImport)
	Summary:
		Imports: total=164 (actual=164, local cache=0, cache server=0)
		Asset DB Process Time: managed=197 ms, native=6331 ms
		Asset DB Callback time: managed=78 ms, native=21 ms
		Scripting: domain reloads=1, domain reload time=362 ms, compile time=735 ms, other=12 ms
		Project Asset Count: scripts=809, non-scripts=1203
		Asset File Changes: new=0, changed=164, moved=0, deleted=0
		Scan Filter Count: 1
	InvokePackagesCallback: 12.674ms
	ApplyChangesToAssetFolders: 0.135ms
	Scan: 359.258ms
	OnSourceAssetsModified: 0.772ms
	CategorizeScriptCompilationAssets: 20.743ms
	ProcessAssetsWithTransientArtifactChanges: 14.594ms
	CategorizeAssets: 13.917ms
	CompileScripts: 735.447ms
	ImportOutOfDateAssets: 6065.250ms (1244.014ms without children)
		ImportManagerImport: 4820.569ms (2.546ms without children)
			UpdateCategorizedAssets: 0.445ms
		UnloadImportedAssets: 0.109ms
		EnsureUptoDateAssetsAreRegisteredWithGuidPM: 0.191ms
		OnDemandSchedulerStart: 0.362ms
	PostProcessAllAssets: 83.016ms
		VCAutoAddAssetPostprocess 2.263ms
		ShaderAssetModifiedCallback 0.347ms
		PostProcessCallbackCreateDeferredMaterials 0.234ms
		ComputeShaderImportPostprocess 0.118ms
		XRBuildSystem.XRAssetImported 0.107ms
		RaytracingShaderImportPostprocess 0.107ms
		SpeedTreeImporter.PostprocessAllAssets 0.088ms
		LocalizationDatabase.AssetDatabasePostprocessCallback 0.064ms
		AssemblyValidation.PostprocessAllAssets 0.058ms
		BlockShaderImporter.PostprocessAllAssets 0.052ms
		MonoPostProcessAllAssets: 77.725ms
			AssetPostprocessor.OnPostprocessAllAssets 44.490ms
			StyleCatalogPostProcessor.OnPostprocessAllAssets 7.245ms
			WindowAssetPostprocessingWatcher.OnPostprocessAllAssets 4.416ms
			BuilderAssetPostprocessor.OnPostprocessAllAssets 3.883ms
			TextAssetPostProcessor.OnPostprocessAllAssets 1.212ms
			AssetChangedListener.OnPostprocessAllAssets 0.855ms
			RetainedModeAssetPostprocessor.OnPostprocessAllAssets 0.682ms
			ArtifactBrowserPostProcessor.OnPostprocessAllAssets 0.676ms
			SpeedTree9Postprocessor.OnPostprocessAllAssets 0.647ms
			SyncVS.PostprocessSyncProject 0.575ms
			TMPro_TexturePostProcessor.OnPostprocessAllAssets 0.443ms
			InputActionAssetPostprocessor.OnPostprocessAllAssets 0.442ms
			InputActionJsonNameModifierAssetProcessor.OnPostprocessAllAssets 0.305ms
			SpriteEditorTexturePostprocessor.OnPostprocessAllAssets 0.267ms
			TerrainToolbarOverlayPostProcessor.OnPostprocessAllAssets 0.213ms
			ReferencedClipsPostProcessor.OnPostprocessAllAssets 0.153ms
			AudioMixerPostprocessor.OnPostprocessAllAssets 0.150ms
			AssetEvents.OnPostprocessAllAssets 0.097ms
			AssetDatabaseCallbacks.OnPostprocessAllAssets 0.080ms
			ProjectSettingsPostprocessor.OnPostprocessAllAssets 0.079ms
			SpeedTreePostProcessor.OnPostprocessAllAssets 0.071ms
			ConfigAssetsTracker.OnPostprocessAllAssets 0.070ms
			RenderPipelineGlobalSettingsPostprocessor.OnPostprocessAllAssets 0.069ms
			ScenarioDriftAssetsTracker.OnPostprocessAllAssets 0.062ms
	PostAssetChangesProfiler: 4.414ms
	UnloadStreamsBegin: 0.504ms
	PersistCurrentRevisions: 0.168ms
	GenerateScriptTypeHashes: 0.983ms
	GenerateScriptTypeSerializationHashes: 2.237ms
	Untracked: 427.660ms

Application.AssetDatabase Initial Refresh End
Scanning for USB devices : 0.068ms
Initializing Unity extensions:
[MODES] ModeService[none].Initialize
[MODES] ModeService[none].LoadModes
[MODES] Loading mode Default (0) for mode-current-id-Dual Craft
Unloading 17 Unused Serialized files (Serialized files now loaded: 0)
Unloading 3532 unused Assets / (2.4 MB). Loaded Objects now: 4133.
Memory consumption went from 169.8 MB to 167.4 MB.
Total: 7.730042 ms (FindLiveObjects: 0.133334 ms CreateObjectMapping: 0.063791 ms MarkObjects: 6.637250 ms  DeleteObjects: 0.742959 ms)

[ServicesCore]: To use Unity's dashboard services, you need to link your Unity project to a project ID. To do this, go to Project Settings to select your organization, select your project and then link a project ID. You also need to make sure your organization has access to the required products. Visit https://dashboard.unity3d.com to sign up.
UnityEngine.Debug:ExtractStackTraceNoAlloc (byte*,int,string)
UnityEngine.StackTraceUtility:ExtractStackTrace () (at /Users/bokken/build/output/unity/unity/Runtime/Export/Scripting/StackTrace.cs:35)
UnityEngine.DebugLogHandler:Internal_Log (UnityEngine.LogType,UnityEngine.LogOption,string,UnityEngine.Object)
UnityEngine.DebugLogHandler:LogFormat (UnityEngine.LogType,UnityEngine.Object,string,object[])
UnityEngine.Logger:LogWarning (string,object)
Unity.Services.Core.Internal.CoreLogger:LogWarning (object) (at ./Library/PackageCache/com.unity.services.core@8ba50f624741/Runtime/Core.Internal/Logging/CoreLogger.cs:15)
Unity.Services.Core.Editor.ProjectUnlinkBuildWarning:OnPreprocessBuild (UnityEditor.Build.Reporting.BuildReport) (at ./Library/PackageCache/com.unity.services.core@8ba50f624741/Editor/Core/Build/ProjectUnlinkBuildWarning.cs:29)
UnityEditor.Build.BuildPipelineInterfaces/<>c__DisplayClass17_0:<OnBuildPreProcess>b__1 (UnityEditor.Build.IPreprocessBuildWithReport) (at /Users/bokken/build/output/unity/unity/Editor/Mono/BuildPipeline/BuildPipelineInterfaces.cs:526)
UnityEditor.Build.BuildPipelineInterfaces:InvokeCallbackInterfacesPair<UnityEditor.Build.IPreprocessBuild, UnityEditor.Build.IPreprocessBuildWithReport> (System.Collections.Generic.List`1<UnityEditor.Build.IPreprocessBuild>,System.Action`1<UnityEditor.Build.IPreprocessBuild>,System.Collections.Generic.List`1<UnityEditor.Build.IPreprocessBuildWithReport>,System.Action`1<UnityEditor.Build.IPreprocessBuildWithReport>,bool) (at /Users/bokken/build/output/unity/unity/Editor/Mono/BuildPipeline/BuildPipelineInterfaces.cs:492)
UnityEditor.Build.BuildPipelineInterfaces:OnBuildPreProcess (UnityEditor.Build.Reporting.BuildReport) (at /Users/bokken/build/output/unity/unity/Editor/Mono/BuildPipeline/BuildPipelineInterfaces.cs:524)
UnityEditor.BuildPipeline:BuildPlayerInternal (string[],string,string,UnityEditor.BuildTargetGroup,UnityEditor.BuildTarget,int,UnityEditor.BuildOptions,string[],bool)
UnityEditor.BuildPipeline:BuildPlayer (UnityEditor.BuildPlayerOptions) (at /Users/bokken/build/output/unity/unity/Editor/Mono/BuildPipeline/BuildPipeline.bindings.cs:190)
BuildScript:BuildMacOS () (at Assets/Editor/BuildScript.cs:28)

(Filename: ./Library/PackageCache/com.unity.services.core@8ba50f624741/Editor/Core/Build/ProjectUnlinkBuildWarning.cs Line: 29)

Found installed macOS SDK 26.2.
Launching external process: /Applications/Unity/Hub/Editor/6000.4.2f1/Unity.app/Contents/Helpers/UnityShaderCompiler
Launched and connected shader compiler UnityShaderCompiler after 0.04 seconds
info: Microsoft.AspNetCore.Hosting.Diagnostics[1]
      Request starting HTTP/2 POST http://ilpp/UnityILPP.PostProcessing/Ping - application/grpc -
info: Microsoft.AspNetCore.Routing.EndpointMiddleware[0]
      Executing endpoint 'gRPC - /UnityILPP.PostProcessing/Ping'
info: Microsoft.AspNetCore.Routing.EndpointMiddleware[1]
      Executed endpoint 'gRPC - /UnityILPP.PostProcessing/Ping'
info: Microsoft.AspNetCore.Hosting.Diagnostics[2]
      Request finished HTTP/2 POST http://ilpp/UnityILPP.PostProcessing/Ping - 200 - application/grpc 1.0993ms
Starting: /Applications/Unity/Hub/Editor/6000.4.2f1/Unity.app/Contents/Resources/BuildPipeline/bee_backend --ipc --defer-dag-verification --dagfile="Library/Bee/200b0aESkipCompile.dag" --continue-on-failure --profile="Library/Bee/backend1.traceevents" ScriptAssembliesAndTypeDB
WorkingDir: /Users/stephenalexanderbright/dual-craft-unity
ExitCode: 0 Duration: 0s35ms
*** Tundra build success (0.02 seconds), 0 items updated, 3 evaluated
Total cache size 98839532
Total cache size after purge 98839532, took 00:00:00.0225479
Start importing Assets/Resources/PerformanceTestRunSettings.json using Guid(c07a207efba744a4280b7a87e32599f6) (TextScriptImporter) -> (Import Result ID: '299abeade4d8ea90877e607cdc45b6cc') in 0.004290291 seconds [static dependencies only]. Details - ImportResultOutputID=b583df5d6002988bdfbc606693c064de DependenciesID=5667264b92592fc653a320e3222ebf8b StaticDependenciesID=36c149100ca4ec8e3ab66b19d447bcfa 
Start importing Assets/Resources/PerformanceTestRunInfo.json using Guid(7ddb8cb8ffdbf470ab28c23a6d094c17) (TextScriptImporter) -> (Import Result ID: '0faa05d03e9a30eeb1cc24cdee60d959') in 0.000608041 seconds [static dependencies only]. Details - ImportResultOutputID=17ef8154c286fcca067e425d350e0fc9 DependenciesID=4c26cd9681122fd8d69225c3fdfbad95 StaticDependenciesID=c45ab1477c516ea2d2f092aea4ed189f 
Asset Pipeline Refresh (id=88829ad7c7d334e8caa91adcffb20704): Total: 0.047 seconds - Initiated by RefreshV2(NoUpdateAssetOptions)
[ScriptCompilation] Requested script compilation because: Recompiling scripts for player build.
BuildPlayer: start building target 2
info: Microsoft.AspNetCore.Hosting.Diagnostics[1]
      Request starting HTTP/2 POST http://ilpp/UnityILPP.PostProcessing/Ping - application/grpc -
info: Microsoft.AspNetCore.Routing.EndpointMiddleware[0]
      Executing endpoint 'gRPC - /UnityILPP.PostProcessing/Ping'
info: Microsoft.AspNetCore.Routing.EndpointMiddleware[1]
      Executed endpoint 'gRPC - /UnityILPP.PostProcessing/Ping'
info: Microsoft.AspNetCore.Hosting.Diagnostics[2]
      Request finished HTTP/2 POST http://ilpp/UnityILPP.PostProcessing/Ping - 200 - application/grpc 0.1520ms
Starting: /Applications/Unity/Hub/Editor/6000.4.2f1/Unity.app/Contents/Resources/BuildPipeline/bee_backend --ipc --defer-dag-verification --dagfile="Library/Bee/200b0aP.dag" --continue-on-failure --profile="Library/Bee/backend1.traceevents" ScriptAssembliesAndTypeDB
WorkingDir: /Users/stephenalexanderbright/dual-craft-unity
info: Microsoft.AspNetCore.Hosting.Diagnostics[1]
      Request starting HTTP/2 POST http://ilpp/UnityILPP.PostProcessing/ConfigurePostProcessors - application/grpc -
info: Microsoft.AspNetCore.Routing.EndpointMiddleware[0]
      Executing endpoint 'gRPC - /UnityILPP.PostProcessing/ConfigurePostProcessors'
info: Unity.ILPP.Runner.PostProcessingAssemblyLoadContext[0]
      ALC ILPP context 1 is unloading
info: Unity.ILPP.Runner.PostProcessingAssemblyLoadContext[0]
      Resolved Unity.Burst.Cecil, Version=0.11.6.0, Culture=neutral, PublicKeyToken=50cebf1cceb9d05e with Library/PackageCache/com.unity.burst@6bb9aca3ef38/Unity.Burst.CodeGen/Unity.Burst.Cecil.dll
info: Unity.ILPP.Runner.PostProcessingAssemblyLoadContext[0]
      Resolved Mono.Cecil, Version=0.11.5.0, Culture=neutral, PublicKeyToken=50cebf1cceb9d05e with Library/PackageCache/com.unity.nuget.mono-cecil@ecb9724e46ff/Mono.Cecil.dll
info: Microsoft.AspNetCore.Routing.EndpointMiddleware[1]
      Executed endpoint 'gRPC - /UnityILPP.PostProcessing/ConfigurePostProcessors'
info: Microsoft.AspNetCore.Hosting.Diagnostics[2]
      Request finished HTTP/2 POST http://ilpp/UnityILPP.PostProcessing/ConfigurePostProcessors - 200 - application/grpc 5.5519ms
ExitCode: 0 Duration: 0s206ms
[483/579    0s] ILPP-Configuration Library/ilpp-configuration.nevergeneratedoutput
[506/579    0s] CopyFiles Library/Bee/PlayerScriptAssemblies/Unity.Services.Authentication.PlayerAccounts.dll
[508/579    0s] CopyFiles Library/Bee/PlayerScriptAssemblies/Unity.Services.Core.Scheduler.dll
[510/579    0s] CopyFiles Library/Bee/PlayerScriptAssemblies/Unity.InternalAPIEngineBridge.004.dll
[511/579    0s] CopyFiles Library/Bee/PlayerScriptAssemblies/Unity.TextMeshPro.dll
[512/579    0s] CopyFiles Library/Bee/PlayerScriptAssemblies/Unity.Mathematics.dll
[513/579    0s] CopyFiles Library/Bee/PlayerScriptAssemblies/DualCraft.dll
[514/579    0s] CopyFiles Library/Bee/PlayerScriptAssemblies/Unity.Timeline.dll
[516/579    0s] CopyFiles Library/Bee/PlayerScriptAssemblies/Unity.Networking.Transport.dll
[517/579    0s] CopyFiles Library/Bee/PlayerScriptAssemblies/Unity.InputSystem.ForUI.dll
[518/579    0s] CopyFiles Library/Bee/PlayerScriptAssemblies/Unity.Services.Relay.dll
[519/579    0s] CopyFiles Library/Bee/PlayerScriptAssemblies/UnityEngine.UI.dll
[520/579    0s] CopyFiles Library/Bee/PlayerScriptAssemblies/unity-websocket-sharp.dll
[521/579    0s] CopyFiles Library/Bee/PlayerScriptAssemblies/Unity.Services.Authentication.dll
[522/579    0s] CopyFiles Library/Bee/PlayerScriptAssemblies/Unity.Services.Core.Networking.dll
[523/579    0s] CopyFiles Library/Bee/PlayerScriptAssemblies/Unity.Services.Core.Internal.dll
[524/579    0s] CopyFiles Library/Bee/PlayerScriptAssemblies/Unity.Services.Core.Configuration.dll
[526/579    0s] CopyFiles Library/Bee/PlayerScriptAssemblies/Unity.Services.Core.Environments.Internal.dll
[528/579    0s] CopyFiles Library/Bee/PlayerScriptAssemblies/Unity.Services.Wire.Internal.dll
[529/579    0s] CopyFiles Library/Bee/PlayerScriptAssemblies/Unity.Services.Core.Analytics.dll
[530/579    0s] CopyFiles Library/Bee/PlayerScriptAssemblies/Unity.Services.Lobbies.dll
[531/579    0s] CopyFiles Library/Bee/PlayerScriptAssemblies/Unity.Services.Core.Components.dll
[532/579    0s] CopyFiles Library/Bee/PlayerScriptAssemblies/Unity.Services.Core.Telemetry.dll
[533/579    0s] CopyFiles Library/Bee/PlayerScriptAssemblies/Unity.Services.Core.Device.dll
[534/579    0s] CopyFiles Library/Bee/PlayerScriptAssemblies/Unity.Services.Core.Threading.dll
[536/579    0s] CopyFiles Library/Bee/PlayerScriptAssemblies/Unity.Services.Core.dll
[537/579    0s] CopyFiles Library/Bee/PlayerScriptAssemblies/Unity.Services.Core.Device.pdb
[538/579    0s] CopyFiles Library/Bee/PlayerScriptAssemblies/Unity.InputSystem.dll
[539/579    0s] CopyFiles Library/Bee/PlayerScriptAssemblies/Unity.Collections.dll
[540/579    0s] CopyFiles Library/Bee/PlayerScriptAssemblies/Unity.Services.Authentication.pdb
[541/579    0s] CopyFiles Library/Bee/PlayerScriptAssemblies/Unity.Services.Core.Telemetry.pdb
[542/579    0s] CopyFiles Library/Bee/PlayerScriptAssemblies/DualCraft.pdb
[543/579    0s] CopyFiles Library/Bee/PlayerScriptAssemblies/Unity.InternalAPIEngineBridge.004.pdb
[544/579    0s] CopyFiles Library/Bee/PlayerScriptAssemblies/Unity.Burst.pdb
[545/579    0s] CopyFiles Library/Bee/PlayerScriptAssemblies/Unity.Burst.dll
[546/579    0s] CopyFiles Library/Bee/PlayerScriptAssemblies/Unity.Services.Authentication.PlayerAccounts.pdb
[547/579    0s] CopyFiles Library/Bee/PlayerScriptAssemblies/Unity.Networking.Transport.pdb
[548/579    0s] CopyFiles Library/Bee/PlayerScriptAssemblies/Unity.Services.Relay.pdb
[550/579    0s] CopyFiles Library/Bee/PlayerScriptAssemblies/Unity.Services.Core.Environments.Internal.pdb
[551/579    0s] CopyFiles Library/Bee/PlayerScriptAssemblies/Unity.Services.Core.Internal.pdb
[552/579    0s] CopyFiles Library/Bee/PlayerScriptAssemblies/Unity.Services.Core.Configuration.pdb
[553/579    0s] CopyFiles Library/Bee/PlayerScriptAssemblies/Unity.Collections.pdb
[554/579    0s] CopyFiles Library/Bee/PlayerScriptAssemblies/Unity.Services.Core.Analytics.pdb
[555/579    0s] CopyFiles Library/Bee/PlayerScriptAssemblies/Unity.Services.Core.Threading.pdb
[556/579    0s] CopyFiles Library/Bee/PlayerScriptAssemblies/unity-websocket-sharp.pdb
[557/579    0s] CopyFiles Library/Bee/PlayerScriptAssemblies/Unity.Services.Core.Environments.dll
[558/579    0s] CopyFiles Library/Bee/PlayerScriptAssemblies/Unity.InputSystem.pdb
[559/579    0s] CopyFiles Library/Bee/PlayerScriptAssemblies/Unity.TextMeshPro.pdb
[560/579    0s] CopyFiles Library/Bee/PlayerScriptAssemblies/Unity.Services.Core.Environments.pdb
[561/579    0s] CopyFiles Library/Bee/PlayerScriptAssemblies/Unity.Services.Core.Networking.pdb
[562/579    0s] CopyFiles Library/Bee/PlayerScriptAssemblies/Unity.Mathematics.pdb
[563/579    0s] CopyFiles Library/Bee/PlayerScriptAssemblies/Unity.Timeline.pdb
[564/579    0s] CopyFiles Library/Bee/PlayerScriptAssemblies/Unity.Services.Core.pdb
[565/579    0s] CopyFiles Library/Bee/PlayerScriptAssemblies/Unity.Services.Core.Scheduler.pdb
[566/579    0s] CopyFiles Library/Bee/PlayerScriptAssemblies/UnityEngine.UI.pdb
[567/579    0s] CopyFiles Library/Bee/PlayerScriptAssemblies/Unity.Services.Lobbies.pdb
[568/579    0s] CopyFiles Library/Bee/PlayerScriptAssemblies/Unity.InputSystem.ForUI.pdb
[569/579    0s] CopyFiles Library/Bee/PlayerScriptAssemblies/Unity.Services.Core.Components.pdb
[570/579    0s] CopyFiles Library/Bee/PlayerScriptAssemblies/Unity.Services.Wire.Internal.pdb
[573/579    0s] CopyFiles Library/Bee/PlayerScriptAssemblies/Unity.Services.QoS.pdb
[574/579    0s] CopyFiles Library/Bee/PlayerScriptAssemblies/Unity.Services.QoS.dll
[575/579    0s] CopyFiles Library/Bee/PlayerScriptAssemblies/Unity.Services.Core.Registration.dll
[576/579    0s] CopyFiles Library/Bee/PlayerScriptAssemblies/Unity.Services.Core.Registration.pdb
*** Tundra build success (0.19 seconds), 63 items updated, 579 evaluated
Total cache size 98839532
Total cache size after purge 98839532, took 00:00:00.0699109
Rebuilding Data files because Assets/Resources/CardArt/disp-6.png is dirty (hash)


Mono dependencies included in the build
Dependency assembly - System.Data.dll
Dependency assembly - System.Runtime.Numerics.dll
Dependency assembly - System.ServiceModel.NetTcp.dll
Dependency assembly - System.Runtime.Serialization.dll
Dependency assembly - System.Windows.Forms.DataVisualization.dll
Dependency assembly - System.IO.Compression.ZipFile.dll
Dependency assembly - System.Memory.dll
Dependency assembly - System.Workflow.Activities.dll
Dependency assembly - System.Runtime.Serialization.Formatters.dll
Dependency assembly - IBM.Data.DB2.dll
Dependency assembly - DualCraft.dll
Dependency assembly - System.Threading.Timer.dll
Dependency assembly - ICSharpCode.SharpZipLib.dll
Dependency assembly - System.IO.MemoryMappedFiles.dll
Dependency assembly - Unity.Services.Wire.Internal.dll
Dependency assembly - System.Workflow.Runtime.dll
Dependency assembly - Unity.InternalAPIEngineBridge.004.dll
Dependency assembly - System.ComponentModel.TypeConverter.dll
Dependency assembly - System.Security.Claims.dll
Dependency assembly - Mono.Management.dll
Dependency assembly - Unity.Timeline.dll
Dependency assembly - System.Runtime.Handles.dll
Dependency assembly - System.Xml.ReaderWriter.dll
Dependency assembly - System.Runtime.DurableInstancing.dll
Dependency assembly - System.Xml.Xsl.Primitives.dll
Dependency assembly - System.Xml.XPath.XDocument.dll
Dependency assembly - WebMatrix.Data.dll
Dependency assembly - System.Security.Cryptography.Cng.dll
Dependency assembly - System.ComponentModel.Primitives.dll
Dependency assembly - System.Runtime.CompilerServices.Unsafe.dll
Dependency assembly - System.Reflection.Extensions.dll
Dependency assembly - System.Xml.Serialization.dll
Dependency assembly - System.Security.Cryptography.RandomNumberGenerator.dll
Dependency assembly - System.Runtime.CompilerServices.VisualC.dll
Dependency assembly - System.Resources.ResourceManager.dll
Dependency assembly - System.Data.Entity.dll
Dependency assembly - System.Net.Http.Rtc.dll
Dependency assembly - System.Reactive.Debugger.dll
Dependency assembly - System.IO.Hashing.dll
Dependency assembly - System.Diagnostics.Debug.dll
Dependency assembly - System.Web.Razor.dll
Dependency assembly - System.Security.Cryptography.X509Certificates.dll
Dependency assembly - System.Security.Cryptography.Hashing.dll
Dependency assembly - System.Web.WebPages.Razor.dll
Dependency assembly - System.Windows.dll
Dependency assembly - Mono.WebBrowser.dll
Dependency assembly - CustomMarshalers.dll
Dependency assembly - System.Json.dll
Dependency assembly - System.IO.FileSystem.Watcher.dll
Dependency assembly - System.Runtime.Extensions.dll
Dependency assembly - System.IO.UnmanagedMemoryStream.dll
Dependency assembly - System.Net.NetworkInformation.dll
Dependency assembly - System.Threading.AccessControl.dll
Dependency assembly - System.Dynamic.dll
Dependency assembly - Mono.Data.Tds.dll
Dependency assembly - System.IO.IsolatedStorage.dll
Dependency assembly - SMDiagnostics.dll
Dependency assembly - System.Reactive.Core.dll
Dependency assembly - System.dll
Dependency assembly - System.ServiceModel.Discovery.dll
Dependency assembly - System.ServiceModel.Routing.dll
Dependency assembly - System.Drawing.Primitives.dll
Dependency assembly - System.Diagnostics.Contracts.dll
Dependency assembly - System.Numerics.dll
Dependency assembly - Microsoft.Web.Infrastructure.dll
Dependency assembly - Mono.XBuild.Tasks.dll
Dependency assembly - PEAPI.dll
Dependency assembly - Unity.Services.Relay.dll
Dependency assembly - System.Net.WebHeaderCollection.dll
Dependency assembly - System.Threading.Overlapped.dll
Dependency assembly - Unity.Services.Core.Configuration.dll
Dependency assembly - System.IO.FileSystem.dll
Dependency assembly - System.Net.WebSockets.dll
Dependency assembly - System.Threading.ThreadPool.dll
Dependency assembly - Mono.Data.Sqlite.dll
Dependency assembly - System.Linq.Queryable.dll
Dependency assembly - System.ServiceProcess.dll
Dependency assembly - System.Resources.ReaderWriter.dll
Dependency assembly - System.Net.HttpListener.dll
Dependency assembly - System.Console.dll
Dependency assembly - System.Text.Encoding.CodePages.dll
Dependency assembly - System.ComponentModel.EventBasedAsync.dll
Dependency assembly - System.Diagnostics.TraceSource.dll
Dependency assembly - System.Collections.dll
Dependency assembly - I18N.West.dll
Dependency assembly - System.Threading.Thread.dll
Dependency assembly - System.Web.WebPages.dll
Dependency assembly - System.ServiceProcess.ServiceController.dll
Dependency assembly - System.Threading.Tasks.Extensions.dll
Dependency assembly - System.Reactive.PlatformServices.dll
Dependency assembly - System.IdentityModel.Selectors.dll
Dependency assembly - System.Security.Cryptography.Csp.dll
Dependency assembly - System.Web.Http.dll
Dependency assembly - System.Net.Primitives.dll
Dependency assembly - System.ComponentModel.Composition.dll
Dependency assembly - System.Globalization.Extensions.dll
Dependency assembly - Mono.Security.dll
Dependency assembly - System.Linq.dll
Dependency assembly - System.Reactive.Linq.dll
Dependency assembly - System.Security.Cryptography.Pkcs.dll
Dependency assembly - System.Text.Encoding.Extensions.dll
Dependency assembly - System.Reactive.Experimental.dll
Dependency assembly - System.Reflection.DispatchProxy.dll
Dependency assembly - System.Data.OracleClient.dll
Dependency assembly - System.IO.FileSystem.Primitives.dll
Dependency assembly - System.Threading.Tasks.Dataflow.dll
Dependency assembly - System.Transactions.dll
Dependency assembly - System.Reactive.Observable.Aliases.dll
Dependency assembly - Microsoft.Win32.Primitives.dll
Dependency assembly - System.Web.DynamicData.dll
Dependency assembly - Commons.Xml.Relaxng.dll
Dependency assembly - System.Runtime.InteropServices.WindowsRuntime.dll
Dependency assembly - Unity.Services.Core.Environments.dll
Dependency assembly - Unity.Services.Lobbies.dll
Dependency assembly - Unity.Services.Core.Registration.dll
Dependency assembly - Microsoft.Win32.Registry.dll
Dependency assembly - Accessibility.dll
Dependency assembly - System.Reflection.Context.dll
Dependency assembly - Mono.Options.dll
Dependency assembly - cscompmgd.dll
Dependency assembly - System.Runtime.InteropServices.RuntimeInformation.dll
Dependency assembly - System.DirectoryServices.Protocols.dll
Dependency assembly - System.Xml.Linq.dll
Dependency assembly - Microsoft.Build.Utilities.v4.0.dll
Dependency assembly - System.Numerics.Vectors.dll
Dependency assembly - System.Web.Extensions.dll
Dependency assembly - Unity.Services.Core.Device.dll
Dependency assembly - System.Linq.Expressions.dll
Dependency assembly - System.ServiceModel.Activation.dll
Dependency assembly - System.ComponentModel.Annotations.dll
Dependency assembly - Microsoft.Build.dll
Dependency assembly - System.Security.Cryptography.Encryption.ECDsa.dll
Dependency assembly - Unity.Burst.Unsafe.dll
Dependency assembly - Unity.Services.Core.Internal.dll
Dependency assembly - System.DirectoryServices.dll
Dependency assembly - System.Web.RegularExpressions.dll
Dependency assembly - System.Net.Ping.dll
Dependency assembly - System.Reflection.TypeExtensions.dll
Dependency assembly - Microsoft.Win32.Registry.AccessControl.dll
Dependency assembly - System.Net.dll
Dependency assembly - System.IO.dll
Dependency assembly - System.Net.Cache.dll
Dependency assembly - netstandard.dll
Dependency assembly - System.Reflection.Emit.Lightweight.dll
Dependency assembly - Microsoft.Build.Framework.dll
Dependency assembly - System.Web.Services.dll
Dependency assembly - Microsoft.CSharp.dll
Dependency assembly - System.Buffers.dll
Dependency assembly - System.Net.Http.dll
Dependency assembly - Mono.CSharp.dll
Dependency assembly - System.Resources.Reader.dll
Dependency assembly - System.Security.Cryptography.Encryption.Aes.dll
Dependency assembly - System.Json.Microsoft.dll
Dependency assembly - System.Deployment.dll
Dependency assembly - System.Windows.Forms.dll
Dependency assembly - System.Xml.XmlDocument.dll
Dependency assembly - Mono.Tasklets.dll
Dependency assembly - System.Net.Http.WebRequest.dll
Dependency assembly - System.Runtime.Caching.dll
Dependency assembly - Unity.Networking.Transport.dll
Dependency assembly - System.IO.Compression.dll
Dependency assembly - monodoc.dll
Dependency assembly - System.ServiceModel.dll
Dependency assembly - System.Messaging.dll
Dependency assembly - System.Workflow.ComponentModel.dll
Dependency assembly - System.Collections.Concurrent.dll
Dependency assembly - Mono.CompilerServices.SymbolWriter.dll
Dependency assembly - Microsoft.Build.Tasks.v4.0.dll
Dependency assembly - System.Security.Cryptography.Encoding.dll
Dependency assembly - System.Reactive.Interfaces.dll
Dependency assembly - System.ComponentModel.dll
Dependency assembly - System.Reactive.Windows.Threading.dll
Dependency assembly - System.Data.DataSetExtensions.dll
Dependency assembly - System.Diagnostics.TraceEvent.dll
Dependency assembly - System.IO.FileSystem.AccessControl.dll
Dependency assembly - System.Core.dll
Dependency assembly - System.Xml.dll
Dependency assembly - System.Web.Mvc.dll
Dependency assembly - Mono.Profiler.Log.dll
Dependency assembly - System.Runtime.Remoting.dll
Dependency assembly - mscorlib.dll
Dependency assembly - System.Net.WebSockets.Client.dll
Dependency assembly - System.Security.Principal.Windows.dll
Dependency assembly - Unity.Services.QoS.dll
Dependency assembly - Mono.Http.dll
Dependency assembly - System.ServiceModel.Http.dll
Dependency assembly - System.Reflection.Emit.ILGeneration.dll
Dependency assembly - websocket-sharp.dll
Dependency assembly - System.Diagnostics.Tools.dll
Dependency assembly - System.Data.Common.dll
Dependency assembly - System.Linq.Parallel.dll
Dependency assembly - System.Net.Security.dll
Dependency assembly - UnityEngine.UI.dll
Dependency assembly - Unity.Services.Authentication.PlayerAccounts.dll
Dependency assembly - System.Data.Services.Client.dll
Dependency assembly - Unity.Services.Core.Analytics.dll
Dependency assembly - System.Web.Mobile.dll
Dependency assembly - System.Net.Requests.dll
Dependency assembly - System.ServiceModel.Primitives.dll
Dependency assembly - RabbitMQ.Client.dll
Dependency assembly - Novell.Directory.Ldap.dll
Dependency assembly - System.Web.dll
Dependency assembly - Unity.Collections.dll
Dependency assembly - Unity.Services.Authentication.dll
Dependency assembly - System.Diagnostics.Tracing.dll
Dependency assembly - System.Xml.XPath.XmlDocument.dll
Dependency assembly - I18N.Other.dll
Dependency assembly - System.Xml.XPath.dll
Dependency assembly - System.Globalization.dll
Dependency assembly - System.ObjectModel.dll
Dependency assembly - System.ServiceModel.Internals.dll
Dependency assembly - System.Reflection.Primitives.dll
Dependency assembly - Mono.Messaging.dll
Dependency assembly - System.Web.Extensions.Design.dll
Dependency assembly - Mono.C5.dll
Dependency assembly - System.Diagnostics.FileVersionInfo.dll
Dependency assembly - System.Dynamic.Runtime.dll
Dependency assembly - System.Security.Cryptography.ProtectedData.dll
Dependency assembly - System.ServiceModel.Web.dll
Dependency assembly - System.Security.Cryptography.Encryption.ECDiffieHellman.dll
Dependency assembly - System.Web.Abstractions.dll
Dependency assembly - System.Security.Cryptography.DeriveBytes.dll
Dependency assembly - System.Collections.NonGeneric.dll
Dependency assembly - System.Globalization.Calendars.dll
Dependency assembly - System.Runtime.Serialization.Primitives.dll
Dependency assembly - Unity.TextMeshPro.dll
Dependency assembly - System.Reactive.Windows.Forms.dll
Dependency assembly - System.Net.Sockets.dll
Dependency assembly - System.Web.Routing.dll
Dependency assembly - System.Web.WebPages.Deployment.dll
Dependency assembly - Unity.Services.Core.Networking.dll
Dependency assembly - System.Drawing.Design.dll
Dependency assembly - System.Runtime.Serialization.Json.dll
Dependency assembly - Unity.InputSystem.ForUI.dll
Dependency assembly - System.ServiceModel.Duplex.dll
Dependency assembly - System.Management.dll
Dependency assembly - System.Reactive.Runtime.Remoting.dll
Dependency assembly - System.Security.Cryptography.Algorithms.dll
Dependency assembly - Unity.Services.Core.dll
Dependency assembly - System.Xml.XmlSerializer.dll
Dependency assembly - System.Web.ApplicationServices.dll
Dependency assembly - System.Diagnostics.TextWriterTraceListener.dll
Dependency assembly - System.Net.AuthenticationManager.dll
Dependency assembly - Mono.Btls.Interface.dll
Dependency assembly - I18N.MidEast.dll
Dependency assembly - Microsoft.Build.Engine.dll
Dependency assembly - System.EnterpriseServices.dll
Dependency assembly - WindowsBase.dll
Dependency assembly - System.Configuration.Install.dll
Dependency assembly - Unity.Burst.dll
Dependency assembly - Unity.Services.Core.Scheduler.dll
Dependency assembly - System.Diagnostics.Process.dll
Dependency assembly - Mono.Simd.dll
Dependency assembly - System.Security.Cryptography.OpenSsl.dll
Dependency assembly - System.AppContext.dll
Dependency assembly - System.Collections.Specialized.dll
Dependency assembly - System.Runtime.Loader.dll
Dependency assembly - Mono.Posix.dll
Dependency assembly - Unity.Services.Core.Threading.dll
Dependency assembly - System.Runtime.InteropServices.dll
Dependency assembly - System.Web.Http.SelfHost.dll
Dependency assembly - System.Reflection.dll
Dependency assembly - System.Threading.dll
Dependency assembly - System.Security.AccessControl.dll
Dependency assembly - System.Data.Linq.dll
Dependency assembly - System.Configuration.dll
Dependency assembly - Microsoft.VisualC.dll
Dependency assembly - I18N.CJK.dll
Dependency assembly - System.IO.FileSystem.DriveInfo.dll
Dependency assembly - System.Threading.Tasks.Parallel.dll
Dependency assembly - System.Net.Http.Formatting.dll
Dependency assembly - I18N.dll
Dependency assembly - Unity.Services.Core.Components.dll
Dependency assembly - Unity.Collections.LowLevel.ILSupport.dll
Dependency assembly - Mono.Parallel.dll
Dependency assembly - SystemWebTestShim.dll
Dependency assembly - System.Runtime.Serialization.Formatters.Soap.dll
Dependency assembly - System.Security.Cryptography.Encryption.dll
Dependency assembly - Mono.Cairo.dll
Dependency assembly - System.Threading.Tasks.dll
Dependency assembly - System.Data.Services.dll
Dependency assembly - System.Net.NameResolution.dll
Dependency assembly - System.Runtime.Serialization.Xml.dll
Dependency assembly - System.Security.Cryptography.RSA.dll
Dependency assembly - System.ValueTuple.dll
Dependency assembly - Unity.Services.Core.Environments.Internal.dll
Dependency assembly - System.Diagnostics.StackTrace.dll
Dependency assembly - System.ComponentModel.DataAnnotations.dll
Dependency assembly - System.Xaml.dll
Dependency assembly - System.Web.Http.WebHost.dll
Dependency assembly - Unity.Mathematics.dll
Dependency assembly - System.Security.Cryptography.Primitives.dll
Dependency assembly - System.Text.RegularExpressions.dll
Dependency assembly - System.Net.ServicePoint.dll
Dependency assembly - System.Reflection.Emit.dll
Dependency assembly - System.Security.Principal.dll
Dependency assembly - Mono.Security.Win32.dll
Dependency assembly - System.Drawing.dll
Dependency assembly - System.Design.dll
Dependency assembly - System.Net.Mail.dll
Dependency assembly - Unity.Services.Core.Telemetry.dll
Dependency assembly - System.Net.Utilities.dll
Dependency assembly - System.Security.dll
Dependency assembly - System.Resources.Writer.dll
Dependency assembly - Newtonsoft.Json.dll
Dependency assembly - System.Text.Encoding.dll
Dependency assembly - System.IO.Pipes.dll
Dependency assembly - System.IdentityModel.dll
Dependency assembly - System.Xml.XDocument.dll
Dependency assembly - System.IO.Compression.FileSystem.dll
Dependency assembly - I18N.Rare.dll
Dependency assembly - unity-websocket-sharp.dll
Dependency assembly - System.Data.SqlClient.dll
Dependency assembly - System.ServiceModel.Security.dll
Dependency assembly - Mono.Messaging.RabbitMQ.dll
Dependency assembly - Unity.InputSystem.dll
Dependency assembly - System.Runtime.dll
Dependency assembly - System.Reactive.Providers.dll
Dependency assembly - System.Security.Cryptography.Hashing.Algorithms.dll
Dependency assembly - System.Security.SecureString.dll

Opening scene 'Assets/Scenes/MainMenu.unity'
Unloading 15 Unused Serialized files (Serialized files now loaded: 0)
Loaded scene 'Assets/Scenes/MainMenu.unity'
	Deserialize:            10.836 ms
	Integration:            139.652 ms
	Integration of assets:  0.185 ms
	Thread Wait Time:       -0.000 ms
	Total Operation Time:   150.673 ms
Unloading 59 unused Assets / (8.2 MB). Loaded Objects now: 4521.
Memory consumption went from 176.2 MB to 168.0 MB.
Total: 6.094375 ms (FindLiveObjects: 0.100916 ms CreateObjectMapping: 0.033459 ms MarkObjects: 5.653959 ms  DeleteObjects: 0.305375 ms)

Created GICache directory at /Users/stephenalexanderbright/Library/Caches/com.unity3d.UnityEditor/GiCache. Took: 0.002s, timestamps: [10.739 - 10.741]
Opening scene 'Assets/Scenes/DeckBuilder.unity'
Unloading 317 Unused Serialized files (Serialized files now loaded: 0)
Loaded scene 'Assets/Scenes/DeckBuilder.unity'
	Deserialize:            6.430 ms
	Integration:            108.988 ms
	Integration of assets:  0.040 ms
	Thread Wait Time:       0.000 ms
	Total Operation Time:   115.459 ms
Unloading 129 unused Assets / (0.7 MB). Loaded Objects now: 4892.
Memory consumption went from 269.0 MB to 268.4 MB.
Total: 4.433250 ms (FindLiveObjects: 0.099708 ms CreateObjectMapping: 0.054084 ms MarkObjects: 3.969375 ms  DeleteObjects: 0.309834 ms)

Opening scene 'Assets/Scenes/Battle.unity'
Unloading 13 Unused Serialized files (Serialized files now loaded: 0)
Loaded scene 'Assets/Scenes/Battle.unity'
	Deserialize:            4.535 ms
	Integration:            101.058 ms
	Integration of assets:  0.082 ms
	Thread Wait Time:       0.006 ms
	Total Operation Time:   105.680 ms
Unloading 85 unused Assets / (11.0 KB). Loaded Objects now: 4863.
Memory consumption went from 233.1 MB to 233.1 MB.
Total: 4.207625 ms (FindLiveObjects: 0.096042 ms CreateObjectMapping: 0.040625 ms MarkObjects: 4.004416 ms  DeleteObjects: 0.066375 ms)

Opening scene 'Assets/Scenes/Collection.unity'
Unloading 16 Unused Serialized files (Serialized files now loaded: 0)
Loaded scene 'Assets/Scenes/Collection.unity'
	Deserialize:            4.042 ms
	Integration:            102.343 ms
	Integration of assets:  0.114 ms
	Thread Wait Time:       0.001 ms
	Total Operation Time:   106.501 ms
Unloading 24 unused Assets / (12.2 KB). Loaded Objects now: 4940.
Memory consumption went from 235.0 MB to 234.9 MB.
Total: 4.866375 ms (FindLiveObjects: 0.127083 ms CreateObjectMapping: 0.041750 ms MarkObjects: 4.641333 ms  DeleteObjects: 0.056042 ms)

Opening scene 'Assets/Scenes/PackOpening.unity'
Unloading 14 Unused Serialized files (Serialized files now loaded: 0)
Loaded scene 'Assets/Scenes/PackOpening.unity'
	Deserialize:            3.430 ms
	Integration:            105.318 ms
	Integration of assets:  0.097 ms
	Thread Wait Time:       0.006 ms
	Total Operation Time:   108.850 ms
Unloading 11 unused Assets / (6.6 KB). Loaded Objects now: 4838.
Memory consumption went from 237.1 MB to 237.1 MB.
Total: 4.137208 ms (FindLiveObjects: 0.090542 ms CreateObjectMapping: 0.042083 ms MarkObjects: 3.966583 ms  DeleteObjects: 0.037875 ms)

Opening scene 'Assets/Scenes/Multiplayer.unity'
Unloading 8 Unused Serialized files (Serialized files now loaded: 0)
Loaded scene 'Assets/Scenes/Multiplayer.unity'
	Deserialize:            0.575 ms
	Integration:            98.724 ms
	Integration of assets:  0.001 ms
	Thread Wait Time:       0.006 ms
	Total Operation Time:   99.307 ms
Unloading 89 unused Assets / (21.7 KB). Loaded Objects now: 4526.
Memory consumption went from 235.7 MB to 235.7 MB.
Total: 4.003791 ms (FindLiveObjects: 0.085250 ms CreateObjectMapping: 0.036125 ms MarkObjects: 3.824416 ms  DeleteObjects: 0.057750 ms)

Unloading 1 Unused Serialized files (Serialized files now loaded: 0)
Unloading 349 unused Assets / (36.9 MB). Loaded Objects now: 4172.
Memory consumption went from 235.9 MB to 199.0 MB.
Total: 4.045000 ms (FindLiveObjects: 0.065541 ms CreateObjectMapping: 0.033959 ms MarkObjects: 3.650209 ms  DeleteObjects: 0.294834 ms)

Unloading 0 Unused Serialized files (Serialized files now loaded: 0)
Unloading 0 unused Assets / (0 B). Loaded Objects now: 4172.
Memory consumption went from 199.0 MB to 199.0 MB.
Total: 3.408791 ms (FindLiveObjects: 0.053458 ms CreateObjectMapping: 0.030292 ms MarkObjects: 3.322167 ms  DeleteObjects: 0.002666 ms)

Unloading 1 Unused Serialized files (Serialized files now loaded: 0)
Unloading 177 unused Assets / (146.9 MB). Loaded Objects now: 4172.
Memory consumption went from 347.1 MB to 200.2 MB.
Total: 11.854500 ms (FindLiveObjects: 0.057250 ms CreateObjectMapping: 0.027541 ms MarkObjects: 3.893917 ms  DeleteObjects: 7.875167 ms)

Compiling shader "DualCraft/CardHolographic"
  Pass "" (vp)
    Target graphics API: metal
    Full variant space:         1
    After settings filtering:   1
    After built-in stripping:   1
    After scriptable stripping: 1
    Processed in 0.00 seconds
  Pass "" (fp)
    Target graphics API: metal
    Full variant space:         1
    After settings filtering:   1
    After built-in stripping:   1
    After scriptable stripping: 1
    Processed in 0.00 seconds
  Pass  (vp, metal) finished in 0.00 seconds. Local cache hits 1 (0.00s CPU time), remote cache hits 0 (0.00s CPU time), compiled 0 variants (0.00s CPU time), skipped 0 variants.
    Prepared data for serialisation in 0.00s
  Pass  (fp, metal) finished in 0.00 seconds. Local cache hits 1 (0.00s CPU time), remote cache hits 0 (0.00s CPU time), compiled 0 variants (0.00s CPU time), skipped 0 variants.
    Prepared data for serialisation in 0.00s
Serialized binary data for shader DualCraft/CardHolographic in 0.00s
    metal (total internal programs: 2, unique: 2)
Compiling shader "Skybox/Procedural"
  Pass "" (vp)
    Target graphics API: metal
    Full variant space:         3
    After settings filtering:   3
    After built-in stripping:   3
    After scriptable stripping: 3
    Processed in 0.00 seconds
  Pass "" (fp)
    Target graphics API: metal
    Full variant space:         3
    After settings filtering:   3
    After built-in stripping:   3
    After scriptable stripping: 3
    Processed in 0.00 seconds
  Pass  (vp, metal) finished in 0.00 seconds. Local cache hits 3 (0.00s CPU time), remote cache hits 0 (0.00s CPU time), compiled 0 variants (0.00s CPU time), skipped 0 variants.
    Prepared data for serialisation in 0.00s
  Pass  (fp, metal) finished in 0.00 seconds. Local cache hits 3 (0.00s CPU time), remote cache hits 0 (0.00s CPU time), compiled 0 variants (0.00s CPU time), skipped 0 variants.
    Prepared data for serialisation in 0.00s
Serialized binary data for shader Skybox/Procedural in 0.00s
    metal (total internal programs: 6, unique: 6)
Compiling shader "TextMeshPro/Mobile/Distance Field"
  Pass "" (vp)
    Target graphics API: metal
    Full variant space:         12
    After settings filtering:   12
    After built-in stripping:   12
    After scriptable stripping: 12
    Processed in 0.00 seconds
  Pass "" (fp)
    Target graphics API: metal
    Full variant space:         12
    After settings filtering:   12
    After built-in stripping:   12
    After scriptable stripping: 12
    Processed in 0.00 seconds
  Pass  (vp, metal) finished in 0.00 seconds. Local cache hits 12 (0.02s CPU time), remote cache hits 0 (0.00s CPU time), compiled 0 variants (0.00s CPU time), skipped 0 variants.
    Prepared data for serialisation in 0.00s
  Pass  (fp, metal) finished in 0.00 seconds. Local cache hits 12 (0.01s CPU time), remote cache hits 0 (0.00s CPU time), compiled 0 variants (0.00s CPU time), skipped 0 variants.
    Prepared data for serialisation in 0.00s
Serialized binary data for shader TextMeshPro/Mobile/Distance Field in 0.00s
    metal (total internal programs: 24, unique: 24)
Compiling shader "Legacy Shaders/VertexLit"
  Pass "" (vp)
    Target graphics API: metal
    Full variant space:         12
    After settings filtering:   12
    After built-in stripping:   3
    After scriptable stripping: 3
    Processed in 0.00 seconds
  Pass "" (fp)
    Target graphics API: metal
    Full variant space:         12
    After settings filtering:   12
    After built-in stripping:   3
    After scriptable stripping: 3
    Processed in 0.00 seconds
  Pass "" (vp)
    Target graphics API: metal
    Full variant space:         4
    After settings filtering:   4
    After built-in stripping:   1
    After scriptable stripping: 1
    Processed in 0.00 seconds
  Pass "" (fp)
    Target graphics API: metal
    Full variant space:         4
    After settings filtering:   4
    After built-in stripping:   1
    After scriptable stripping: 1
    Processed in 0.00 seconds
  Pass "ShadowCaster" (vp)
    Target graphics API: metal
    Full variant space:         4
    After settings filtering:   4
    After built-in stripping:   2
    After scriptable stripping: 2
    Processed in 0.00 seconds
  Pass "ShadowCaster" (fp)
    Target graphics API: metal
    Full variant space:         4
    After settings filtering:   4
    After built-in stripping:   2
    After scriptable stripping: 2
    Processed in 0.00 seconds
  Pass  (vp, metal) finished in 0.00 seconds. Local cache hits 3 (0.01s CPU time), remote cache hits 0 (0.00s CPU time), compiled 0 variants (0.00s CPU time), skipped 0 variants.
    Prepared data for serialisation in 0.00s
  Pass  (fp, metal) finished in 0.00 seconds. Local cache hits 3 (0.00s CPU time), remote cache hits 0 (0.00s CPU time), compiled 0 variants (0.00s CPU time), skipped 0 variants.
    Prepared data for serialisation in 0.00s
  Pass  (vp, metal) finished in 0.00 seconds. Local cache hits 1 (0.00s CPU time), remote cache hits 0 (0.00s CPU time), compiled 0 variants (0.00s CPU time), skipped 0 variants.
    Prepared data for serialisation in 0.00s
  Pass  (fp, metal) finished in 0.00 seconds. Local cache hits 1 (0.00s CPU time), remote cache hits 0 (0.00s CPU time), compiled 0 variants (0.00s CPU time), skipped 0 variants.
    Prepared data for serialisation in 0.00s
  Pass ShadowCaster (vp, metal) finished in 0.00 seconds. Local cache hits 2 (0.00s CPU time), remote cache hits 0 (0.00s CPU time), compiled 0 variants (0.00s CPU time), skipped 0 variants.
    Prepared data for serialisation in 0.00s
  Pass ShadowCaster (fp, metal) finished in 0.00 seconds. Local cache hits 2 (0.00s CPU time), remote cache hits 0 (0.00s CPU time), compiled 0 variants (0.00s CPU time), skipped 0 variants.
    Prepared data for serialisation in 0.00s
Serialized binary data for shader Legacy Shaders/VertexLit in 0.00s
    metal (total internal programs: 12, unique: 12)
Compiling shader "Legacy Shaders/Diffuse"
  Pass "FORWARD" (vp)
    Target graphics API: metal
    Full variant space:         664
    After settings filtering:   664
    After built-in stripping:   8
    After scriptable stripping: 8
    Processed in 0.00 seconds
  Pass "FORWARD" (fp)
    Target graphics API: metal
    Full variant space:         504
    After settings filtering:   504
    After built-in stripping:   4
    After scriptable stripping: 4
    Processed in 0.00 seconds
  Pass "FORWARD" (vp)
    Target graphics API: metal
    Full variant space:         20
    After settings filtering:   20
    After built-in stripping:   5
    After scriptable stripping: 5
    Processed in 0.00 seconds
  Pass "FORWARD" (fp)
    Target graphics API: metal
    Full variant space:         20
    After settings filtering:   20
    After built-in stripping:   5
    After scriptable stripping: 5
    Processed in 0.00 seconds
  Pass "DEFERRED" (vp)
    Target graphics API: metal
    Full variant space:         76
    After settings filtering:   76
    After built-in stripping:   4
    After scriptable stripping: 4
    Processed in 0.00 seconds
  Pass "DEFERRED" (fp)
    Target graphics API: metal
    Full variant space:         76
    After settings filtering:   76
    After built-in stripping:   4
    After scriptable stripping: 4
    Processed in 0.00 seconds
  Pass FORWARD (vp, metal) finished in 0.00 seconds. Local cache hits 8 (0.00s CPU time), remote cache hits 0 (0.00s CPU time), compiled 0 variants (0.00s CPU time), skipped 0 variants.
    Prepared data for serialisation in 0.00s
  Pass FORWARD (fp, metal) finished in 0.00 seconds. Local cache hits 4 (0.00s CPU time), remote cache hits 0 (0.00s CPU time), compiled 0 variants (0.00s CPU time), skipped 0 variants.
    Prepared data for serialisation in 0.00s
  Pass FORWARD (vp, metal) finished in 0.00 seconds. Local cache hits 5 (0.00s CPU time), remote cache hits 0 (0.00s CPU time), compiled 0 variants (0.00s CPU time), skipped 0 variants.
    Prepared data for serialisation in 0.00s
  Pass FORWARD (fp, metal) finished in 0.00 seconds. Local cache hits 5 (0.00s CPU time), remote cache hits 0 (0.00s CPU time), compiled 0 variants (0.00s CPU time), skipped 0 variants.
    Prepared data for serialisation in 0.00s
  Pass DEFERRED (vp, metal) finished in 0.00 seconds. Local cache hits 4 (0.00s CPU time), remote cache hits 0 (0.00s CPU time), compiled 0 variants (0.00s CPU time), skipped 0 variants.
    Prepared data for serialisation in 0.00s
  Pass DEFERRED (fp, metal) finished in 0.00 seconds. Local cache hits 4 (0.00s CPU time), remote cache hits 0 (0.00s CPU time), compiled 0 variants (0.00s CPU time), skipped 0 variants.
    Prepared data for serialisation in 0.00s
Serialized binary data for shader Legacy Shaders/Diffuse in 0.00s
    metal (total internal programs: 30, unique: 29)
Compiling shader "Hidden/Internal-StencilWrite"
  Pass "" (vp)
    Target graphics API: metal
    Full variant space:         1
    After settings filtering:   1
    After built-in stripping:   1
    After scriptable stripping: 1
    Processed in 0.00 seconds
  Pass "" (fp)
    Target graphics API: metal
    Full variant space:         1
    After settings filtering:   1
    After built-in stripping:   1
    After scriptable stripping: 1
    Processed in 0.00 seconds
  Pass  (vp, metal) finished in 0.00 seconds. Local cache hits 1 (0.00s CPU time), remote cache hits 0 (0.00s CPU time), compiled 0 variants (0.00s CPU time), skipped 0 variants.
    Prepared data for serialisation in 0.00s
  Pass  (fp, metal) finished in 0.00 seconds. Local cache hits 1 (0.00s CPU time), remote cache hits 0 (0.00s CPU time), compiled 0 variants (0.00s CPU time), skipped 0 variants.
    Prepared data for serialisation in 0.00s
Serialized binary data for shader Hidden/Internal-StencilWrite in 0.00s
    metal (total internal programs: 2, unique: 2)
Compiling shader "Hidden/Internal-DepthNormalsTexture"
  Pass "" (vp)
    Target graphics API: metal
    Full variant space:         1
    After settings filtering:   1
    After built-in stripping:   1
    After scriptable stripping: 1
    Processed in 0.00 seconds
  Pass "" (fp)
    Target graphics API: metal
    Full variant space:         1
    After settings filtering:   1
    After built-in stripping:   1
    After scriptable stripping: 1
    Processed in 0.00 seconds
  Pass "" (vp)
    Target graphics API: metal
    Full variant space:         1
    After settings filtering:   1
    After built-in stripping:   1
    After scriptable stripping: 1
    Processed in 0.00 seconds
  Pass "" (fp)
    Target graphics API: metal
    Full variant space:         1
    After settings filtering:   1
    After built-in stripping:   1
    After scriptable stripping: 1
    Processed in 0.00 seconds
  Pass "" (vp)
    Target graphics API: metal
    Full variant space:         1
    After settings filtering:   1
    After built-in stripping:   1
    After scriptable stripping: 1
    Processed in 0.00 seconds
  Pass "" (fp)
    Target graphics API: metal
    Full variant space:         1
    After settings filtering:   1
    After built-in stripping:   1
    After scriptable stripping: 1
    Processed in 0.00 seconds
  Pass "" (vp)
    Target graphics API: metal
    Full variant space:         1
    After settings filtering:   1
    After built-in stripping:   1
    After scriptable stripping: 1
    Processed in 0.00 seconds
  Pass "" (fp)
    Target graphics API: metal
    Full variant space:         1
    After settings filtering:   1
    After built-in stripping:   1
    After scriptable stripping: 1
    Processed in 0.00 seconds
  Pass "" (vp)
    Target graphics API: metal
    Full variant space:         1
    After settings filtering:   1
    After built-in stripping:   1
    After scriptable stripping: 1
    Processed in 0.00 seconds
  Pass "" (fp)
    Target graphics API: metal
    Full variant space:         1
    After settings filtering:   1
    After built-in stripping:   1
    After scriptable stripping: 1
    Processed in 0.00 seconds
  Pass "" (vp)
    Target graphics API: metal
    Full variant space:         1
    After settings filtering:   1
    After built-in stripping:   1
    After scriptable stripping: 1
    Processed in 0.00 seconds
  Pass "" (fp)
    Target graphics API: metal
    Full variant space:         1
    After settings filtering:   1
    After built-in stripping:   1
    After scriptable stripping: 1
    Processed in 0.00 seconds
  Pass "" (vp)
    Target graphics API: metal
    Full variant space:         1
    After settings filtering:   1
    After built-in stripping:   1
    After scriptable stripping: 1
    Processed in 0.00 seconds
  Pass "" (fp)
    Target graphics API: metal
    Full variant space:         1
    After settings filtering:   1
    After built-in stripping:   1
    After scriptable stripping: 1
    Processed in 0.00 seconds
  Pass "" (vp)
    Target graphics API: metal
    Full variant space:         1
    After settings filtering:   1
    After built-in stripping:   1
    After scriptable stripping: 1
    Processed in 0.00 seconds
  Pass "" (fp)
    Target graphics API: metal
    Full variant space:         1
    After settings filtering:   1
    After built-in stripping:   1
    After scriptable stripping: 1
    Processed in 0.00 seconds
  Pass "" (vp)
    Target graphics API: metal
    Full variant space:         1
    After settings filtering:   1
    After built-in stripping:   1
    After scriptable stripping: 1
    Processed in 0.00 seconds
  Pass "" (fp)
    Target graphics API: metal
    Full variant space:         1
    After settings filtering:   1
    After built-in stripping:   1
    After scriptable stripping: 1
    Processed in 0.00 seconds
  Pass "" (vp)
    Target graphics API: metal
    Full variant space:         1
    After settings filtering:   1
    After built-in stripping:   1
    After scriptable stripping: 1
    Processed in 0.00 seconds
  Pass "" (fp)
    Target graphics API: metal
    Full variant space:         1
    After settings filtering:   1
    After built-in stripping:   1
    After scriptable stripping: 1
    Processed in 0.00 seconds
  Pass  (vp, metal) finished in 0.00 seconds. Local cache hits 1 (0.00s CPU time), remote cache hits 0 (0.00s CPU time), compiled 0 variants (0.00s CPU time), skipped 0 variants.
    Prepared data for serialisation in 0.00s
  Pass  (fp, metal) finished in 0.00 seconds. Local cache hits 1 (0.00s CPU time), remote cache hits 0 (0.00s CPU time), compiled 0 variants (0.00s CPU time), skipped 0 variants.
    Prepared data for serialisation in 0.00s
  Pass  (vp, metal) finished in 0.00 seconds. Local cache hits 1 (0.00s CPU time), remote cache hits 0 (0.00s CPU time), compiled 0 variants (0.00s CPU time), skipped 0 variants.
    Prepared data for serialisation in 0.00s
  Pass  (fp, metal) finished in 0.00 seconds. Local cache hits 1 (0.00s CPU time), remote cache hits 0 (0.00s CPU time), compiled 0 variants (0.00s CPU time), skipped 0 variants.
    Prepared data for serialisation in 0.00s
  Pass  (vp, metal) finished in 0.00 seconds. Local cache hits 1 (0.00s CPU time), remote cache hits 0 (0.00s CPU time), compiled 0 variants (0.00s CPU time), skipped 0 variants.
    Prepared data for serialisation in 0.00s
  Pass  (fp, metal) finished in 0.00 seconds. Local cache hits 1 (0.00s CPU time), remote cache hits 0 (0.00s CPU time), compiled 0 variants (0.00s CPU time), skipped 0 variants.
    Prepared data for serialisation in 0.00s
  Pass  (vp, metal) finished in 0.00 seconds. Local cache hits 1 (0.00s CPU time), remote cache hits 0 (0.00s CPU time), compiled 0 variants (0.00s CPU time), skipped 0 variants.
    Prepared data for serialisation in 0.00s
  Pass  (fp, metal) finished in 0.00 seconds. Local cache hits 1 (0.00s CPU time), remote cache hits 0 (0.00s CPU time), compiled 0 variants (0.00s CPU time), skipped 0 variants.
    Prepared data for serialisation in 0.00s
  Pass  (vp, metal) finished in 0.00 seconds. Local cache hits 1 (0.00s CPU time), remote cache hits 0 (0.00s CPU time), compiled 0 variants (0.00s CPU time), skipped 0 variants.
    Prepared data for serialisation in 0.00s
  Pass  (fp, metal) finished in 0.00 seconds. Local cache hits 1 (0.00s CPU time), remote cache hits 0 (0.00s CPU time), compiled 0 variants (0.00s CPU time), skipped 0 variants.
    Prepared data for serialisation in 0.00s
  Pass  (vp, metal) finished in 0.00 seconds. Local cache hits 1 (0.00s CPU time), remote cache hits 0 (0.00s CPU time), compiled 0 variants (0.00s CPU time), skipped 0 variants.
    Prepared data for serialisation in 0.00s
  Pass  (fp, metal) finished in 0.00 seconds. Local cache hits 1 (0.00s CPU time), remote cache hits 0 (0.00s CPU time), compiled 0 variants (0.00s CPU time), skipped 0 variants.
    Prepared data for serialisation in 0.00s
  Pass  (vp, metal) finished in 0.00 seconds. Local cache hits 1 (0.00s CPU time), remote cache hits 0 (0.00s CPU time), compiled 0 variants (0.00s CPU time), skipped 0 variants.
    Prepared data for serialisation in 0.00s
  Pass  (fp, metal) finished in 0.00 seconds. Local cache hits 1 (0.00s CPU time), remote cache hits 0 (0.00s CPU time), compiled 0 variants (0.00s CPU time), skipped 0 variants.
    Prepared data for serialisation in 0.00s
  Pass  (vp, metal) finished in 0.00 seconds. Local cache hits 1 (0.00s CPU time), remote cache hits 0 (0.00s CPU time), compiled 0 variants (0.00s CPU time), skipped 0 variants.
    Prepared data for serialisation in 0.00s
  Pass  (fp, metal) finished in 0.00 seconds. Local cache hits 1 (0.00s CPU time), remote cache hits 0 (0.00s CPU time), compiled 0 variants (0.00s CPU time), skipped 0 variants.
    Prepared data for serialisation in 0.00s
  Pass  (vp, metal) finished in 0.00 seconds. Local cache hits 1 (0.00s CPU time), remote cache hits 0 (0.00s CPU time), compiled 0 variants (0.00s CPU time), skipped 0 variants.
    Prepared data for serialisation in 0.00s
  Pass  (fp, metal) finished in 0.00 seconds. Local cache hits 1 (0.00s CPU time), remote cache hits 0 (0.00s CPU time), compiled 0 variants (0.00s CPU time), skipped 0 variants.
    Prepared data for serialisation in 0.00s
  Pass  (vp, metal) finished in 0.00 seconds. Local cache hits 1 (0.00s CPU time), remote cache hits 0 (0.00s CPU time), compiled 0 variants (0.00s CPU time), skipped 0 variants.
    Prepared data for serialisation in 0.00s
  Pass  (fp, metal) finished in 0.00 seconds. Local cache hits 1 (0.00s CPU time), remote cache hits 0 (0.00s CPU time), compiled 0 variants (0.00s CPU time), skipped 0 variants.
    Prepared data for serialisation in 0.00s
Serialized binary data for shader Hidden/Internal-DepthNormalsTexture in 0.00s
    metal (total internal programs: 20, unique: 16)
Compiling shader "Hidden/Internal-ScreenSpaceShadows"
  Pass "" (vp)
    Target graphics API: metal
    Full variant space:         4
    After settings filtering:   4
    After built-in stripping:   4
    After scriptable stripping: 4
    Processed in 0.00 seconds
  Pass "" (fp)
    Target graphics API: metal
    Full variant space:         4
    After settings filtering:   4
    After built-in stripping:   4
    After scriptable stripping: 4
    Processed in 0.00 seconds
  Pass "" (vp)
    Target graphics API: metal
    Full variant space:         4
    After settings filtering:   4
    After built-in stripping:   4
    After scriptable stripping: 4
    Processed in 0.00 seconds
  Pass "" (fp)
    Target graphics API: metal
    Full variant space:         4
    After settings filtering:   4
    After built-in stripping:   4
    After scriptable stripping: 4
    Processed in 0.00 seconds
  Pass "" (vp)
    Target graphics API: metal
    Full variant space:         4
    After settings filtering:   4
    After built-in stripping:   4
    After scriptable stripping: 4
    Processed in 0.00 seconds
  Pass "" (fp)
    Target graphics API: metal
    Full variant space:         4
    After settings filtering:   4
    After built-in stripping:   4
    After scriptable stripping: 4
    Processed in 0.00 seconds
  Pass "" (vp)
    Target graphics API: metal
    Full variant space:         4
    After settings filtering:   4
    After built-in stripping:   4
    After scriptable stripping: 4
    Processed in 0.00 seconds
  Pass "" (fp)
    Target graphics API: metal
    Full variant space:         4
    After settings filtering:   4
    After built-in stripping:   4
    After scriptable stripping: 4
    Processed in 0.00 seconds
  Pass  (vp, metal) finished in 0.00 seconds. Local cache hits 4 (0.00s CPU time), remote cache hits 0 (0.00s CPU time), compiled 0 variants (0.00s CPU time), skipped 0 variants.
    Prepared data for serialisation in 0.00s
  Pass  (fp, metal) finished in 0.00 seconds. Local cache hits 4 (0.00s CPU time), remote cache hits 0 (0.00s CPU time), compiled 0 variants (0.00s CPU time), skipped 0 variants.
    Prepared data for serialisation in 0.00s
  Pass  (vp, metal) finished in 0.00 seconds. Local cache hits 4 (0.00s CPU time), remote cache hits 0 (0.00s CPU time), compiled 0 variants (0.00s CPU time), skipped 0 variants.
    Prepared data for serialisation in 0.00s
  Pass  (fp, metal) finished in 0.00 seconds. Local cache hits 4 (0.00s CPU time), remote cache hits 0 (0.00s CPU time), compiled 0 variants (0.00s CPU time), skipped 0 variants.
    Prepared data for serialisation in 0.00s
  Pass  (vp, metal) finished in 0.00 seconds. Local cache hits 4 (0.00s CPU time), remote cache hits 0 (0.00s CPU time), compiled 0 variants (0.00s CPU time), skipped 0 variants.
    Prepared data for serialisation in 0.00s
  Pass  (fp, metal) finished in 0.00 seconds. Local cache hits 4 (0.00s CPU time), remote cache hits 0 (0.00s CPU time), compiled 0 variants (0.00s CPU time), skipped 0 variants.
    Prepared data for serialisation in 0.00s
  Pass  (vp, metal) finished in 0.00 seconds. Local cache hits 4 (0.00s CPU time), remote cache hits 0 (0.00s CPU time), compiled 0 variants (0.00s CPU time), skipped 0 variants.
    Prepared data for serialisation in 0.00s
  Pass  (fp, metal) finished in 0.00 seconds. Local cache hits 4 (0.00s CPU time), remote cache hits 0 (0.00s CPU time), compiled 0 variants (0.00s CPU time), skipped 0 variants.
    Prepared data for serialisation in 0.00s
Serialized binary data for shader Hidden/Internal-ScreenSpaceShadows in 0.00s
    metal (total internal programs: 32, unique: 20)
Compiling shader "Hidden/Internal-CombineDepthNormals"
  Pass "" (vp)
    Target graphics API: metal
    Full variant space:         1
    After settings filtering:   1
    After built-in stripping:   1
    After scriptable stripping: 1
    Processed in 0.00 seconds
  Pass "" (fp)
    Target graphics API: metal
    Full variant space:         1
    After settings filtering:   1
    After built-in stripping:   1
    After scriptable stripping: 1
    Processed in 0.00 seconds
  Pass  (vp, metal) finished in 0.00 seconds. Local cache hits 1 (0.00s CPU time), remote cache hits 0 (0.00s CPU time), compiled 0 variants (0.00s CPU time), skipped 0 variants.
    Prepared data for serialisation in 0.00s
  Pass  (fp, metal) finished in 0.00 seconds. Local cache hits 1 (0.00s CPU time), remote cache hits 0 (0.00s CPU time), compiled 0 variants (0.00s CPU time), skipped 0 variants.
    Prepared data for serialisation in 0.00s
Serialized binary data for shader Hidden/Internal-CombineDepthNormals in 0.00s
    metal (total internal programs: 2, unique: 2)
Compiling shader "Hidden/BlitCopy"
  Pass "" (vp)
    Target graphics API: metal
    Full variant space:         1
    After settings filtering:   1
    After built-in stripping:   1
    After scriptable stripping: 1
    Processed in 0.00 seconds
  Pass "" (fp)
    Target graphics API: metal
    Full variant space:         1
    After settings filtering:   1
    After built-in stripping:   1
    After scriptable stripping: 1
    Processed in 0.00 seconds
  Pass  (vp, metal) finished in 0.00 seconds. Local cache hits 1 (0.00s CPU time), remote cache hits 0 (0.00s CPU time), compiled 0 variants (0.00s CPU time), skipped 0 variants.
    Prepared data for serialisation in 0.00s
  Pass  (fp, metal) finished in 0.00 seconds. Local cache hits 1 (0.00s CPU time), remote cache hits 0 (0.00s CPU time), compiled 0 variants (0.00s CPU time), skipped 0 variants.
    Prepared data for serialisation in 0.00s
Serialized binary data for shader Hidden/BlitCopy in 0.00s
    metal (total internal programs: 2, unique: 2)
Compiling shader "Hidden/BlitCopyDepth"
  Pass "" (vp)
    Target graphics API: metal
    Full variant space:         1
    After settings filtering:   1
    After built-in stripping:   1
    After scriptable stripping: 1
    Processed in 0.00 seconds
  Pass "" (fp)
    Target graphics API: metal
    Full variant space:         1
    After settings filtering:   1
    After built-in stripping:   1
    After scriptable stripping: 1
    Processed in 0.00 seconds
  Pass  (vp, metal) finished in 0.00 seconds. Local cache hits 1 (0.00s CPU time), remote cache hits 0 (0.00s CPU time), compiled 0 variants (0.00s CPU time), skipped 0 variants.
    Prepared data for serialisation in 0.00s
  Pass  (fp, metal) finished in 0.00 seconds. Local cache hits 1 (0.00s CPU time), remote cache hits 0 (0.00s CPU time), compiled 0 variants (0.00s CPU time), skipped 0 variants.
    Prepared data for serialisation in 0.00s
Serialized binary data for shader Hidden/BlitCopyDepth in 0.00s
    metal (total internal programs: 2, unique: 2)
Compiling shader "Hidden/ConvertTexture"
  Pass "" (vp)
    Target graphics API: metal
    Full variant space:         1
    After settings filtering:   1
    After built-in stripping:   1
    After scriptable stripping: 1
    Processed in 0.00 seconds
  Pass "" (fp)
    Target graphics API: metal
    Full variant space:         1
    After settings filtering:   1
    After built-in stripping:   1
    After scriptable stripping: 1
    Processed in 0.00 seconds
  Pass  (vp, metal) finished in 0.00 seconds. Local cache hits 1 (0.00s CPU time), remote cache hits 0 (0.00s CPU time), compiled 0 variants (0.00s CPU time), skipped 0 variants.
    Prepared data for serialisation in 0.00s
  Pass  (fp, metal) finished in 0.00 seconds. Local cache hits 1 (0.00s CPU time), remote cache hits 0 (0.00s CPU time), compiled 0 variants (0.00s CPU time), skipped 0 variants.
    Prepared data for serialisation in 0.00s
Serialized binary data for shader Hidden/ConvertTexture in 0.00s
    metal (total internal programs: 2, unique: 2)
Compiling shader "Hidden/Internal-DeferredShading"
  Pass "" (vp)
    Target graphics API: metal
    Full variant space:         94
    After settings filtering:   94
    After built-in stripping:   26
    After scriptable stripping: 26
    Processed in 0.00 seconds
  Pass "" (fp)
    Target graphics API: metal
    Full variant space:         94
    After settings filtering:   94
    After built-in stripping:   26
    After scriptable stripping: 26
    Processed in 0.00 seconds
  Pass "" (vp)
    Target graphics API: metal
    Full variant space:         1
    After settings filtering:   1
    After built-in stripping:   1
    After scriptable stripping: 1
    Processed in 0.00 seconds
  Pass "" (fp)
    Target graphics API: metal
    Full variant space:         1
    After settings filtering:   1
    After built-in stripping:   1
    After scriptable stripping: 1
    Processed in 0.00 seconds
  Pass  (vp, metal) finished in 0.00 seconds. Local cache hits 26 (0.01s CPU time), remote cache hits 0 (0.00s CPU time), compiled 0 variants (0.00s CPU time), skipped 0 variants.
    Prepared data for serialisation in 0.00s
  Pass  (fp, metal) finished in 0.00 seconds. Local cache hits 26 (0.01s CPU time), remote cache hits 0 (0.00s CPU time), compiled 0 variants (0.00s CPU time), skipped 0 variants.
    Prepared data for serialisation in 0.00s
  Pass  (vp, metal) finished in 0.00 seconds. Local cache hits 1 (0.00s CPU time), remote cache hits 0 (0.00s CPU time), compiled 0 variants (0.00s CPU time), skipped 0 variants.
    Prepared data for serialisation in 0.00s
  Pass  (fp, metal) finished in 0.00 seconds. Local cache hits 1 (0.00s CPU time), remote cache hits 0 (0.00s CPU time), compiled 0 variants (0.00s CPU time), skipped 0 variants.
    Prepared data for serialisation in 0.00s
Serialized binary data for shader Hidden/Internal-DeferredShading in 0.00s
    metal (total internal programs: 54, unique: 54)
Compiling shader "Hidden/Internal-DeferredReflections"
  Pass "" (vp)
    Target graphics API: metal
    Full variant space:         1
    After settings filtering:   1
    After built-in stripping:   1
    After scriptable stripping: 1
    Processed in 0.00 seconds
  Pass "" (fp)
    Target graphics API: metal
    Full variant space:         1
    After settings filtering:   1
    After built-in stripping:   1
    After scriptable stripping: 1
    Processed in 0.00 seconds
  Pass "" (vp)
    Target graphics API: metal
    Full variant space:         2
    After settings filtering:   2
    After built-in stripping:   2
    After scriptable stripping: 2
    Processed in 0.00 seconds
  Pass "" (fp)
    Target graphics API: metal
    Full variant space:         2
    After settings filtering:   2
    After built-in stripping:   2
    After scriptable stripping: 2
    Processed in 0.00 seconds
  Pass  (vp, metal) finished in 0.00 seconds. Local cache hits 1 (0.00s CPU time), remote cache hits 0 (0.00s CPU time), compiled 0 variants (0.00s CPU time), skipped 0 variants.
    Prepared data for serialisation in 0.00s
  Pass  (fp, metal) finished in 0.00 seconds. Local cache hits 1 (0.00s CPU time), remote cache hits 0 (0.00s CPU time), compiled 0 variants (0.00s CPU time), skipped 0 variants.
    Prepared data for serialisation in 0.00s
  Pass  (vp, metal) finished in 0.00 seconds. Local cache hits 2 (0.00s CPU time), remote cache hits 0 (0.00s CPU time), compiled 0 variants (0.00s CPU time), skipped 0 variants.
    Prepared data for serialisation in 0.00s
  Pass  (fp, metal) finished in 0.00 seconds. Local cache hits 2 (0.00s CPU time), remote cache hits 0 (0.00s CPU time), compiled 0 variants (0.00s CPU time), skipped 0 variants.
    Prepared data for serialisation in 0.00s
Serialized binary data for shader Hidden/Internal-DeferredReflections in 0.00s
    metal (total internal programs: 6, unique: 6)
Compiling shader "Hidden/Internal-MotionVectors"
  Pass "" (vp)
    Target graphics API: metal
    Full variant space:         1
    After settings filtering:   1
    After built-in stripping:   1
    After scriptable stripping: 1
    Processed in 0.00 seconds
  Pass "" (fp)
    Target graphics API: metal
    Full variant space:         1
    After settings filtering:   1
    After built-in stripping:   1
    After scriptable stripping: 1
    Processed in 0.00 seconds
  Pass "" (vp)
    Target graphics API: metal
    Full variant space:         1
    After settings filtering:   1
    After built-in stripping:   1
    After scriptable stripping: 1
    Processed in 0.00 seconds
  Pass "" (fp)
    Target graphics API: metal
    Full variant space:         1
    After settings filtering:   1
    After built-in stripping:   1
    After scriptable stripping: 1
    Processed in 0.00 seconds
  Pass "" (vp)
    Target graphics API: metal
    Full variant space:         1
    After settings filtering:   1
    After built-in stripping:   1
    After scriptable stripping: 1
    Processed in 0.00 seconds
  Pass "" (fp)
    Target graphics API: metal
    Full variant space:         1
    After settings filtering:   1
    After built-in stripping:   1
    After scriptable stripping: 1
    Processed in 0.00 seconds
  Pass  (vp, metal) finished in 0.00 seconds. Local cache hits 1 (0.00s CPU time), remote cache hits 0 (0.00s CPU time), compiled 0 variants (0.00s CPU time), skipped 0 variants.
    Prepared data for serialisation in 0.00s
  Pass  (fp, metal) finished in 0.00 seconds. Local cache hits 1 (0.00s CPU time), remote cache hits 0 (0.00s CPU time), compiled 0 variants (0.00s CPU time), skipped 0 variants.
    Prepared data for serialisation in 0.00s
  Pass  (vp, metal) finished in 0.00 seconds. Local cache hits 1 (0.00s CPU time), remote cache hits 0 (0.00s CPU time), compiled 0 variants (0.00s CPU time), skipped 0 variants.
    Prepared data for serialisation in 0.00s
  Pass  (fp, metal) finished in 0.00 seconds. Local cache hits 1 (0.00s CPU time), remote cache hits 0 (0.00s CPU time), compiled 0 variants (0.00s CPU time), skipped 0 variants.
    Prepared data for serialisation in 0.00s
  Pass  (vp, metal) finished in 0.00 seconds. Local cache hits 1 (0.00s CPU time), remote cache hits 0 (0.00s CPU time), compiled 0 variants (0.00s CPU time), skipped 0 variants.
    Prepared data for serialisation in 0.00s
  Pass  (fp, metal) finished in 0.00 seconds. Local cache hits 1 (0.00s CPU time), remote cache hits 0 (0.00s CPU time), compiled 0 variants (0.00s CPU time), skipped 0 variants.
    Prepared data for serialisation in 0.00s
Serialized binary data for shader Hidden/Internal-MotionVectors in 0.00s
    metal (total internal programs: 6, unique: 5)
Compiling shader "Hidden/Internal-Flare"
  Pass "" (vp)
    Target graphics API: metal
    Full variant space:         1
    After settings filtering:   1
    After built-in stripping:   1
    After scriptable stripping: 1
    Processed in 0.00 seconds
  Pass "" (fp)
    Target graphics API: metal
    Full variant space:         1
    After settings filtering:   1
    After built-in stripping:   1
    After scriptable stripping: 1
    Processed in 0.00 seconds
  Pass  (vp, metal) finished in 0.00 seconds. Local cache hits 1 (0.00s CPU time), remote cache hits 0 (0.00s CPU time), compiled 0 variants (0.00s CPU time), skipped 0 variants.
    Prepared data for serialisation in 0.00s
  Pass  (fp, metal) finished in 0.00 seconds. Local cache hits 1 (0.00s CPU time), remote cache hits 0 (0.00s CPU time), compiled 0 variants (0.00s CPU time), skipped 0 variants.
    Prepared data for serialisation in 0.00s
Serialized binary data for shader Hidden/Internal-Flare in 0.00s
    metal (total internal programs: 2, unique: 2)
Compiling shader "Hidden/Internal-Halo"
  Pass "" (vp)
    Target graphics API: metal
    Full variant space:         4
    After settings filtering:   4
    After built-in stripping:   1
    After scriptable stripping: 1
    Processed in 0.00 seconds
  Pass "" (fp)
    Target graphics API: metal
    Full variant space:         4
    After settings filtering:   4
    After built-in stripping:   1
    After scriptable stripping: 1
    Processed in 0.00 seconds
  Pass  (vp, metal) finished in 0.00 seconds. Local cache hits 1 (0.00s CPU time), remote cache hits 0 (0.00s CPU time), compiled 0 variants (0.00s CPU time), skipped 0 variants.
    Prepared data for serialisation in 0.00s
  Pass  (fp, metal) finished in 0.00 seconds. Local cache hits 1 (0.00s CPU time), remote cache hits 0 (0.00s CPU time), compiled 0 variants (0.00s CPU time), skipped 0 variants.
    Prepared data for serialisation in 0.00s
Serialized binary data for shader Hidden/Internal-Halo in 0.00s
    metal (total internal programs: 2, unique: 2)
Compiling shader "Hidden/BlitCopyWithDepth"
  Pass "" (vp)
    Target graphics API: metal
    Full variant space:         1
    After settings filtering:   1
    After built-in stripping:   1
    After scriptable stripping: 1
    Processed in 0.00 seconds
  Pass "" (fp)
    Target graphics API: metal
    Full variant space:         1
    After settings filtering:   1
    After built-in stripping:   1
    After scriptable stripping: 1
    Processed in 0.00 seconds
  Pass  (vp, metal) finished in 0.00 seconds. Local cache hits 1 (0.00s CPU time), remote cache hits 0 (0.00s CPU time), compiled 0 variants (0.00s CPU time), skipped 0 variants.
    Prepared data for serialisation in 0.00s
  Pass  (fp, metal) finished in 0.00 seconds. Local cache hits 1 (0.00s CPU time), remote cache hits 0 (0.00s CPU time), compiled 0 variants (0.00s CPU time), skipped 0 variants.
    Prepared data for serialisation in 0.00s
Serialized binary data for shader Hidden/BlitCopyWithDepth in 0.00s
    metal (total internal programs: 2, unique: 2)
Compiling shader "Hidden/BlitToDepth"
  Pass "" (vp)
    Target graphics API: metal
    Full variant space:         1
    After settings filtering:   1
    After built-in stripping:   1
    After scriptable stripping: 1
    Processed in 0.00 seconds
  Pass "" (fp)
    Target graphics API: metal
    Full variant space:         1
    After settings filtering:   1
    After built-in stripping:   1
    After scriptable stripping: 1
    Processed in 0.00 seconds
  Pass  (vp, metal) finished in 0.00 seconds. Local cache hits 1 (0.00s CPU time), remote cache hits 0 (0.00s CPU time), compiled 0 variants (0.00s CPU time), skipped 0 variants.
    Prepared data for serialisation in 0.00s
  Pass  (fp, metal) finished in 0.00 seconds. Local cache hits 1 (0.00s CPU time), remote cache hits 0 (0.00s CPU time), compiled 0 variants (0.00s CPU time), skipped 0 variants.
    Prepared data for serialisation in 0.00s
Serialized binary data for shader Hidden/BlitToDepth in 0.00s
    metal (total internal programs: 2, unique: 2)
Compiling shader "Hidden/BlitToDepth_MSAA"
  Pass "" (vp)
    Target graphics API: metal
    Full variant space:         1
    After settings filtering:   1
    After built-in stripping:   1
    After scriptable stripping: 1
    Processed in 0.00 seconds
  Pass "" (fp)
    Target graphics API: metal
    Full variant space:         1
    After settings filtering:   1
    After built-in stripping:   1
    After scriptable stripping: 1
    Processed in 0.00 seconds
  Pass  (vp, metal) finished in 0.00 seconds. Local cache hits 1 (0.00s CPU time), remote cache hits 0 (0.00s CPU time), compiled 0 variants (0.00s CPU time), skipped 0 variants.
    Prepared data for serialisation in 0.00s
  Pass  (fp, metal) finished in 0.00 seconds. Local cache hits 1 (0.00s CPU time), remote cache hits 0 (0.00s CPU time), compiled 0 variants (0.00s CPU time), skipped 0 variants.
    Prepared data for serialisation in 0.00s
Serialized binary data for shader Hidden/BlitToDepth_MSAA in 0.00s
    metal (total internal programs: 2, unique: 2)
Compiling shader "Hidden/BlitCopyHDRTonemap"
  Pass "" (vp)
    Target graphics API: metal
    Full variant space:         1
    After settings filtering:   1
    After built-in stripping:   1
    After scriptable stripping: 1
    Processed in 0.00 seconds
  Pass "" (fp)
    Target graphics API: metal
    Full variant space:         1
    After settings filtering:   1
    After built-in stripping:   1
    After scriptable stripping: 1
    Processed in 0.00 seconds
  Pass  (vp, metal) finished in 0.00 seconds. Local cache hits 1 (0.00s CPU time), remote cache hits 0 (0.00s CPU time), compiled 0 variants (0.00s CPU time), skipped 0 variants.
    Prepared data for serialisation in 0.00s
  Pass  (fp, metal) finished in 0.00 seconds. Local cache hits 1 (0.00s CPU time), remote cache hits 0 (0.00s CPU time), compiled 0 variants (0.00s CPU time), skipped 0 variants.
    Prepared data for serialisation in 0.00s
Serialized binary data for shader Hidden/BlitCopyHDRTonemap in 0.00s
    metal (total internal programs: 2, unique: 2)
Compiling shader "Hidden/Internal-DebugPattern"
  Pass "Target Color and DepthStencil" (vp)
    Target graphics API: metal
    Full variant space:         1
    After settings filtering:   1
    After built-in stripping:   1
    After scriptable stripping: 1
    Processed in 0.00 seconds
  Pass "Target Color and DepthStencil" (fp)
    Target graphics API: metal
    Full variant space:         1
    After settings filtering:   1
    After built-in stripping:   1
    After scriptable stripping: 1
    Processed in 0.00 seconds
  Pass "Target only Color" (vp)
    Target graphics API: metal
    Full variant space:         1
    After settings filtering:   1
    After built-in stripping:   1
    After scriptable stripping: 1
    Processed in 0.00 seconds
  Pass "Target only Color" (fp)
    Target graphics API: metal
    Full variant space:         1
    After settings filtering:   1
    After built-in stripping:   1
    After scriptable stripping: 1
    Processed in 0.00 seconds
  Pass "Target only DepthStencil" (vp)
    Target graphics API: metal
    Full variant space:         1
    After settings filtering:   1
    After built-in stripping:   1
    After scriptable stripping: 1
    Processed in 0.00 seconds
  Pass "Target only DepthStencil" (fp)
    Target graphics API: metal
    Full variant space:         1
    After settings filtering:   1
    After built-in stripping:   1
    After scriptable stripping: 1
    Processed in 0.00 seconds
  Pass Target Color and DepthStencil (vp, metal) finished in 0.00 seconds. Local cache hits 1 (0.00s CPU time), remote cache hits 0 (0.00s CPU time), compiled 0 variants (0.00s CPU time), skipped 0 variants.
    Prepared data for serialisation in 0.00s
  Pass Target Color and DepthStencil (fp, metal) finished in 0.00 seconds. Local cache hits 1 (0.00s CPU time), remote cache hits 0 (0.00s CPU time), compiled 0 variants (0.00s CPU time), skipped 0 variants.
    Prepared data for serialisation in 0.00s
  Pass Target only Color (vp, metal) finished in 0.00 seconds. Local cache hits 1 (0.00s CPU time), remote cache hits 0 (0.00s CPU time), compiled 0 variants (0.00s CPU time), skipped 0 variants.
    Prepared data for serialisation in 0.00s
  Pass Target only Color (fp, metal) finished in 0.00 seconds. Local cache hits 1 (0.00s CPU time), remote cache hits 0 (0.00s CPU time), compiled 0 variants (0.00s CPU time), skipped 0 variants.
    Prepared data for serialisation in 0.00s
  Pass Target only DepthStencil (vp, metal) finished in 0.00 seconds. Local cache hits 1 (0.00s CPU time), remote cache hits 0 (0.00s CPU time), compiled 0 variants (0.00s CPU time), skipped 0 variants.
    Prepared data for serialisation in 0.00s
  Pass Target only DepthStencil (fp, metal) finished in 0.00 seconds. Local cache hits 1 (0.00s CPU time), remote cache hits 0 (0.00s CPU time), compiled 0 variants (0.00s CPU time), skipped 0 variants.
    Prepared data for serialisation in 0.00s
Serialized binary data for shader Hidden/Internal-DebugPattern in 0.00s
    metal (total internal programs: 6, unique: 4)
Compiling shader "Hidden/Internal-GUITextureClip"
  Pass "" (vp)
    Target graphics API: metal
    Full variant space:         1
    After settings filtering:   1
    After built-in stripping:   1
    After scriptable stripping: 1
    Processed in 0.00 seconds
  Pass "" (fp)
    Target graphics API: metal
    Full variant space:         1
    After settings filtering:   1
    After built-in stripping:   1
    After scriptable stripping: 1
    Processed in 0.00 seconds
  Pass "" (vp)
    Target graphics API: metal
    Full variant space:         1
    After settings filtering:   1
    After built-in stripping:   1
    After scriptable stripping: 1
    Processed in 0.00 seconds
  Pass "" (fp)
    Target graphics API: metal
    Full variant space:         1
    After settings filtering:   1
    After built-in stripping:   1
    After scriptable stripping: 1
    Processed in 0.00 seconds
  Pass  (vp, metal) finished in 0.00 seconds. Local cache hits 1 (0.00s CPU time), remote cache hits 0 (0.00s CPU time), compiled 0 variants (0.00s CPU time), skipped 0 variants.
    Prepared data for serialisation in 0.00s
  Pass  (fp, metal) finished in 0.00 seconds. Local cache hits 1 (0.00s CPU time), remote cache hits 0 (0.00s CPU time), compiled 0 variants (0.00s CPU time), skipped 0 variants.
    Prepared data for serialisation in 0.00s
  Pass  (vp, metal) finished in 0.00 seconds. Local cache hits 1 (0.00s CPU time), remote cache hits 0 (0.00s CPU time), compiled 0 variants (0.00s CPU time), skipped 0 variants.
    Prepared data for serialisation in 0.00s
  Pass  (fp, metal) finished in 0.00 seconds. Local cache hits 1 (0.00s CPU time), remote cache hits 0 (0.00s CPU time), compiled 0 variants (0.00s CPU time), skipped 0 variants.
    Prepared data for serialisation in 0.00s
Serialized binary data for shader Hidden/Internal-GUITextureClip in 0.00s
    metal (total internal programs: 4, unique: 2)
Compiling shader "Hidden/Internal-GUITextureClipText"
  Pass "" (vp)
    Target graphics API: metal
    Full variant space:         1
    After settings filtering:   1
    After built-in stripping:   1
    After scriptable stripping: 1
    Processed in 0.00 seconds
  Pass "" (fp)
    Target graphics API: metal
    Full variant space:         1
    After settings filtering:   1
    After built-in stripping:   1
    After scriptable stripping: 1
    Processed in 0.00 seconds
  Pass "" (vp)
    Target graphics API: metal
    Full variant space:         1
    After settings filtering:   1
    After built-in stripping:   1
    After scriptable stripping: 1
    Processed in 0.00 seconds
  Pass "" (fp)
    Target graphics API: metal
    Full variant space:         1
    After settings filtering:   1
    After built-in stripping:   1
    After scriptable stripping: 1
    Processed in 0.00 seconds
  Pass  (vp, metal) finished in 0.00 seconds. Local cache hits 1 (0.00s CPU time), remote cache hits 0 (0.00s CPU time), compiled 0 variants (0.00s CPU time), skipped 0 variants.
    Prepared data for serialisation in 0.00s
  Pass  (fp, metal) finished in 0.00 seconds. Local cache hits 1 (0.00s CPU time), remote cache hits 0 (0.00s CPU time), compiled 0 variants (0.00s CPU time), skipped 0 variants.
    Prepared data for serialisation in 0.00s
  Pass  (vp, metal) finished in 0.00 seconds. Local cache hits 1 (0.00s CPU time), remote cache hits 0 (0.00s CPU time), compiled 0 variants (0.00s CPU time), skipped 0 variants.
    Prepared data for serialisation in 0.00s
  Pass  (fp, metal) finished in 0.00 seconds. Local cache hits 1 (0.00s CPU time), remote cache hits 0 (0.00s CPU time), compiled 0 variants (0.00s CPU time), skipped 0 variants.
    Prepared data for serialisation in 0.00s
Serialized binary data for shader Hidden/Internal-GUITextureClipText in 0.00s
    metal (total internal programs: 4, unique: 2)
Compiling shader "Hidden/Internal-GUITexture"
  Pass "" (vp)
    Target graphics API: metal
    Full variant space:         1
    After settings filtering:   1
    After built-in stripping:   1
    After scriptable stripping: 1
    Processed in 0.00 seconds
  Pass "" (fp)
    Target graphics API: metal
    Full variant space:         1
    After settings filtering:   1
    After built-in stripping:   1
    After scriptable stripping: 1
    Processed in 0.00 seconds
  Pass "" (vp)
    Target graphics API: metal
    Full variant space:         1
    After settings filtering:   1
    After built-in stripping:   1
    After scriptable stripping: 1
    Processed in 0.00 seconds
  Pass "" (fp)
    Target graphics API: metal
    Full variant space:         1
    After settings filtering:   1
    After built-in stripping:   1
    After scriptable stripping: 1
    Processed in 0.00 seconds
  Pass  (vp, metal) finished in 0.00 seconds. Local cache hits 1 (0.00s CPU time), remote cache hits 0 (0.00s CPU time), compiled 0 variants (0.00s CPU time), skipped 0 variants.
    Prepared data for serialisation in 0.00s
  Pass  (fp, metal) finished in 0.00 seconds. Local cache hits 1 (0.00s CPU time), remote cache hits 0 (0.00s CPU time), compiled 0 variants (0.00s CPU time), skipped 0 variants.
    Prepared data for serialisation in 0.00s
  Pass  (vp, metal) finished in 0.00 seconds. Local cache hits 1 (0.00s CPU time), remote cache hits 0 (0.00s CPU time), compiled 0 variants (0.00s CPU time), skipped 0 variants.
    Prepared data for serialisation in 0.00s
  Pass  (fp, metal) finished in 0.00 seconds. Local cache hits 1 (0.00s CPU time), remote cache hits 0 (0.00s CPU time), compiled 0 variants (0.00s CPU time), skipped 0 variants.
    Prepared data for serialisation in 0.00s
Serialized binary data for shader Hidden/Internal-GUITexture in 0.00s
    metal (total internal programs: 4, unique: 2)
Compiling shader "Hidden/Internal-GUITextureBlit"
  Pass "" (vp)
    Target graphics API: metal
    Full variant space:         1
    After settings filtering:   1
    After built-in stripping:   1
    After scriptable stripping: 1
    Processed in 0.00 seconds
  Pass "" (fp)
    Target graphics API: metal
    Full variant space:         1
    After settings filtering:   1
    After built-in stripping:   1
    After scriptable stripping: 1
    Processed in 0.00 seconds
  Pass "" (vp)
    Target graphics API: metal
    Full variant space:         1
    After settings filtering:   1
    After built-in stripping:   1
    After scriptable stripping: 1
    Processed in 0.00 seconds
  Pass "" (fp)
    Target graphics API: metal
    Full variant space:         1
    After settings filtering:   1
    After built-in stripping:   1
    After scriptable stripping: 1
    Processed in 0.00 seconds
  Pass  (vp, metal) finished in 0.00 seconds. Local cache hits 1 (0.00s CPU time), remote cache hits 0 (0.00s CPU time), compiled 0 variants (0.00s CPU time), skipped 0 variants.
    Prepared data for serialisation in 0.00s
  Pass  (fp, metal) finished in 0.00 seconds. Local cache hits 1 (0.00s CPU time), remote cache hits 0 (0.00s CPU time), compiled 0 variants (0.00s CPU time), skipped 0 variants.
    Prepared data for serialisation in 0.00s
  Pass  (vp, metal) finished in 0.00 seconds. Local cache hits 1 (0.00s CPU time), remote cache hits 0 (0.00s CPU time), compiled 0 variants (0.00s CPU time), skipped 0 variants.
    Prepared data for serialisation in 0.00s
  Pass  (fp, metal) finished in 0.00 seconds. Local cache hits 1 (0.00s CPU time), remote cache hits 0 (0.00s CPU time), compiled 0 variants (0.00s CPU time), skipped 0 variants.
    Prepared data for serialisation in 0.00s
Serialized binary data for shader Hidden/Internal-GUITextureBlit in 0.00s
    metal (total internal programs: 4, unique: 2)
Compiling shader "Hidden/Internal-GUIRoundedRect"
  Pass "" (vp)
    Target graphics API: metal
    Full variant space:         1
    After settings filtering:   1
    After built-in stripping:   1
    After scriptable stripping: 1
    Processed in 0.00 seconds
  Pass "" (fp)
    Target graphics API: metal
    Full variant space:         1
    After settings filtering:   1
    After built-in stripping:   1
    After scriptable stripping: 1
    Processed in 0.00 seconds
  Pass "" (vp)
    Target graphics API: metal
    Full variant space:         1
    After settings filtering:   1
    After built-in stripping:   1
    After scriptable stripping: 1
    Processed in 0.00 seconds
  Pass "" (fp)
    Target graphics API: metal
    Full variant space:         1
    After settings filtering:   1
    After built-in stripping:   1
    After scriptable stripping: 1
    Processed in 0.00 seconds
  Pass  (vp, metal) finished in 0.00 seconds. Local cache hits 1 (0.00s CPU time), remote cache hits 0 (0.00s CPU time), compiled 0 variants (0.00s CPU time), skipped 0 variants.
    Prepared data for serialisation in 0.00s
  Pass  (fp, metal) finished in 0.00 seconds. Local cache hits 1 (0.00s CPU time), remote cache hits 0 (0.00s CPU time), compiled 0 variants (0.00s CPU time), skipped 0 variants.
    Prepared data for serialisation in 0.00s
  Pass  (vp, metal) finished in 0.00 seconds. Local cache hits 1 (0.00s CPU time), remote cache hits 0 (0.00s CPU time), compiled 0 variants (0.00s CPU time), skipped 0 variants.
    Prepared data for serialisation in 0.00s
  Pass  (fp, metal) finished in 0.00 seconds. Local cache hits 1 (0.00s CPU time), remote cache hits 0 (0.00s CPU time), compiled 0 variants (0.00s CPU time), skipped 0 variants.
    Prepared data for serialisation in 0.00s
Serialized binary data for shader Hidden/Internal-GUIRoundedRect in 0.00s
    metal (total internal programs: 4, unique: 2)
Compiling shader "Hidden/Internal-GUIRoundedRectWithColorPerBorder"
  Pass "" (vp)
    Target graphics API: metal
    Full variant space:         1
    After settings filtering:   1
    After built-in stripping:   1
    After scriptable stripping: 1
    Processed in 0.00 seconds
  Pass "" (fp)
    Target graphics API: metal
    Full variant space:         1
    After settings filtering:   1
    After built-in stripping:   1
    After scriptable stripping: 1
    Processed in 0.00 seconds
  Pass "" (vp)
    Target graphics API: metal
    Full variant space:         1
    After settings filtering:   1
    After built-in stripping:   1
    After scriptable stripping: 1
    Processed in 0.00 seconds
  Pass "" (fp)
    Target graphics API: metal
    Full variant space:         1
    After settings filtering:   1
    After built-in stripping:   1
    After scriptable stripping: 1
    Processed in 0.00 seconds
  Pass  (vp, metal) finished in 0.00 seconds. Local cache hits 1 (0.00s CPU time), remote cache hits 0 (0.00s CPU time), compiled 0 variants (0.00s CPU time), skipped 0 variants.
    Prepared data for serialisation in 0.00s
  Pass  (fp, metal) finished in 0.00 seconds. Local cache hits 1 (0.00s CPU time), remote cache hits 0 (0.00s CPU time), compiled 0 variants (0.00s CPU time), skipped 0 variants.
    Prepared data for serialisation in 0.00s
  Pass  (vp, metal) finished in 0.00 seconds. Local cache hits 1 (0.00s CPU time), remote cache hits 0 (0.00s CPU time), compiled 0 variants (0.00s CPU time), skipped 0 variants.
    Prepared data for serialisation in 0.00s
  Pass  (fp, metal) finished in 0.00 seconds. Local cache hits 1 (0.00s CPU time), remote cache hits 0 (0.00s CPU time), compiled 0 variants (0.00s CPU time), skipped 0 variants.
    Prepared data for serialisation in 0.00s
Serialized binary data for shader Hidden/Internal-GUIRoundedRectWithColorPerBorder in 0.00s
    metal (total internal programs: 4, unique: 2)
Compiling shader "Hidden/Internal-UIRDefault"
  Pass "" (vp)
    Target graphics API: metal
    Full variant space:         40
    After settings filtering:   40
    After built-in stripping:   40
    After scriptable stripping: 40
    Processed in 0.00 seconds
  Pass "" (fp)
    Target graphics API: metal
    Full variant space:         40
    After settings filtering:   40
    After built-in stripping:   40
    After scriptable stripping: 40
    Processed in 0.00 seconds
  Pass  (vp, metal) finished in 0.00 seconds. Local cache hits 40 (0.01s CPU time), remote cache hits 0 (0.00s CPU time), compiled 0 variants (0.00s CPU time), skipped 0 variants.
    Prepared data for serialisation in 0.00s
  Pass  (fp, metal) finished in 0.00 seconds. Local cache hits 40 (0.01s CPU time), remote cache hits 0 (0.00s CPU time), compiled 0 variants (0.00s CPU time), skipped 0 variants.
    Prepared data for serialisation in 0.00s
Serialized binary data for shader Hidden/Internal-UIRDefault in 0.00s
    metal (total internal programs: 80, unique: 80)
Compiling shader "Hidden/Internal-UIRAtlasBlitCopy"
  Pass "" (vp)
    Target graphics API: metal
    Full variant space:         1
    After settings filtering:   1
    After built-in stripping:   1
    After scriptable stripping: 1
    Processed in 0.00 seconds
  Pass "" (fp)
    Target graphics API: metal
    Full variant space:         1
    After settings filtering:   1
    After built-in stripping:   1
    After scriptable stripping: 1
    Processed in 0.00 seconds
  Pass  (vp, metal) finished in 0.00 seconds. Local cache hits 1 (0.00s CPU time), remote cache hits 0 (0.00s CPU time), compiled 0 variants (0.00s CPU time), skipped 0 variants.
    Prepared data for serialisation in 0.00s
  Pass  (fp, metal) finished in 0.00 seconds. Local cache hits 1 (0.00s CPU time), remote cache hits 0 (0.00s CPU time), compiled 0 variants (0.00s CPU time), skipped 0 variants.
    Prepared data for serialisation in 0.00s
Serialized binary data for shader Hidden/Internal-UIRAtlasBlitCopy in 0.00s
    metal (total internal programs: 2, unique: 2)
Compiling shader "Sprites/Default"
  Pass "" (vp)
    Target graphics API: metal
    Full variant space:         8
    After settings filtering:   8
    After built-in stripping:   4
    After scriptable stripping: 4
    Processed in 0.00 seconds
  Pass "" (fp)
    Target graphics API: metal
    Full variant space:         8
    After settings filtering:   8
    After built-in stripping:   4
    After scriptable stripping: 4
    Processed in 0.00 seconds
  Pass  (vp, metal) finished in 0.00 seconds. Local cache hits 4 (0.00s CPU time), remote cache hits 0 (0.00s CPU time), compiled 0 variants (0.00s CPU time), skipped 0 variants.
    Prepared data for serialisation in 0.00s
  Pass  (fp, metal) finished in 0.00 seconds. Local cache hits 4 (0.00s CPU time), remote cache hits 0 (0.00s CPU time), compiled 0 variants (0.00s CPU time), skipped 0 variants.
    Prepared data for serialisation in 0.00s
Serialized binary data for shader Sprites/Default in 0.00s
    metal (total internal programs: 8, unique: 8)
Compiling shader "Sprites/Mask"
  Pass "" (vp)
    Target graphics API: metal
    Full variant space:         4
    After settings filtering:   4
    After built-in stripping:   4
    After scriptable stripping: 4
    Processed in 0.00 seconds
  Pass "" (fp)
    Target graphics API: metal
    Full variant space:         4
    After settings filtering:   4
    After built-in stripping:   4
    After scriptable stripping: 4
    Processed in 0.00 seconds
  Pass  (vp, metal) finished in 0.00 seconds. Local cache hits 4 (0.00s CPU time), remote cache hits 0 (0.00s CPU time), compiled 0 variants (0.00s CPU time), skipped 0 variants.
    Prepared data for serialisation in 0.00s
  Pass  (fp, metal) finished in 0.00 seconds. Local cache hits 4 (0.00s CPU time), remote cache hits 0 (0.00s CPU time), compiled 0 variants (0.00s CPU time), skipped 0 variants.
    Prepared data for serialisation in 0.00s
Serialized binary data for shader Sprites/Mask in 0.00s
    metal (total internal programs: 8, unique: 8)
Compiling shader "UI/Default"
  Pass "Default" (vp)
    Target graphics API: metal
    Full variant space:         4
    After settings filtering:   4
    After built-in stripping:   4
    After scriptable stripping: 4
    Processed in 0.00 seconds
  Pass "Default" (fp)
    Target graphics API: metal
    Full variant space:         4
    After settings filtering:   4
    After built-in stripping:   4
    After scriptable stripping: 4
    Processed in 0.00 seconds
  Pass Default (vp, metal) finished in 0.00 seconds. Local cache hits 4 (0.00s CPU time), remote cache hits 0 (0.00s CPU time), compiled 0 variants (0.00s CPU time), skipped 0 variants.
    Prepared data for serialisation in 0.00s
  Pass Default (fp, metal) finished in 0.00 seconds. Local cache hits 4 (0.00s CPU time), remote cache hits 0 (0.00s CPU time), compiled 0 variants (0.00s CPU time), skipped 0 variants.
    Prepared data for serialisation in 0.00s
Serialized binary data for shader UI/Default in 0.00s
    metal (total internal programs: 8, unique: 8)
Compiling shader "Hidden/CubeBlur"
  Pass "" (vp)
    Target graphics API: metal
    Full variant space:         1
    After settings filtering:   1
    After built-in stripping:   1
    After scriptable stripping: 1
    Processed in 0.00 seconds
  Pass "" (fp)
    Target graphics API: metal
    Full variant space:         1
    After settings filtering:   1
    After built-in stripping:   1
    After scriptable stripping: 1
    Processed in 0.00 seconds
  Pass "" (vp)
    Target graphics API: metal
    Full variant space:         1
    After settings filtering:   1
    After built-in stripping:   1
    After scriptable stripping: 1
    Processed in 0.00 seconds
  Pass "" (fp)
    Target graphics API: metal
    Full variant space:         1
    After settings filtering:   1
    After built-in stripping:   1
    After scriptable stripping: 1
    Processed in 0.00 seconds
  Pass  (vp, metal) finished in 0.00 seconds. Local cache hits 1 (0.00s CPU time), remote cache hits 0 (0.00s CPU time), compiled 0 variants (0.00s CPU time), skipped 0 variants.
    Prepared data for serialisation in 0.00s
  Pass  (fp, metal) finished in 0.00 seconds. Local cache hits 1 (0.00s CPU time), remote cache hits 0 (0.00s CPU time), compiled 0 variants (0.00s CPU time), skipped 0 variants.
    Prepared data for serialisation in 0.00s
  Pass  (vp, metal) finished in 0.00 seconds. Local cache hits 1 (0.00s CPU time), remote cache hits 0 (0.00s CPU time), compiled 0 variants (0.00s CPU time), skipped 0 variants.
    Prepared data for serialisation in 0.00s
  Pass  (fp, metal) finished in 0.00 seconds. Local cache hits 1 (0.00s CPU time), remote cache hits 0 (0.00s CPU time), compiled 0 variants (0.00s CPU time), skipped 0 variants.
    Prepared data for serialisation in 0.00s
Serialized binary data for shader Hidden/CubeBlur in 0.00s
    metal (total internal programs: 4, unique: 3)
Compiling shader "Hidden/CubeCopy"
  Pass "" (vp)
    Target graphics API: metal
    Full variant space:         1
    After settings filtering:   1
    After built-in stripping:   1
    After scriptable stripping: 1
    Processed in 0.00 seconds
  Pass "" (fp)
    Target graphics API: metal
    Full variant space:         1
    After settings filtering:   1
    After built-in stripping:   1
    After scriptable stripping: 1
    Processed in 0.00 seconds
  Pass "" (vp)
    Target graphics API: metal
    Full variant space:         1
    After settings filtering:   1
    After built-in stripping:   1
    After scriptable stripping: 1
    Processed in 0.00 seconds
  Pass "" (fp)
    Target graphics API: metal
    Full variant space:         1
    After settings filtering:   1
    After built-in stripping:   1
    After scriptable stripping: 1
    Processed in 0.00 seconds
  Pass  (vp, metal) finished in 0.00 seconds. Local cache hits 1 (0.00s CPU time), remote cache hits 0 (0.00s CPU time), compiled 0 variants (0.00s CPU time), skipped 0 variants.
    Prepared data for serialisation in 0.00s
  Pass  (fp, metal) finished in 0.00 seconds. Local cache hits 1 (0.00s CPU time), remote cache hits 0 (0.00s CPU time), compiled 0 variants (0.00s CPU time), skipped 0 variants.
    Prepared data for serialisation in 0.00s
  Pass  (vp, metal) finished in 0.00 seconds. Local cache hits 1 (0.00s CPU time), remote cache hits 0 (0.00s CPU time), compiled 0 variants (0.00s CPU time), skipped 0 variants.
    Prepared data for serialisation in 0.00s
  Pass  (fp, metal) finished in 0.00 seconds. Local cache hits 1 (0.00s CPU time), remote cache hits 0 (0.00s CPU time), compiled 0 variants (0.00s CPU time), skipped 0 variants.
    Prepared data for serialisation in 0.00s
Serialized binary data for shader Hidden/CubeCopy in 0.00s
    metal (total internal programs: 4, unique: 2)
Compiling shader "Hidden/CubeBlend"
  Pass "" (vp)
    Target graphics API: metal
    Full variant space:         1
    After settings filtering:   1
    After built-in stripping:   1
    After scriptable stripping: 1
    Processed in 0.00 seconds
  Pass "" (fp)
    Target graphics API: metal
    Full variant space:         1
    After settings filtering:   1
    After built-in stripping:   1
    After scriptable stripping: 1
    Processed in 0.00 seconds
  Pass "" (vp)
    Target graphics API: metal
    Full variant space:         1
    After settings filtering:   1
    After built-in stripping:   1
    After scriptable stripping: 1
    Processed in 0.00 seconds
  Pass "" (fp)
    Target graphics API: metal
    Full variant space:         1
    After settings filtering:   1
    After built-in stripping:   1
    After scriptable stripping: 1
    Processed in 0.00 seconds
  Pass  (vp, metal) finished in 0.00 seconds. Local cache hits 1 (0.00s CPU time), remote cache hits 0 (0.00s CPU time), compiled 0 variants (0.00s CPU time), skipped 0 variants.
    Prepared data for serialisation in 0.00s
  Pass  (fp, metal) finished in 0.00 seconds. Local cache hits 1 (0.00s CPU time), remote cache hits 0 (0.00s CPU time), compiled 0 variants (0.00s CPU time), skipped 0 variants.
    Prepared data for serialisation in 0.00s
  Pass  (vp, metal) finished in 0.00 seconds. Local cache hits 1 (0.00s CPU time), remote cache hits 0 (0.00s CPU time), compiled 0 variants (0.00s CPU time), skipped 0 variants.
    Prepared data for serialisation in 0.00s
  Pass  (fp, metal) finished in 0.00 seconds. Local cache hits 1 (0.00s CPU time), remote cache hits 0 (0.00s CPU time), compiled 0 variants (0.00s CPU time), skipped 0 variants.
    Prepared data for serialisation in 0.00s
Serialized binary data for shader Hidden/CubeBlend in 0.00s
    metal (total internal programs: 4, unique: 2)
Compiling shader "Hidden/VR/BlitTexArraySlice"
  Pass "" (vp)
    Target graphics API: metal
    Full variant space:         1
    After settings filtering:   1
    After built-in stripping:   1
    After scriptable stripping: 1
    Processed in 0.00 seconds
  Pass "" (fp)
    Target graphics API: metal
    Full variant space:         1
    After settings filtering:   1
    After built-in stripping:   1
    After scriptable stripping: 1
    Processed in 0.00 seconds
  Pass  (vp, metal) finished in 0.00 seconds. Local cache hits 1 (0.00s CPU time), remote cache hits 0 (0.00s CPU time), compiled 0 variants (0.00s CPU time), skipped 0 variants.
    Prepared data for serialisation in 0.00s
  Pass  (fp, metal) finished in 0.00 seconds. Local cache hits 1 (0.00s CPU time), remote cache hits 0 (0.00s CPU time), compiled 0 variants (0.00s CPU time), skipped 0 variants.
    Prepared data for serialisation in 0.00s
Serialized binary data for shader Hidden/VR/BlitTexArraySlice in 0.00s
    metal (total internal programs: 2, unique: 2)
Compiling shader "Hidden/Internal-ODSWorldTexture"
  Pass "" (vp)
    Target graphics API: metal
    Full variant space:         1
    After settings filtering:   1
    After built-in stripping:   1
    After scriptable stripping: 1
    Processed in 0.00 seconds
  Pass "" (fp)
    Target graphics API: metal
    Full variant space:         1
    After settings filtering:   1
    After built-in stripping:   1
    After scriptable stripping: 1
    Processed in 0.00 seconds
  Pass "" (vp)
    Target graphics API: metal
    Full variant space:         1
    After settings filtering:   1
    After built-in stripping:   1
    After scriptable stripping: 1
    Processed in 0.00 seconds
  Pass "" (fp)
    Target graphics API: metal
    Full variant space:         1
    After settings filtering:   1
    After built-in stripping:   1
    After scriptable stripping: 1
    Processed in 0.00 seconds
  Pass "" (vp)
    Target graphics API: metal
    Full variant space:         1
    After settings filtering:   1
    After built-in stripping:   1
    After scriptable stripping: 1
    Processed in 0.00 seconds
  Pass "" (fp)
    Target graphics API: metal
    Full variant space:         1
    After settings filtering:   1
    After built-in stripping:   1
    After scriptable stripping: 1
    Processed in 0.00 seconds
  Pass "" (vp)
    Target graphics API: metal
    Full variant space:         1
    After settings filtering:   1
    After built-in stripping:   1
    After scriptable stripping: 1
    Processed in 0.00 seconds
  Pass "" (fp)
    Target graphics API: metal
    Full variant space:         1
    After settings filtering:   1
    After built-in stripping:   1
    After scriptable stripping: 1
    Processed in 0.00 seconds
  Pass "" (vp)
    Target graphics API: metal
    Full variant space:         1
    After settings filtering:   1
    After built-in stripping:   1
    After scriptable stripping: 1
    Processed in 0.00 seconds
  Pass "" (fp)
    Target graphics API: metal
    Full variant space:         1
    After settings filtering:   1
    After built-in stripping:   1
    After scriptable stripping: 1
    Processed in 0.00 seconds
  Pass "" (vp)
    Target graphics API: metal
    Full variant space:         1
    After settings filtering:   1
    After built-in stripping:   1
    After scriptable stripping: 1
    Processed in 0.00 seconds
  Pass "" (fp)
    Target graphics API: metal
    Full variant space:         1
    After settings filtering:   1
    After built-in stripping:   1
    After scriptable stripping: 1
    Processed in 0.00 seconds
  Pass "" (vp)
    Target graphics API: metal
    Full variant space:         1
    After settings filtering:   1
    After built-in stripping:   1
    After scriptable stripping: 1
    Processed in 0.00 seconds
  Pass "" (fp)
    Target graphics API: metal
    Full variant space:         1
    After settings filtering:   1
    After built-in stripping:   1
    After scriptable stripping: 1
    Processed in 0.00 seconds
  Pass "" (vp)
    Target graphics API: metal
    Full variant space:         1
    After settings filtering:   1
    After built-in stripping:   1
    After scriptable stripping: 1
    Processed in 0.00 seconds
  Pass "" (fp)
    Target graphics API: metal
    Full variant space:         1
    After settings filtering:   1
    After built-in stripping:   1
    After scriptable stripping: 1
    Processed in 0.00 seconds
  Pass "" (vp)
    Target graphics API: metal
    Full variant space:         1
    After settings filtering:   1
    After built-in stripping:   1
    After scriptable stripping: 1
    Processed in 0.00 seconds
  Pass "" (fp)
    Target graphics API: metal
    Full variant space:         1
    After settings filtering:   1
    After built-in stripping:   1
    After scriptable stripping: 1
    Processed in 0.00 seconds
  Pass "" (vp)
    Target graphics API: metal
    Full variant space:         1
    After settings filtering:   1
    After built-in stripping:   1
    After scriptable stripping: 1
    Processed in 0.00 seconds
  Pass "" (fp)
    Target graphics API: metal
    Full variant space:         1
    After settings filtering:   1
    After built-in stripping:   1
    After scriptable stripping: 1
    Processed in 0.00 seconds
  Pass  (vp, metal) finished in 0.00 seconds. Local cache hits 1 (0.00s CPU time), remote cache hits 0 (0.00s CPU time), compiled 0 variants (0.00s CPU time), skipped 0 variants.
    Prepared data for serialisation in 0.00s
  Pass  (fp, metal) finished in 0.00 seconds. Local cache hits 1 (0.00s CPU time), remote cache hits 0 (0.00s CPU time), compiled 0 variants (0.00s CPU time), skipped 0 variants.
    Prepared data for serialisation in 0.00s
  Pass  (vp, metal) finished in 0.00 seconds. Local cache hits 1 (0.00s CPU time), remote cache hits 0 (0.00s CPU time), compiled 0 variants (0.00s CPU time), skipped 0 variants.
    Prepared data for serialisation in 0.00s
  Pass  (fp, metal) finished in 0.00 seconds. Local cache hits 1 (0.00s CPU time), remote cache hits 0 (0.00s CPU time), compiled 0 variants (0.00s CPU time), skipped 0 variants.
    Prepared data for serialisation in 0.00s
  Pass  (vp, metal) finished in 0.00 seconds. Local cache hits 1 (0.00s CPU time), remote cache hits 0 (0.00s CPU time), compiled 0 variants (0.00s CPU time), skipped 0 variants.
    Prepared data for serialisation in 0.00s
  Pass  (fp, metal) finished in 0.00 seconds. Local cache hits 1 (0.00s CPU time), remote cache hits 0 (0.00s CPU time), compiled 0 variants (0.00s CPU time), skipped 0 variants.
    Prepared data for serialisation in 0.00s
  Pass  (vp, metal) finished in 0.00 seconds. Local cache hits 1 (0.00s CPU time), remote cache hits 0 (0.00s CPU time), compiled 0 variants (0.00s CPU time), skipped 0 variants.
    Prepared data for serialisation in 0.00s
  Pass  (fp, metal) finished in 0.00 seconds. Local cache hits 1 (0.00s CPU time), remote cache hits 0 (0.00s CPU time), compiled 0 variants (0.00s CPU time), skipped 0 variants.
    Prepared data for serialisation in 0.00s
  Pass  (vp, metal) finished in 0.00 seconds. Local cache hits 1 (0.00s CPU time), remote cache hits 0 (0.00s CPU time), compiled 0 variants (0.00s CPU time), skipped 0 variants.
    Prepared data for serialisation in 0.00s
  Pass  (fp, metal) finished in 0.00 seconds. Local cache hits 1 (0.00s CPU time), remote cache hits 0 (0.00s CPU time), compiled 0 variants (0.00s CPU time), skipped 0 variants.
    Prepared data for serialisation in 0.00s
  Pass  (vp, metal) finished in 0.00 seconds. Local cache hits 1 (0.00s CPU time), remote cache hits 0 (0.00s CPU time), compiled 0 variants (0.00s CPU time), skipped 0 variants.
    Prepared data for serialisation in 0.00s
  Pass  (fp, metal) finished in 0.00 seconds. Local cache hits 1 (0.00s CPU time), remote cache hits 0 (0.00s CPU time), compiled 0 variants (0.00s CPU time), skipped 0 variants.
    Prepared data for serialisation in 0.00s
  Pass  (vp, metal) finished in 0.00 seconds. Local cache hits 1 (0.00s CPU time), remote cache hits 0 (0.00s CPU time), compiled 0 variants (0.00s CPU time), skipped 0 variants.
    Prepared data for serialisation in 0.00s
  Pass  (fp, metal) finished in 0.00 seconds. Local cache hits 1 (0.00s CPU time), remote cache hits 0 (0.00s CPU time), compiled 0 variants (0.00s CPU time), skipped 0 variants.
    Prepared data for serialisation in 0.00s
  Pass  (vp, metal) finished in 0.00 seconds. Local cache hits 1 (0.00s CPU time), remote cache hits 0 (0.00s CPU time), compiled 0 variants (0.00s CPU time), skipped 0 variants.
    Prepared data for serialisation in 0.00s
  Pass  (fp, metal) finished in 0.00 seconds. Local cache hits 1 (0.00s CPU time), remote cache hits 0 (0.00s CPU time), compiled 0 variants (0.00s CPU time), skipped 0 variants.
    Prepared data for serialisation in 0.00s
  Pass  (vp, metal) finished in 0.00 seconds. Local cache hits 1 (0.00s CPU time), remote cache hits 0 (0.00s CPU time), compiled 0 variants (0.00s CPU time), skipped 0 variants.
    Prepared data for serialisation in 0.00s
  Pass  (fp, metal) finished in 0.00 seconds. Local cache hits 1 (0.00s CPU time), remote cache hits 0 (0.00s CPU time), compiled 0 variants (0.00s CPU time), skipped 0 variants.
    Prepared data for serialisation in 0.00s
  Pass  (vp, metal) finished in 0.00 seconds. Local cache hits 1 (0.00s CPU time), remote cache hits 0 (0.00s CPU time), compiled 0 variants (0.00s CPU time), skipped 0 variants.
    Prepared data for serialisation in 0.00s
  Pass  (fp, metal) finished in 0.00 seconds. Local cache hits 1 (0.00s CPU time), remote cache hits 0 (0.00s CPU time), compiled 0 variants (0.00s CPU time), skipped 0 variants.
    Prepared data for serialisation in 0.00s
Serialized binary data for shader Hidden/Internal-ODSWorldTexture in 0.00s
    metal (total internal programs: 20, unique: 14)
Compiling shader "Hidden/Internal-CubemapToEquirect"
  Pass "" (vp)
    Target graphics API: metal
    Full variant space:         1
    After settings filtering:   1
    After built-in stripping:   1
    After scriptable stripping: 1
    Processed in 0.00 seconds
  Pass "" (fp)
    Target graphics API: metal
    Full variant space:         1
    After settings filtering:   1
    After built-in stripping:   1
    After scriptable stripping: 1
    Processed in 0.00 seconds
  Pass  (vp, metal) finished in 0.00 seconds. Local cache hits 1 (0.00s CPU time), remote cache hits 0 (0.00s CPU time), compiled 0 variants (0.00s CPU time), skipped 0 variants.
    Prepared data for serialisation in 0.00s
  Pass  (fp, metal) finished in 0.00 seconds. Local cache hits 1 (0.00s CPU time), remote cache hits 0 (0.00s CPU time), compiled 0 variants (0.00s CPU time), skipped 0 variants.
    Prepared data for serialisation in 0.00s
Serialized binary data for shader Hidden/Internal-CubemapToEquirect in 0.00s
    metal (total internal programs: 2, unique: 2)
Compiling shader "Hidden/VR/BlitFromTex2DToTexArraySlice"
  Pass "" (vp)
    Target graphics API: metal
    Full variant space:         1
    After settings filtering:   1
    After built-in stripping:   1
    After scriptable stripping: 1
    Processed in 0.00 seconds
  Pass "" (fp)
    Target graphics API: metal
    Full variant space:         1
    After settings filtering:   1
    After built-in stripping:   1
    After scriptable stripping: 1
    Processed in 0.00 seconds
  Pass "" (vp)
    Target graphics API: metal
    Full variant space:         1
    After settings filtering:   1
    After built-in stripping:   1
    After scriptable stripping: 1
    Processed in 0.00 seconds
  Pass "" (fp)
    Target graphics API: metal
    Full variant space:         1
    After settings filtering:   1
    After built-in stripping:   1
    After scriptable stripping: 1
    Processed in 0.00 seconds
  Pass "" (gp)
    Target graphics API: metal
    Full variant space:         1
    After settings filtering:   1
    After built-in stripping:   1
    After scriptable stripping: 1
    Processed in 0.00 seconds
  Pass  (vp, metal) finished in 0.00 seconds. Local cache hits 1 (0.00s CPU time), remote cache hits 0 (0.00s CPU time), compiled 0 variants (0.00s CPU time), skipped 0 variants.
    Prepared data for serialisation in 0.00s
  Pass  (fp, metal) finished in 0.00 seconds. Local cache hits 1 (0.00s CPU time), remote cache hits 0 (0.00s CPU time), compiled 0 variants (0.00s CPU time), skipped 0 variants.
    Prepared data for serialisation in 0.00s
  Pass  (vp, metal) finished in 0.00 seconds. Local cache hits 0 (0.00s CPU time), remote cache hits 0 (0.00s CPU time), compiled 0 variants (0.00s CPU time), skipped 1 variants.
    Prepared data for serialisation in 0.00s
  Pass  (fp, metal) finished in 0.00 seconds. Local cache hits 0 (0.00s CPU time), remote cache hits 0 (0.00s CPU time), compiled 0 variants (0.00s CPU time), skipped 1 variants.
    Prepared data for serialisation in 0.00s
  Pass  (gp, metal) finished in 0.00 seconds. Local cache hits 0 (0.00s CPU time), remote cache hits 0 (0.00s CPU time), compiled 0 variants (0.00s CPU time), skipped 1 variants.
    Prepared data for serialisation in 0.00s
Serialized binary data for shader Hidden/VR/BlitFromTex2DToTexArraySlice in 0.00s
    metal (total internal programs: 2, unique: 2)
Compiling shader "Hidden/VideoComposite"
  Pass "Default" (vp)
    Target graphics API: metal
    Full variant space:         1
    After settings filtering:   1
    After built-in stripping:   1
    After scriptable stripping: 1
    Processed in 0.00 seconds
  Pass "Default" (fp)
    Target graphics API: metal
    Full variant space:         1
    After settings filtering:   1
    After built-in stripping:   1
    After scriptable stripping: 1
    Processed in 0.00 seconds
  Pass Default (vp, metal) finished in 0.00 seconds. Local cache hits 1 (0.00s CPU time), remote cache hits 0 (0.00s CPU time), compiled 0 variants (0.00s CPU time), skipped 0 variants.
    Prepared data for serialisation in 0.00s
  Pass Default (fp, metal) finished in 0.00 seconds. Local cache hits 1 (0.00s CPU time), remote cache hits 0 (0.00s CPU time), compiled 0 variants (0.00s CPU time), skipped 0 variants.
    Prepared data for serialisation in 0.00s
Serialized binary data for shader Hidden/VideoComposite in 0.00s
    metal (total internal programs: 2, unique: 2)
Compiling shader "Hidden/VideoDecode"
  Pass "YCbCr_To_RGB1" (vp)
    Target graphics API: metal
    Full variant space:         2
    After settings filtering:   2
    After built-in stripping:   2
    After scriptable stripping: 2
    Processed in 0.00 seconds
  Pass "YCbCr_To_RGB1" (fp)
    Target graphics API: metal
    Full variant space:         2
    After settings filtering:   2
    After built-in stripping:   2
    After scriptable stripping: 2
    Processed in 0.00 seconds
  Pass "YCbCrA_To_RGBAFull" (vp)
    Target graphics API: metal
    Full variant space:         2
    After settings filtering:   2
    After built-in stripping:   2
    After scriptable stripping: 2
    Processed in 0.00 seconds
  Pass "YCbCrA_To_RGBAFull" (fp)
    Target graphics API: metal
    Full variant space:         2
    After settings filtering:   2
    After built-in stripping:   2
    After scriptable stripping: 2
    Processed in 0.00 seconds
  Pass "YCbCrA_To_RGBA" (vp)
    Target graphics API: metal
    Full variant space:         2
    After settings filtering:   2
    After built-in stripping:   2
    After scriptable stripping: 2
    Processed in 0.00 seconds
  Pass "YCbCrA_To_RGBA" (fp)
    Target graphics API: metal
    Full variant space:         2
    After settings filtering:   2
    After built-in stripping:   2
    After scriptable stripping: 2
    Processed in 0.00 seconds
  Pass "Flip_RGBA_To_RGBA" (vp)
    Target graphics API: metal
    Full variant space:         2
    After settings filtering:   2
    After built-in stripping:   2
    After scriptable stripping: 2
    Processed in 0.00 seconds
  Pass "Flip_RGBA_To_RGBA" (fp)
    Target graphics API: metal
    Full variant space:         2
    After settings filtering:   2
    After built-in stripping:   2
    After scriptable stripping: 2
    Processed in 0.00 seconds
  Pass "Flip_RGBASplit_To_RGBA" (vp)
    Target graphics API: metal
    Full variant space:         2
    After settings filtering:   2
    After built-in stripping:   2
    After scriptable stripping: 2
    Processed in 0.00 seconds
  Pass "Flip_RGBASplit_To_RGBA" (fp)
    Target graphics API: metal
    Full variant space:         2
    After settings filtering:   2
    After built-in stripping:   2
    After scriptable stripping: 2
    Processed in 0.00 seconds
  Pass "Flip_NV12_To_RGB1" (vp)
    Target graphics API: metal
    Full variant space:         2
    After settings filtering:   2
    After built-in stripping:   2
    After scriptable stripping: 2
    Processed in 0.00 seconds
  Pass "Flip_NV12_To_RGB1" (fp)
    Target graphics API: metal
    Full variant space:         2
    After settings filtering:   2
    After built-in stripping:   2
    After scriptable stripping: 2
    Processed in 0.00 seconds
  Pass "Flip_NV12_To_RGBA" (vp)
    Target graphics API: metal
    Full variant space:         2
    After settings filtering:   2
    After built-in stripping:   2
    After scriptable stripping: 2
    Processed in 0.00 seconds
  Pass "Flip_NV12_To_RGBA" (fp)
    Target graphics API: metal
    Full variant space:         2
    After settings filtering:   2
    After built-in stripping:   2
    After scriptable stripping: 2
    Processed in 0.00 seconds
  Pass "Flip_P010_To_RGB1" (vp)
    Target graphics API: metal
    Full variant space:         1
    After settings filtering:   1
    After built-in stripping:   1
    After scriptable stripping: 1
    Processed in 0.00 seconds
  Pass "Flip_P010_To_RGB1" (fp)
    Target graphics API: metal
    Full variant space:         1
    After settings filtering:   1
    After built-in stripping:   1
    After scriptable stripping: 1
    Processed in 0.00 seconds
  Pass YCbCr_To_RGB1 (vp, metal) finished in 0.00 seconds. Local cache hits 2 (0.00s CPU time), remote cache hits 0 (0.00s CPU time), compiled 0 variants (0.00s CPU time), skipped 0 variants.
    Prepared data for serialisation in 0.00s
  Pass YCbCr_To_RGB1 (fp, metal) finished in 0.00 seconds. Local cache hits 2 (0.00s CPU time), remote cache hits 0 (0.00s CPU time), compiled 0 variants (0.00s CPU time), skipped 0 variants.
    Prepared data for serialisation in 0.00s
  Pass YCbCrA_To_RGBAFull (vp, metal) finished in 0.00 seconds. Local cache hits 2 (0.00s CPU time), remote cache hits 0 (0.00s CPU time), compiled 0 variants (0.00s CPU time), skipped 0 variants.
    Prepared data for serialisation in 0.00s
  Pass YCbCrA_To_RGBAFull (fp, metal) finished in 0.00 seconds. Local cache hits 2 (0.00s CPU time), remote cache hits 0 (0.00s CPU time), compiled 0 variants (0.00s CPU time), skipped 0 variants.
    Prepared data for serialisation in 0.00s
  Pass YCbCrA_To_RGBA (vp, metal) finished in 0.00 seconds. Local cache hits 2 (0.00s CPU time), remote cache hits 0 (0.00s CPU time), compiled 0 variants (0.00s CPU time), skipped 0 variants.
    Prepared data for serialisation in 0.00s
  Pass YCbCrA_To_RGBA (fp, metal) finished in 0.00 seconds. Local cache hits 2 (0.00s CPU time), remote cache hits 0 (0.00s CPU time), compiled 0 variants (0.00s CPU time), skipped 0 variants.
    Prepared data for serialisation in 0.00s
  Pass Flip_RGBA_To_RGBA (vp, metal) finished in 0.00 seconds. Local cache hits 2 (0.00s CPU time), remote cache hits 0 (0.00s CPU time), compiled 0 variants (0.00s CPU time), skipped 0 variants.
    Prepared data for serialisation in 0.00s
  Pass Flip_RGBA_To_RGBA (fp, metal) finished in 0.00 seconds. Local cache hits 2 (0.00s CPU time), remote cache hits 0 (0.00s CPU time), compiled 0 variants (0.00s CPU time), skipped 0 variants.
    Prepared data for serialisation in 0.00s
  Pass Flip_RGBASplit_To_RGBA (vp, metal) finished in 0.00 seconds. Local cache hits 2 (0.00s CPU time), remote cache hits 0 (0.00s CPU time), compiled 0 variants (0.00s CPU time), skipped 0 variants.
    Prepared data for serialisation in 0.00s
  Pass Flip_RGBASplit_To_RGBA (fp, metal) finished in 0.00 seconds. Local cache hits 2 (0.00s CPU time), remote cache hits 0 (0.00s CPU time), compiled 0 variants (0.00s CPU time), skipped 0 variants.
    Prepared data for serialisation in 0.00s
  Pass Flip_NV12_To_RGB1 (vp, metal) finished in 0.00 seconds. Local cache hits 2 (0.00s CPU time), remote cache hits 0 (0.00s CPU time), compiled 0 variants (0.00s CPU time), skipped 0 variants.
    Prepared data for serialisation in 0.00s
  Pass Flip_NV12_To_RGB1 (fp, metal) finished in 0.00 seconds. Local cache hits 2 (0.00s CPU time), remote cache hits 0 (0.00s CPU time), compiled 0 variants (0.00s CPU time), skipped 0 variants.
    Prepared data for serialisation in 0.00s
  Pass Flip_NV12_To_RGBA (vp, metal) finished in 0.00 seconds. Local cache hits 2 (0.00s CPU time), remote cache hits 0 (0.00s CPU time), compiled 0 variants (0.00s CPU time), skipped 0 variants.
    Prepared data for serialisation in 0.00s
  Pass Flip_NV12_To_RGBA (fp, metal) finished in 0.00 seconds. Local cache hits 2 (0.00s CPU time), remote cache hits 0 (0.00s CPU time), compiled 0 variants (0.00s CPU time), skipped 0 variants.
    Prepared data for serialisation in 0.00s
  Pass Flip_P010_To_RGB1 (vp, metal) finished in 0.00 seconds. Local cache hits 1 (0.00s CPU time), remote cache hits 0 (0.00s CPU time), compiled 0 variants (0.00s CPU time), skipped 0 variants.
    Prepared data for serialisation in 0.00s
  Pass Flip_P010_To_RGB1 (fp, metal) finished in 0.00 seconds. Local cache hits 1 (0.00s CPU time), remote cache hits 0 (0.00s CPU time), compiled 0 variants (0.00s CPU time), skipped 0 variants.
    Prepared data for serialisation in 0.00s
Serialized binary data for shader Hidden/VideoDecode in 0.00s
    metal (total internal programs: 30, unique: 19)
Compiling shader "Hidden/VideoDecodeOSX"
  Pass "Flip_RGBARect_To_RGBA" (vp)
  Pass "Flip_RGBARect_To_RGBA" (fp)
  Pass "Flip_RGBASplitRect_To_RGBA" (vp)
  Pass "Flip_RGBASplitRect_To_RGBA" (fp)
    Prepared data for serialisation in 0.00s
    Prepared data for serialisation in 0.00s
    Prepared data for serialisation in 0.00s
    Prepared data for serialisation in 0.00s
Serialized binary data for shader Hidden/VideoDecodeOSX in 0.00s
    metal (total internal programs: 0, unique: 0)
Compiling shader "Hidden/TextCore/Distance Field SSD"
  Pass "" (vp)
    Target graphics API: metal
    Full variant space:         1
    After settings filtering:   1
    After built-in stripping:   1
    After scriptable stripping: 1
    Processed in 0.00 seconds
  Pass "" (fp)
    Target graphics API: metal
    Full variant space:         1
    After settings filtering:   1
    After built-in stripping:   1
    After scriptable stripping: 1
    Processed in 0.00 seconds
  Pass  (vp, metal) finished in 0.00 seconds. Local cache hits 1 (0.00s CPU time), remote cache hits 0 (0.00s CPU time), compiled 0 variants (0.00s CPU time), skipped 0 variants.
    Prepared data for serialisation in 0.00s
  Pass  (fp, metal) finished in 0.00 seconds. Local cache hits 1 (0.00s CPU time), remote cache hits 0 (0.00s CPU time), compiled 0 variants (0.00s CPU time), skipped 0 variants.
    Prepared data for serialisation in 0.00s
Serialized binary data for shader Hidden/TextCore/Distance Field SSD in 0.00s
    metal (total internal programs: 2, unique: 2)
Compiling shader "Hidden/Physics2D/SDF_CircleGeometry"
  Pass "" (vp)
    Target graphics API: metal
    Full variant space:         2
    After settings filtering:   2
    After built-in stripping:   1
    After scriptable stripping: 1
    Processed in 0.00 seconds
  Pass "" (fp)
    Target graphics API: metal
    Full variant space:         2
    After settings filtering:   2
    After built-in stripping:   1
    After scriptable stripping: 1
    Processed in 0.00 seconds
  Pass  (vp, metal) finished in 0.00 seconds. Local cache hits 1 (0.00s CPU time), remote cache hits 0 (0.00s CPU time), compiled 0 variants (0.00s CPU time), skipped 0 variants.
    Prepared data for serialisation in 0.00s
  Pass  (fp, metal) finished in 0.00 seconds. Local cache hits 1 (0.00s CPU time), remote cache hits 0 (0.00s CPU time), compiled 0 variants (0.00s CPU time), skipped 0 variants.
    Prepared data for serialisation in 0.00s
Serialized binary data for shader Hidden/Physics2D/SDF_CircleGeometry in 0.00s
    metal (total internal programs: 2, unique: 2)
Compiling shader "Hidden/Physics2D/SDF_CapsuleGeometry"
  Pass "" (vp)
    Target graphics API: metal
    Full variant space:         2
    After settings filtering:   2
    After built-in stripping:   1
    After scriptable stripping: 1
    Processed in 0.00 seconds
  Pass "" (fp)
    Target graphics API: metal
    Full variant space:         2
    After settings filtering:   2
    After built-in stripping:   1
    After scriptable stripping: 1
    Processed in 0.00 seconds
  Pass  (vp, metal) finished in 0.00 seconds. Local cache hits 1 (0.00s CPU time), remote cache hits 0 (0.00s CPU time), compiled 0 variants (0.00s CPU time), skipped 0 variants.
    Prepared data for serialisation in 0.00s
  Pass  (fp, metal) finished in 0.00 seconds. Local cache hits 1 (0.00s CPU time), remote cache hits 0 (0.00s CPU time), compiled 0 variants (0.00s CPU time), skipped 0 variants.
    Prepared data for serialisation in 0.00s
Serialized binary data for shader Hidden/Physics2D/SDF_CapsuleGeometry in 0.00s
    metal (total internal programs: 2, unique: 2)
Compiling shader "Hidden/Physics2D/SDF_PolygonGeometry"
  Pass "" (vp)
    Target graphics API: metal
    Full variant space:         2
    After settings filtering:   2
    After built-in stripping:   1
    After scriptable stripping: 1
    Processed in 0.00 seconds
  Pass "" (fp)
    Target graphics API: metal
    Full variant space:         2
    After settings filtering:   2
    After built-in stripping:   1
    After scriptable stripping: 1
    Processed in 0.00 seconds
  Pass  (vp, metal) finished in 0.00 seconds. Local cache hits 1 (0.00s CPU time), remote cache hits 0 (0.00s CPU time), compiled 0 variants (0.00s CPU time), skipped 0 variants.
    Prepared data for serialisation in 0.00s
  Pass  (fp, metal) finished in 0.00 seconds. Local cache hits 1 (0.00s CPU time), remote cache hits 0 (0.00s CPU time), compiled 0 variants (0.00s CPU time), skipped 0 variants.
    Prepared data for serialisation in 0.00s
Serialized binary data for shader Hidden/Physics2D/SDF_PolygonGeometry in 0.00s
    metal (total internal programs: 2, unique: 2)
Compiling shader "Hidden/Physics2D/SDF_Line"
  Pass "" (vp)
    Target graphics API: metal
    Full variant space:         2
    After settings filtering:   2
    After built-in stripping:   1
    After scriptable stripping: 1
    Processed in 0.00 seconds
  Pass "" (fp)
    Target graphics API: metal
    Full variant space:         2
    After settings filtering:   2
    After built-in stripping:   1
    After scriptable stripping: 1
    Processed in 0.00 seconds
  Pass  (vp, metal) finished in 0.00 seconds. Local cache hits 1 (0.00s CPU time), remote cache hits 0 (0.00s CPU time), compiled 0 variants (0.00s CPU time), skipped 0 variants.
    Prepared data for serialisation in 0.00s
  Pass  (fp, metal) finished in 0.00 seconds. Local cache hits 1 (0.00s CPU time), remote cache hits 0 (0.00s CPU time), compiled 0 variants (0.00s CPU time), skipped 0 variants.
    Prepared data for serialisation in 0.00s
Serialized binary data for shader Hidden/Physics2D/SDF_Line in 0.00s
    metal (total internal programs: 2, unique: 2)
Compiling shader "Hidden/Physics2D/SDF_Point"
  Pass "" (vp)
    Target graphics API: metal
    Full variant space:         2
    After settings filtering:   2
    After built-in stripping:   1
    After scriptable stripping: 1
    Processed in 0.00 seconds
  Pass "" (fp)
    Target graphics API: metal
    Full variant space:         2
    After settings filtering:   2
    After built-in stripping:   1
    After scriptable stripping: 1
    Processed in 0.00 seconds
  Pass  (vp, metal) finished in 0.00 seconds. Local cache hits 1 (0.00s CPU time), remote cache hits 0 (0.00s CPU time), compiled 0 variants (0.00s CPU time), skipped 0 variants.
    Prepared data for serialisation in 0.00s
  Pass  (fp, metal) finished in 0.00 seconds. Local cache hits 1 (0.00s CPU time), remote cache hits 0 (0.00s CPU time), compiled 0 variants (0.00s CPU time), skipped 0 variants.
    Prepared data for serialisation in 0.00s
Serialized binary data for shader Hidden/Physics2D/SDF_Point in 0.00s
    metal (total internal programs: 2, unique: 2)
info: Microsoft.AspNetCore.Hosting.Diagnostics[1]
      Request starting HTTP/2 POST http://ilpp/UnityILPP.PostProcessing/Ping - application/grpc -
info: Microsoft.AspNetCore.Routing.EndpointMiddleware[0]
      Executing endpoint 'gRPC - /UnityILPP.PostProcessing/Ping'
info: Microsoft.AspNetCore.Routing.EndpointMiddleware[1]
      Executed endpoint 'gRPC - /UnityILPP.PostProcessing/Ping'
info: Microsoft.AspNetCore.Hosting.Diagnostics[2]
      Request finished HTTP/2 POST http://ilpp/UnityILPP.PostProcessing/Ping - 200 - application/grpc 0.1477ms
Starting: /Applications/Unity/Hub/Editor/6000.4.2f1/Unity.app/Contents/Resources/BuildPipeline/bee_backend --ipc --dagfile="Library/Bee/Player9c44cf17.dag" --profile="Library/Bee/backend1.traceevents" Player
WorkingDir: /Users/stephenalexanderbright/dual-craft-unity
DisplayProgressbar: Incremental Player Build
[ 34/387    0s] CopyFiles Builds/DualCraft.app/Contents/Resources/Data/globalgamemanagers
[ 35/387    0s] CopyFiles Builds/DualCraft.app/Contents/Resources/Data/level0
[ 36/387    0s] CopyFiles Builds/DualCraft.app/Contents/Resources/Data/globalgamemanagers.assets.resS
[ 37/387    0s] CopyFiles Builds/DualCraft.app/Contents/Resources/Data/level2
[ 38/387    0s] CopyFiles Builds/DualCraft.app/Contents/Resources/Data/globalgamemanagers.assets
[ 39/387    0s] CopyFiles Builds/DualCraft.app/Contents/Resources/Data/level3
[ 40/387    0s] CopyFiles Builds/DualCraft.app/Contents/Resources/Data/level4
[ 41/387    0s] CopyFiles Builds/DualCraft.app/Contents/Resources/Data/level1
[ 42/387    0s] CopyFiles Builds/DualCraft.app/Contents/Resources/Data/level5
[ 45/387    0s] CopyFiles Builds/DualCraft.app/Contents/Resources/Data/resources.assets
[ 46/387    0s] CopyFiles Builds/DualCraft.app/Contents/Resources/Data/Resources/unity_builtin_extra
[ 47/387    0s] CopyFiles Builds/DualCraft.app/Contents/Resources/Data/resources.assets.resS
[ 49/387    0s] CopyFiles Builds/DualCraft.app/Contents/Resources/Data/sharedassets1.assets
[ 53/387    0s] CopyFiles Builds/DualCraft.app/Contents/Resources/Data/sharedassets5.assets
[ 54/387    0s] CopyFiles Builds/DualCraft.app/Contents/Resources/Data/sharedassets2.assets
[ 55/387    0s] CopyFiles Builds/DualCraft.app/Contents/Resources/Data/sharedassets0.assets
[ 65/387    0s] CopyFiles Builds/DualCraft.app/Contents/Resources/Data/sharedassets0.assets.resS
[ 67/387    0s] CopyFiles Builds/DualCraft.app/Contents/Resources/Data/sharedassets4.assets
[ 73/387    0s] CopyFiles Builds/DualCraft.app/Contents/Resources/Data/sharedassets3.assets
[384/387    0s] AddBootConfigGUID Library/Bee/artifacts/MacStandalonePlayerBuildProgram/boot.config
[385/387    0s] CopyFiles Builds/DualCraft.app/Contents/Resources/Data/boot.config
[386/387    0s] MacOSCodeSignBundleInPlace Builds/DualCraft.app/Contents/MacOS/Dual Craft (+1 other)
*** Tundra build success (0.45 seconds), 22 items updated, 387 evaluated
Total cache size 98839532
Total cache size after purge 98839532, took 00:00:00.0207804
Asset Pipeline Refresh (id=bd2118b4ce1ab409d85c6bba07c11e62): Total: 0.076 seconds - Initiated by RefreshV2(NoUpdateAssetOptions)
ExitCode: 0 Duration: 0s564ms

-------------------------------------------------------------------------------
Build Report
Uncompressed usage by category (Percentages based on user generated assets only):
Textures               109.5 mb	 98.9% 
Meshes                 0.0 kb	 0.0% 
Animations             0.0 kb	 0.0% 
Sounds                 0.0 kb	 0.0% 
Shaders                26.9 kb	 0.0% 
Other Assets           695.6 kb	 0.6% 
Levels                 230.8 kb	 0.2% 
File headers           63.9 kb	 0.1% 
Total User Assets      110.7 mb	 100.0% 
Complete build size    201.9 mb
Used Assets and files from the Resources folder, sorted by uncompressed size:
 3.9 mb	 1.9% Assets/Resources/UI/card-back-premium.png
 3.9 mb	 1.9% Assets/Resources/UI/frame-conjuror.png
 3.9 mb	 1.9% Assets/Resources/UI/frame-spell.png
 3.9 mb	 1.9% Assets/Resources/UI/frame-pillar.png
 3.9 mb	 1.9% Assets/Resources/UI/frame-daemon.png
 2.7 mb	 1.3% Built-in Texture2D: Splash Screen Unity Logo
 1.0 mb	 0.5% Assets/TextMesh Pro/Resources/Fonts & Materials/LiberationSans SDF.asset
 682.8 kb	 0.3% Assets/Resources/CardArt/cj-nature.png
 682.8 kb	 0.3% Assets/Resources/CardArt/card-back.png
 682.8 kb	 0.3% Assets/Resources/CardArt/cj-water.png
 682.8 kb	 0.3% Assets/Resources/CardArt/cj-light.png
 682.8 kb	 0.3% Assets/Resources/CardArt/cj-ice.png
 682.8 kb	 0.3% Assets/Resources/CardArt/cj-earth.png
 682.8 kb	 0.3% Assets/Resources/CardArt/cj-dark.png
 682.8 kb	 0.3% Assets/Resources/CardArt/cj-air.png
 561.6 kb	 0.3% Assets/Resources/CardArt/p-elemental-2.png
 561.6 kb	 0.3% Assets/Resources/CardArt/p-elemental-1.png
 561.6 kb	 0.3% Assets/Resources/CardArt/p-artificial-2.png
 561.6 kb	 0.3% Assets/Resources/CardArt/p-artificial-1.png
 561.6 kb	 0.3% Assets/Resources/CardArt/d-fox-fledgling.png
 561.6 kb	 0.3% Assets/Resources/CardArt/p-water-2.png
 561.6 kb	 0.3% Assets/Resources/CardArt/p-water-1.png
 561.6 kb	 0.3% Assets/Resources/CardArt/p-undead-2.png
 561.6 kb	 0.3% Assets/Resources/CardArt/p-undead-1.png
 561.6 kb	 0.3% Assets/Resources/CardArt/p-spirit-2.png
 561.6 kb	 0.3% Assets/Resources/CardArt/p-spirit-1.png
 561.6 kb	 0.3% Assets/Resources/CardArt/p-nature-2.png
 561.6 kb	 0.3% Assets/Resources/CardArt/p-nature-1.png
 561.6 kb	 0.3% Assets/Resources/CardArt/p-machine-2.png
 561.6 kb	 0.3% Assets/Resources/CardArt/p-machine-1.png
 561.6 kb	 0.3% Assets/Resources/CardArt/p-light-2.png
 561.6 kb	 0.3% Assets/Resources/CardArt/p-light-1.png
 561.6 kb	 0.3% Assets/Resources/CardArt/p-flame-2.png
 561.6 kb	 0.3% Assets/Resources/CardArt/p-flame-1.png
 561.6 kb	 0.3% Assets/Resources/CardArt/p-earth-2.png
 561.6 kb	 0.3% Assets/Resources/CardArt/p-earth-1.png
 561.6 kb	 0.3% Assets/Resources/CardArt/d-water-7.png
 561.6 kb	 0.3% Assets/Resources/CardArt/d-water-6.png
 561.6 kb	 0.3% Assets/Resources/CardArt/d-water-5.png
 561.6 kb	 0.3% Assets/Resources/CardArt/d-water-4.png
 561.6 kb	 0.3% Assets/Resources/CardArt/d-water-3.png
 561.6 kb	 0.3% Assets/Resources/CardArt/d-water-2.png
 561.6 kb	 0.3% Assets/Resources/CardArt/d-water-1.png
 561.6 kb	 0.3% Assets/Resources/CardArt/d-nature-7.png
 561.6 kb	 0.3% Assets/Resources/CardArt/d-nature-6.png
 561.6 kb	 0.3% Assets/Resources/CardArt/d-nature-5.png
 561.6 kb	 0.3% Assets/Resources/CardArt/d-nature-4.png
 561.6 kb	 0.3% Assets/Resources/CardArt/d-nature-3.png
 561.6 kb	 0.3% Assets/Resources/CardArt/d-nature-2.png
 561.6 kb	 0.3% Assets/Resources/CardArt/d-nature-1.png
 561.6 kb	 0.3% Assets/Resources/CardArt/d-light-7.png
 561.6 kb	 0.3% Assets/Resources/CardArt/d-light-6.png
 561.6 kb	 0.3% Assets/Resources/CardArt/d-light-5.png
 561.6 kb	 0.3% Assets/Resources/CardArt/d-light-4.png
 561.6 kb	 0.3% Assets/Resources/CardArt/d-light-3.png
 561.6 kb	 0.3% Assets/Resources/CardArt/d-light-2.png
 561.6 kb	 0.3% Assets/Resources/CardArt/d-light-1.png
 561.6 kb	 0.3% Assets/Resources/CardArt/d-fox-grey.png
 561.6 kb	 0.3% Assets/Resources/CardArt/d-flame-7.png
 561.6 kb	 0.3% Assets/Resources/CardArt/d-flame-6.png
 561.6 kb	 0.3% Assets/Resources/CardArt/d-flame-5.png
 561.6 kb	 0.3% Assets/Resources/CardArt/d-flame-4.png
 561.6 kb	 0.3% Assets/Resources/CardArt/d-flame-3.png
 561.6 kb	 0.3% Assets/Resources/CardArt/d-flame-2.png
 561.6 kb	 0.3% Assets/Resources/CardArt/d-flame-1.png
 561.6 kb	 0.3% Assets/Resources/CardArt/d-earth-7.png
 561.6 kb	 0.3% Assets/Resources/CardArt/d-earth-6.png
 561.6 kb	 0.3% Assets/Resources/CardArt/d-earth-5.png
 561.6 kb	 0.3% Assets/Resources/CardArt/d-earth-4.png
 561.6 kb	 0.3% Assets/Resources/CardArt/d-earth-3.png
 561.6 kb	 0.3% Assets/Resources/CardArt/d-earth-2.png
 561.6 kb	 0.3% Assets/Resources/CardArt/d-earth-1.png
 561.6 kb	 0.3% Assets/Resources/CardArt/p-ice-2.png
 561.6 kb	 0.3% Assets/Resources/CardArt/p-ice-1.png
 561.6 kb	 0.3% Assets/Resources/CardArt/p-dark-2.png
 561.6 kb	 0.3% Assets/Resources/CardArt/p-dark-1.png
 561.6 kb	 0.3% Assets/Resources/CardArt/p-air-2.png
 561.6 kb	 0.3% Assets/Resources/CardArt/p-air-1.png
 561.6 kb	 0.3% Assets/Resources/CardArt/disp-7.png
 561.6 kb	 0.3% Assets/Resources/CardArt/disp-6.png
 561.6 kb	 0.3% Assets/Resources/CardArt/disp-5.png
 561.6 kb	 0.3% Assets/Resources/CardArt/disp-4.png
 561.6 kb	 0.3% Assets/Resources/CardArt/disp-3.png
 561.6 kb	 0.3% Assets/Resources/CardArt/disp-2.png
 561.6 kb	 0.3% Assets/Resources/CardArt/disp-1.png
 561.6 kb	 0.3% Assets/Resources/CardArt/d-ice-7.png
 561.6 kb	 0.3% Assets/Resources/CardArt/d-ice-6.png
 561.6 kb	 0.3% Assets/Resources/CardArt/d-ice-5.png
 561.6 kb	 0.3% Assets/Resources/CardArt/d-ice-4.png
 561.6 kb	 0.3% Assets/Resources/CardArt/d-ice-3.png
 561.6 kb	 0.3% Assets/Resources/CardArt/d-ice-2.png
 561.6 kb	 0.3% Assets/Resources/CardArt/d-ice-1.png
 561.6 kb	 0.3% Assets/Resources/CardArt/d-fenrir.png
 561.6 kb	 0.3% Assets/Resources/CardArt/d-dark-7.png
 561.6 kb	 0.3% Assets/Resources/CardArt/d-dark-6.png
 561.6 kb	 0.3% Assets/Resources/CardArt/d-dark-5.png
 561.6 kb	 0.3% Assets/Resources/CardArt/d-dark-4.png
 561.6 kb	 0.3% Assets/Resources/CardArt/d-dark-3.png
 561.6 kb	 0.3% Assets/Resources/CardArt/d-dark-2.png
 561.6 kb	 0.3% Assets/Resources/CardArt/d-dark-1.png
 561.6 kb	 0.3% Assets/Resources/CardArt/d-air-7.png
 561.6 kb	 0.3% Assets/Resources/CardArt/d-air-6.png
 561.6 kb	 0.3% Assets/Resources/CardArt/d-air-5.png
 561.6 kb	 0.3% Assets/Resources/CardArt/d-air-4.png
 561.6 kb	 0.3% Assets/Resources/CardArt/d-air-3.png
 561.6 kb	 0.3% Assets/Resources/CardArt/d-air-2.png
 561.6 kb	 0.3% Assets/Resources/CardArt/d-air-1.png
 561.6 kb	 0.3% Assets/Resources/CardArt/cj-flame.png
 561.6 kb	 0.3% Assets/Resources/CardArt/s-5.png
 561.6 kb	 0.3% Assets/Resources/CardArt/s-4.png
 561.6 kb	 0.3% Assets/Resources/CardArt/s-3.png
 561.6 kb	 0.3% Assets/Resources/CardArt/s-2.png
 561.6 kb	 0.3% Assets/Resources/CardArt/s-1.png
 561.6 kb	 0.3% Assets/Resources/CardArt/m-5.png
 561.6 kb	 0.3% Assets/Resources/CardArt/m-4.png
 561.6 kb	 0.3% Assets/Resources/CardArt/m-3.png
 561.6 kb	 0.3% Assets/Resources/CardArt/m-2.png
 561.6 kb	 0.3% Assets/Resources/CardArt/m-1.png
 561.6 kb	 0.3% Assets/Resources/CardArt/f-7.png
 561.6 kb	 0.3% Assets/Resources/CardArt/f-6.png
 561.6 kb	 0.3% Assets/Resources/CardArt/f-5.png
 561.6 kb	 0.3% Assets/Resources/CardArt/f-4.png
 561.6 kb	 0.3% Assets/Resources/CardArt/f-3.png
 561.6 kb	 0.3% Assets/Resources/CardArt/f-2.png
 561.6 kb	 0.3% Assets/Resources/CardArt/f-1.png
 520.7 kb	 0.3% Resources/unity_builtin_extra
 512.6 kb	 0.2% Assets/Resources/UI/feature-story.png
 512.6 kb	 0.2% Assets/Resources/UI/feature-grimoire.png
 512.6 kb	 0.2% Assets/Resources/UI/feature-decks.png
 512.6 kb	 0.2% Assets/Resources/UI/feature-battle.png
 512.6 kb	 0.2% Assets/Resources/UI/feature-shop.png
 512.6 kb	 0.2% Assets/Resources/UI/pack-glow.png
 512.6 kb	 0.2% Assets/Resources/UI/icon-sword.png
 512.6 kb	 0.2% Assets/Resources/UI/icon-skull.png
 512.6 kb	 0.2% Assets/Resources/UI/icon-shield.png
 512.6 kb	 0.2% Assets/Resources/UI/icon-mana.png
 512.6 kb	 0.2% Assets/Resources/UI/icon-heart.png
 504.6 kb	 0.2% Assets/Resources/UI/packopen-gradient.png
 504.6 kb	 0.2% Assets/Resources/UI/pack-showcase-bg.png
 504.6 kb	 0.2% Assets/Resources/UI/menu-gradient.png
 504.6 kb	 0.2% Assets/Resources/UI/search-input-bg.png
 504.6 kb	 0.2% Assets/Resources/UI/pool-panel-bg.png
 504.6 kb	 0.2% Assets/Resources/UI/filter-bar-bg.png
 504.6 kb	 0.2% Assets/Resources/UI/detail-panel-bg.png
 504.6 kb	 0.2% Assets/Resources/UI/deckbuilder-bg.png
 504.6 kb	 0.2% Assets/Resources/UI/deck-panel-bg.png
 504.6 kb	 0.2% Assets/Resources/UI/config-bar-bg.png
 504.6 kb	 0.2% Assets/Resources/UI/collection-bg.png
 504.6 kb	 0.2% Assets/Resources/UI/nav-bar-bg.png
 504.6 kb	 0.2% Assets/Resources/UI/zone-pillar.png
 504.6 kb	 0.2% Assets/Resources/UI/zone-hand.png
 504.6 kb	 0.2% Assets/Resources/UI/zone-daemon.png
 504.6 kb	 0.2% Assets/Resources/UI/panel-header.png
 504.6 kb	 0.2% Assets/Resources/UI/panel-dark.png
 504.6 kb	 0.2% Assets/Resources/UI/packopen-bg.png
 504.6 kb	 0.2% Assets/Resources/UI/header-dark.png
 504.6 kb	 0.2% Assets/Resources/UI/divider-gold.png
 504.6 kb	 0.2% Assets/Resources/UI/ceremony-bg.png
 504.6 kb	 0.2% Assets/Resources/UI/battle-bg.png
 504.6 kb	 0.2% Assets/Resources/UI/bar-player.png
 504.6 kb	 0.2% Assets/Resources/UI/bar-opponent.png
 504.6 kb	 0.2% Assets/Resources/UI/menu-bg.png
 500.1 kb	 0.2% Assets/Resources/UI/pack-verdant.png
 500.1 kb	 0.2% Assets/Resources/UI/pack-shadow.png
 500.1 kb	 0.2% Assets/Resources/UI/pack-inferno.png
 500.1 kb	 0.2% Assets/Resources/UI/btn-red.png
 500.1 kb	 0.2% Assets/Resources/UI/btn-gold.png
 344.5 kb	 0.2% Assets/TextMesh Pro/Fonts/LiberationSans.ttf
 143.3 kb	 0.1% Assets/Resources/CardData/all_cards.json
 12.5 kb	 0.0% Assets/TextMesh Pro/Shaders/TMP_SDF-Mobile.shader
 8.8 kb	 0.0% Packages/com.unity.inputsystem/InputSystem/Plugins/PlayerInput/DefaultInputActions.inputactions
 8.1 kb	 0.0% Assets/Prefabs/CardPrefab.prefab
 6.5 kb	 0.0% Assets/Shaders/CardHolographic.shader
 3.3 kb	 0.0% Assets/TextMesh Pro/Resources/Fonts & Materials/LiberationSans SDF - Fallback.asset
 2.3 kb	 0.0% Assets/TextMesh Pro/Resources/Style Sheets/Default Style Sheet.asset
 2.2 kb	 0.0% Assets/Resources/PerformanceTestRunInfo.json
 1.6 kb	 0.0% Assets/TextMesh Pro/Resources/Fonts & Materials/LiberationSans SDF - Drop Shadow.mat
 1.6 kb	 0.0% Assets/Resources/DualCraftTheme.asset
 1.6 kb	 0.0% Assets/TextMesh Pro/Resources/Fonts & Materials/LiberationSans SDF - Outline.mat
 1.4 kb	 0.0% Assets/Resources/CardData/CardDatabase.asset
 0.7 kb	 0.0% Assets/Prefabs/LogEntryPrefab.prefab
 0.7 kb	 0.0% Assets/Resources/CardData/Decks/Primal_Elements.asset
 0.7 kb	 0.0% Assets/Resources/CardData/Decks/Ethereal_Conclave.asset
 0.7 kb	 0.0% Assets/Resources/CardData/Decks/Cogwork_Legion.asset
 0.7 kb	 0.0% Assets/Resources/CardData/Decks/Architects_Workshop.asset
 0.7 kb	 0.0% Assets/Resources/CardData/Decks/Grave_Pact.asset
 0.6 kb	 0.0% Assets/Resources/CardData/Decks/Radiant_Codex.asset
 0.6 kb	 0.0% Assets/Resources/CardData/Decks/Frostweavers_Grimoire.asset
 0.6 kb	 0.0% Assets/Resources/CardData/Decks/Stonewardens_Tome.asset
 0.6 kb	 0.0% Assets/Resources/CardData/Decks/Flamecallers_Arsenal.asset
 0.6 kb	 0.0% Assets/Resources/CardData/Decks/Tidebinders_Codex.asset
 0.6 kb	 0.0% Assets/Resources/CardData/Decks/Shadow_Grimoire.asset
 0.6 kb	 0.0% Assets/Resources/CardData/Decks/Verdant_Chronicle.asset
 0.6 kb	 0.0% Assets/Resources/CardData/Decks/Tempest_Scrolls.asset
 0.5 kb	 0.0% Assets/Resources/CardData/Cards/p-flame-1.asset
 0.5 kb	 0.0% Assets/Resources/CardData/Cards/cj-earth.asset
 0.5 kb	 0.0% Assets/Resources/CardData/Cards/d-fenrir.asset
 0.5 kb	 0.0% Assets/Resources/CardData/Cards/p-elemental-2.asset
 0.5 kb	 0.0% Assets/Resources/CardData/Cards/cj-dark.asset
 0.5 kb	 0.0% Assets/Resources/CardData/Cards/p-undead-1.asset
 0.5 kb	 0.0% Assets/Resources/CardData/Cards/p-spirit-2.asset
 0.5 kb	 0.0% Assets/Resources/CardData/Cards/cj-nature.asset
 0.5 kb	 0.0% Assets/Resources/CardData/Cards/cj-flame.asset
 0.5 kb	 0.0% Assets/Resources/CardData/Cards/p-artificial-2.asset
 0.5 kb	 0.0% Assets/Resources/CardData/Cards/cj-light.asset
 0.5 kb	 0.0% Assets/Resources/CardData/Cards/p-undead-2.asset
 0.5 kb	 0.0% Assets/Resources/CardData/Cards/p-nature-2.asset
 0.5 kb	 0.0% Assets/Resources/CardData/Cards/p-flame-2.asset
 0.5 kb	 0.0% Assets/Resources/CardData/Cards/p-water-1.asset
 0.5 kb	 0.0% Assets/Resources/CardData/Cards/p-nature-1.asset
 0.5 kb	 0.0% Assets/Resources/CardData/Cards/p-ice-2.asset
 0.5 kb	 0.0% Assets/Resources/CardData/Cards/p-water-2.asset
 0.5 kb	 0.0% Assets/Resources/CardData/Cards/p-machine-1.asset
 0.5 kb	 0.0% Assets/Resources/CardData/Cards/p-light-1.asset
 0.5 kb	 0.0% Assets/Resources/CardData/Cards/p-elemental-1.asset
 0.5 kb	 0.0% Assets/Resources/CardData/Cards/p-air-2.asset
 0.5 kb	 0.0% Assets/Resources/CardData/Cards/cj-water.asset
 0.5 kb	 0.0% Assets/Resources/CardData/Cards/p-artificial-1.asset
 0.5 kb	 0.0% Assets/Resources/CardData/Cards/cj-ice.asset
 0.5 kb	 0.0% Assets/Resources/CardData/Cards/p-machine-2.asset
 0.5 kb	 0.0% Assets/Resources/CardData/Cards/p-light-2.asset
 0.5 kb	 0.0% Assets/Resources/CardData/Cards/p-earth-1.asset
 0.5 kb	 0.0% Assets/Resources/CardData/Cards/p-spirit-1.asset
 0.5 kb	 0.0% Assets/Resources/CardData/Cards/p-dark-1.asset
 0.5 kb	 0.0% Assets/Resources/CardData/Cards/cj-air.asset
 0.5 kb	 0.0% Assets/Resources/CardData/Cards/p-ice-1.asset
 0.4 kb	 0.0% Assets/Resources/CardData/Decks/Apprentices_Water_Kit.asset
 0.4 kb	 0.0% Assets/Resources/CardData/Decks/Apprentices_Flame_Kit.asset
 0.4 kb	 0.0% Assets/Resources/CardData/Decks/Apprentices_Earth_Kit.asset
 0.4 kb	 0.0% Assets/Resources/CardData/Cards/p-dark-2.asset
 0.4 kb	 0.0% Assets/Resources/CardData/Cards/p-earth-2.asset
 0.4 kb	 0.0% Assets/Resources/CardData/Cards/d-fox-grey.asset
 0.4 kb	 0.0% Assets/Resources/CardData/Cards/p-air-1.asset
 0.4 kb	 0.0% Built-in Sprite: 
 0.4 kb	 0.0% Assets/Resources/CardData/Cards/d-fox-fledgling.asset
 0.4 kb	 0.0% Assets/Resources/CardData/Cards/d-earth-5.asset
 0.4 kb	 0.0% Assets/Resources/CardData/Cards/d-nature-7.asset
 0.4 kb	 0.0% Assets/Resources/CardData/Cards/d-flame-3.asset
 0.4 kb	 0.0% Assets/Resources/CardData/Cards/d-nature-4.asset
 0.4 kb	 0.0% Assets/Resources/CardData/Cards/d-nature-6.asset
 0.4 kb	 0.0% Assets/Resources/CardData/Cards/d-light-7.asset
 0.4 kb	 0.0% Assets/Resources/CardData/Cards/d-light-1.asset
 0.4 kb	 0.0% Assets/Resources/CardData/Cards/d-ice-5.asset
 0.4 kb	 0.0% Assets/Resources/CardData/Cards/d-dark-7.asset
 0.4 kb	 0.0% Assets/Resources/CardData/Cards/d-dark-5.asset
 0.3 kb	 0.0% Assets/Resources/CardData/Cards/d-water-3.asset
 0.3 kb	 0.0% Assets/Resources/CardData/Cards/d-light-5.asset
 0.3 kb	 0.0% Assets/Resources/CardData/Cards/d-flame-5.asset
 0.3 kb	 0.0% Assets/Resources/CardData/Cards/d-dark-1.asset
 0.3 kb	 0.0% Assets/Resources/CardData/Cards/d-water-7.asset
 0.3 kb	 0.0% Assets/Resources/CardData/Cards/d-flame-7.asset
 0.3 kb	 0.0% Assets/Resources/CardData/Cards/d-flame-1.asset
 0.3 kb	 0.0% Assets/Resources/CardData/Cards/d-water-1.asset
 0.3 kb	 0.0% Assets/Resources/CardData/Cards/d-earth-7.asset
 0.3 kb	 0.0% Assets/Resources/CardData/Cards/d-water-5.asset
 0.3 kb	 0.0% Assets/Resources/CardData/Cards/d-nature-5.asset
 0.3 kb	 0.0% Assets/Resources/CardData/Cards/d-light-3.asset
 0.3 kb	 0.0% Assets/Resources/CardData/Cards/d-ice-1.asset
 0.3 kb	 0.0% Assets/Resources/CardData/Cards/d-earth-3.asset
 0.3 kb	 0.0% Assets/Resources/CardData/Cards/d-nature-2.asset
 0.3 kb	 0.0% Assets/Resources/CardData/Cards/d-ice-3.asset
 0.3 kb	 0.0% Assets/Resources/CardData/Cards/d-earth-1.asset
 0.3 kb	 0.0% Assets/Resources/CardData/Cards/d-dark-2.asset
 0.3 kb	 0.0% Assets/Resources/CardData/Cards/d-air-3.asset
 0.3 kb	 0.0% Assets/Resources/CardData/Cards/d-nature-3.asset
 0.3 kb	 0.0% Assets/Resources/CardData/Cards/d-air-7.asset
 0.3 kb	 0.0% Assets/Resources/CardData/Cards/d-air-5.asset
 0.3 kb	 0.0% Assets/Resources/CardData/Cards/d-air-1.asset
 0.3 kb	 0.0% Assets/Resources/CardData/Cards/d-ice-7.asset
 0.3 kb	 0.0% Assets/Resources/CardData/Cards/d-nature-1.asset
 0.3 kb	 0.0% Assets/TextMesh Pro/Resources/LineBreaking Following Characters.txt
 0.3 kb	 0.0% Assets/TextMesh Pro/Resources/TMP Settings.asset
 0.3 kb	 0.0% Assets/Resources/Materials/CardHolo_Legendary.mat
 0.3 kb	 0.0% Assets/Resources/Materials/CardHolo_Rare.mat
 0.3 kb	 0.0% Assets/Resources/Materials/CardHolo_Epic.mat
 0.3 kb	 0.0% Assets/Resources/Materials/CardHolo_Common.mat
 0.3 kb	 0.0% Assets/Resources/CardData/Cards/d-light-2.asset
 0.3 kb	 0.0% Assets/Resources/CardData/Cards/d-flame-4.asset
 0.3 kb	 0.0% Assets/Resources/CardData/Cards/disp-7.asset
 0.3 kb	 0.0% Assets/Resources/CardData/Cards/disp-5.asset
 0.3 kb	 0.0% Assets/Resources/CardData/Cards/disp-2.asset
 0.3 kb	 0.0% Assets/Resources/CardData/Cards/d-light-6.asset
 0.3 kb	 0.0% Assets/Resources/CardData/Cards/d-earth-4.asset
 0.3 kb	 0.0% Assets/Resources/CardData/Cards/d-dark-4.asset
 0.3 kb	 0.0% Assets/Resources/CardData/Cards/disp-3.asset
 0.3 kb	 0.0% Assets/Resources/CardData/Cards/d-water-4.asset
 0.3 kb	 0.0% Assets/Resources/CardData/Cards/d-water-2.asset
 0.3 kb	 0.0% Assets/Resources/CardData/Cards/d-ice-4.asset
 0.3 kb	 0.0% Assets/Resources/CardData/Cards/disp-1.asset
 0.3 kb	 0.0% Assets/Resources/CardData/Cards/d-water-6.asset
 0.3 kb	 0.0% Assets/Resources/CardData/Cards/d-light-4.asset
 0.3 kb	 0.0% Assets/Resources/CardData/Cards/d-ice-2.asset
 0.3 kb	 0.0% Assets/Resources/CardData/Cards/d-ice-6.asset
 0.3 kb	 0.0% Assets/Resources/CardData/Cards/d-flame-6.asset
 0.3 kb	 0.0% Assets/Resources/CardData/Cards/d-earth-6.asset
 0.3 kb	 0.0% Assets/Resources/CardData/Cards/d-earth-2.asset
 0.3 kb	 0.0% Assets/Resources/CardData/Cards/d-dark-3.asset
 0.3 kb	 0.0% Assets/Resources/CardData/Cards/d-air-6.asset
 0.3 kb	 0.0% Assets/Resources/CardData/Cards/d-flame-2.asset
 0.3 kb	 0.0% Assets/Resources/CardData/Cards/d-air-2.asset
 0.3 kb	 0.0% Assets/Resources/CardData/Cards/disp-4.asset
 0.3 kb	 0.0% Assets/Resources/CardData/Cards/d-air-4.asset
 0.2 kb	 0.0% Assets/Resources/CardData/Cards/d-dark-6.asset
 0.2 kb	 0.0% Assets/Resources/CardData/Cards/disp-6.asset
 0.2 kb	 0.0% Assets/Resources/CardData/Cards/f-6.asset
 0.2 kb	 0.0% Assets/Resources/CardData/Cards/f-7.asset
 0.2 kb	 0.0% Assets/Resources/CardData/Cards/f-4.asset
 0.2 kb	 0.0% Packages/com.unity.services.authentication/Player Accounts/Runtime/PlayerAccountsPackageInitializer.cs
 0.2 kb	 0.0% Packages/com.unity.services.authentication/Player Accounts/Runtime/Exceptions/PlayerAccountsExceptionHandler.cs
 0.2 kb	 0.0% Assets/Resources/CardData/Cards/m-5.asset
 0.2 kb	 0.0% Packages/com.unity.services.core/Runtime/Configuration/StreamingAssetsConfigurationLoader.cs
 0.2 kb	 0.0% Packages/com.unity.services.authentication/Runtime/AuthenticationServiceInternal.UsernamePassword.cs
 0.2 kb	 0.0% Packages/com.unity.services.authentication/Player Accounts/Runtime/UnityPlayerAccountSettings.cs
 0.2 kb	 0.0% Packages/com.unity.services.authentication/Player Accounts/Runtime/PlayerAccountServiceInternal.cs
 0.2 kb	 0.0% Packages/com.unity.services.authentication/Player Accounts/Runtime/Models/PlayerAccountsErrorResponse.cs
 0.2 kb	 0.0% Assets/Resources/CardData/Cards/s-3.asset
 0.2 kb	 0.0% Assets/Resources/CardData/Cards/f-5.asset
 0.2 kb	 0.0% Packages/com.unity.services.authentication/Runtime/AuthenticationServiceInternal.PlayerNames.cs
 0.2 kb	 0.0% Packages/com.unity.services.authentication/Runtime/AuthenticationServiceInternal.Notification.cs
 0.2 kb	 0.0% Packages/com.unity.mathematics/Unity.Mathematics/Il2CppEagerStaticClassConstructionAttribute.cs
 0.2 kb	 0.0% Assets/Resources/CardData/Cards/s-5.asset
 0.2 kb	 0.0% Assets/Resources/CardData/Cards/m-3.asset
 0.2 kb	 0.0% Packages/com.unity.services.core/Runtime/Configuration/SerializableProjectConfiguration.cs
 0.2 kb	 0.0% Packages/com.unity.services.core/Runtime/Configuration/ConfigurationCollectionHelper.cs
 0.2 kb	 0.0% Packages/com.unity.services.authentication/Runtime/AuthenticationServiceInternal.External.cs
 0.2 kb	 0.0% Packages/com.unity.services.authentication/Runtime/AuthenticationServiceInternal.CodeLink.cs
 0.2 kb	 0.0% Packages/com.unity.services.authentication/Player Accounts/Runtime/Utilities/Network/INetworkConfiguration.cs
 0.2 kb	 0.0% Packages/com.unity.services.authentication/Player Accounts/Runtime/Utilities/CodeChallengeGenerator.cs
 0.2 kb	 0.0% Packages/com.unity.services.authentication/Player Accounts/Runtime/Utilities/Browser/StandaloneBrowserUtils.cs
 0.2 kb	 0.0% Packages/com.unity.services.authentication/Player Accounts/Runtime/IPlayerAccountService.cs
 0.2 kb	 0.0% Packages/com.unity.services.authentication/Player Accounts/Runtime/Exceptions/PlayerAccountsException.cs
 0.2 kb	 0.0% Packages/com.unity.services.authentication/Player Accounts/Runtime/Exceptions/PlayerAccountsErrorCodes.cs
 0.2 kb	 0.0% Assets/Resources/CardData/Cards/s-4.asset
 0.2 kb	 0.0% Assets/Resources/CardData/Cards/s-1.asset
 0.2 kb	 0.0% Packages/com.unity.services.core/Runtime/Core.Internal/Components/Telemetry/IDiagnosticsComponentProvider.cs
 0.2 kb	 0.0% Packages/com.unity.services.core/Runtime/Core.Internal/Components/Analytics/IAnalyticsStandardEventComponent.cs
 0.2 kb	 0.0% Packages/com.unity.services.authentication/Runtime/AuthenticationServiceInternal.BYOI.cs
 0.2 kb	 0.0% Assets/Resources/CardData/Cards/m-4.asset
 0.2 kb	 0.0% Packages/com.unity.transport/Runtime/BaselibNetworkInterface.deprecated.cs
 0.2 kb	 0.0% Packages/com.unity.services.wire/Runtime/Centrifuge/ConcurrentDictSubscriptionRepository.cs
 0.2 kb	 0.0% Packages/com.unity.services.core/Runtime/Telemetry/Diagnotstics/DisabledDiagnosticsFactory.cs
 0.2 kb	 0.0% Packages/com.unity.services.core/Runtime/Scheduler/ScheduledInvocationComparer.cs
 0.2 kb	 0.0% Packages/com.unity.services.core/Runtime/Environments/EnvironmentsOptionsExtensions.cs
 0.2 kb	 0.0% Packages/com.unity.services.core/Runtime/Core.Internal/Registry/DependencyTreeInitializeOrderSorter.cs
 0.2 kb	 0.0% Packages/com.unity.services.core/Runtime/Configuration/MemoryConfigurationLoader.cs
 0.2 kb	 0.0% Packages/com.unity.services.authentication/Runtime/Network/AuthenticationWebRequestUtils.cs
 0.2 kb	 0.0% Packages/com.unity.services.authentication/Runtime/Models/Requests/SignInWithExternalTokenRequest.cs
 0.2 kb	 0.0% Packages/com.unity.services.authentication/Runtime/Models/Requests/GameCenter/SignInWithAppleGameCenterRequest.cs
 0.2 kb	 0.0% Packages/com.unity.services.authentication/Runtime/Models/Requests/GameCenter/LinkWithAppleGameCenterRequest.cs
 0.2 kb	 0.0% Packages/com.unity.services.authentication/Runtime/Exceptions/IAuthenticationExceptionHandler.cs
 0.2 kb	 0.0% Packages/com.unity.services.authentication/Runtime/Exceptions/AuthenticationExceptionHandler.cs
 0.2 kb	 0.0% Packages/com.unity.services.authentication/Runtime/Core/AuthenticationPackageInitializer.cs
 0.2 kb	 0.0% Packages/com.unity.services.authentication/Runtime/Components/PlayerAuthenticationEvents.cs
 0.2 kb	 0.0% Packages/com.unity.services.authentication/Runtime/AuthenticationServiceInternal.cs
 0.2 kb	 0.0% Packages/com.unity.services.authentication/Player Accounts/Runtime/Utilities/Network/WebRequestException.cs
 0.2 kb	 0.0% Packages/com.unity.services.authentication/Player Accounts/Runtime/Utilities/Network/NetworkConfiguration.cs
 0.2 kb	 0.0% Packages/com.unity.services.authentication/Player Accounts/Runtime/PlayerAccountService.cs
 0.2 kb	 0.0% Packages/com.unity.collections/Unity.Collections/GenerateTestsForBurstCompatibilityAttribute.cs
 0.2 kb	 0.0% Assets/Resources/CardData/Cards/f-3.asset
 0.2 kb	 0.0% Assets/Resources/CardData/Cards/f-2.asset
 0.2 kb	 0.0% Packages/com.unity.inputsystem/InputSystem/Editor/UITKAssetEditor/Views/CompositePartBindingPropertiesView.cs
 0.2 kb	 0.0% Packages/com.unity.inputsystem/InputSystem/Editor/UITKAssetEditor/Views/CollectionViewSelectionChangeFilter.cs
 0.2 kb	 0.0% Packages/com.unity.inputsystem/InputSystem/Editor/UITKAssetEditor/InputActionsEditorSettingsProvider.cs
 0.2 kb	 0.0% Packages/com.unity.inputsystem/InputSystem/Editor/PropertyDrawers/InputActionReferenceSearchProviders.cs
 0.2 kb	 0.0% Packages/com.unity.inputsystem/InputSystem/Editor/PropertyDrawers/InputActionReferencePropertyDrawer.cs
 0.2 kb	 0.0% Packages/com.unity.inputsystem/InputSystem/Editor/Analytics/InputActionsEditorSessionAnalytic.cs
 0.2 kb	 0.0% Packages/com.unity.inputsystem/InputSystem/Devices/Commands/QueryEditorWindowCoordinatesCommand.cs
 0.2 kb	 0.0% Packages/com.unity.inputsystem/InputSystem/Devices/Commands/InitiateUserAccountPairingCommand.cs
 0.2 kb	 0.0% Assets/Resources/CardData/Cards/s-2.asset
 0.2 kb	 0.0% Assets/Resources/CardData/Cards/m-2.asset
 0.2 kb	 0.0% Assets/Resources/CardData/Cards/m-1.asset
 0.2 kb	 0.0% Packages/com.unity.transport/Runtime/Pipelines/UnreliableSequencedPipelineStage.cs
 0.2 kb	 0.0% Packages/com.unity.transport/Runtime/Pipelines/ReliableSequencedPipelineStage.cs
 0.2 kb	 0.0% Packages/com.unity.services.core/Runtime/Threading/UnityThreadUtilsInternal.cs
 0.2 kb	 0.0% Packages/com.unity.services.core/Runtime/Telemetry/Metrics/DisabledMetricsFactory.cs
 0.2 kb	 0.0% Packages/com.unity.services.core/Runtime/Core.Internal/Components/Configuration/IProjectConfiguration.cs
 0.2 kb	 0.0% Packages/com.unity.services.core/Runtime/Components/ServicesInitializationEvents.cs
 0.2 kb	 0.0% Packages/com.unity.services.core/Runtime/Analytics/AnalyticsOptionsExtensions.cs
 0.2 kb	 0.0% Packages/com.unity.services.authentication/Runtime/Network/IAuthenticationNetworkClient.cs
 0.2 kb	 0.0% Packages/com.unity.services.authentication/Runtime/Network/AuthenticationNetworkClient.cs
 0.2 kb	 0.0% Packages/com.unity.services.authentication/Runtime/Models/Responses/AuthenticationErrorResponse.cs
 0.2 kb	 0.0% Packages/com.unity.services.authentication/Runtime/Models/Requests/LinkWithExternalTokenRequest.cs
 0.2 kb	 0.0% Packages/com.unity.services.authentication/Runtime/Models/Requests/Code Linking/GenerateSignInCodeRequest.cs
 0.2 kb	 0.0% Packages/com.unity.services.authentication/Player Accounts/Runtime/Utilities/Network/NetworkHandler.cs
 0.2 kb	 0.0% Packages/com.unity.services.authentication/Player Accounts/Runtime/Utilities/Network/INetworkHandler.cs
 0.2 kb	 0.0% Packages/com.unity.services.authentication/Player Accounts/Runtime/Utilities/Network/HttpUtilities.cs
 0.2 kb	 0.0% Packages/com.unity.services.authentication/Player Accounts/Runtime/Utilities/DateTimeWrapper.cs
 0.2 kb	 0.0% Packages/com.unity.services.authentication/Player Accounts/Runtime/Utilities/Browser/IBrowserUtils.cs
 0.2 kb	 0.0% Packages/com.unity.services.authentication/Player Accounts/Runtime/Models/SignInResponse.cs
 0.2 kb	 0.0% Packages/com.unity.inputsystem/InputSystem/Plugins/UI/StandaloneInputModuleEditor.cs
 0.2 kb	 0.0% Packages/com.unity.inputsystem/InputSystem/Plugins/UI/InputSystemUIInputModuleEditor.cs
 0.2 kb	 0.0% Assets/Resources/CardData/Cards/f-1.asset
 0.1 kb	 0.0% Packages/com.unity.transport/Runtime/Relay/NetworkDriverRelayExtensions.cs
 0.1 kb	 0.0% Packages/com.unity.transport/Runtime/Relay/Messages/RelayMessageConnectRequest.cs
 0.1 kb	 0.0% Packages/com.unity.transport/Runtime/AtomicFreeList.cs
 0.1 kb	 0.0% Packages/com.unity.services.wire/Runtime/websocket-sharp/Net/WebSockets/TcpListenerWebSocketContext.cs
 0.1 kb	 0.0% Packages/com.unity.services.wire/Runtime/websocket-sharp/Net/WebSockets/HttpListenerWebSocketContext.cs
 0.1 kb	 0.0% Packages/com.unity.services.lobby/Runtime/Http/ResponseDeserializationException.cs
 0.1 kb	 0.0% Packages/com.unity.services.core/Runtime/Core.Internal/Registry/DependencyTreeExceptions.cs
 0.1 kb	 0.0% Packages/com.unity.services.core/Runtime/Core.Internal/Components/Vivox/IVivoxTokenProviderInternal.cs
 0.1 kb	 0.0% Packages/com.unity.services.core/Runtime/Core.Internal/Components/Networking/HttpRequestExtensions.cs
 0.1 kb	 0.0% Packages/com.unity.services.core/Runtime/Core.Internal/Components/Authentication/IServerEnvironmentId.cs
 0.1 kb	 0.0% Packages/com.unity.services.core/Runtime/Core.Internal/Components/Authentication/IServerAccessToken.cs
 0.1 kb	 0.0% Packages/com.unity.services.authentication/Runtime/Generated/Shared/ApiRequestPathBuilder.cs
 0.1 kb	 0.0% Packages/com.unity.services.authentication/Runtime/Generated/Shared/AbstractOpenAPISchema.cs
 0.1 kb	 0.0% Packages/com.unity.inputsystem/InputSystem/Plugins/InputForUI/InputActionAssetVerifier.cs
 0.1 kb	 0.0% Packages/com.unity.inputsystem/InputSystem/Editor/UITKAssetEditor/Views/CompositeBindingPropertiesView.cs
 0.1 kb	 0.0% Packages/com.unity.inputsystem/InputSystem/Editor/UITKAssetEditor/InputActionsEditorWindowUtils.cs
 0.1 kb	 0.0% Packages/com.unity.inputsystem/InputSystem/Editor/PropertyDrawers/InputActionAssetSearchProvider.cs
 0.1 kb	 0.0% Packages/com.unity.inputsystem/InputSystem/Editor/ProjectWideActions/ProjectWideActionsBuildProvider.cs
 0.1 kb	 0.0% Packages/com.unity.inputsystem/InputSystem/Editor/Internal/SerializedPropertyLinqExtensions.cs
 0.1 kb	 0.0% Packages/com.unity.inputsystem/InputSystem/Editor/Internal/InputActionSerializationHelpers.cs
 0.1 kb	 0.0% Packages/com.unity.inputsystem/InputSystem/Editor/EditorInputControlLayoutCache.cs
 0.1 kb	 0.0% Packages/com.unity.inputsystem/InputSystem/Editor/ControlPicker/Layouts/TouchscreenControlPickerLayout.cs
 0.1 kb	 0.0% Packages/com.unity.inputsystem/InputSystem/Editor/ControlPicker/Layouts/DefaultInputControlPickerLayout.cs
 0.1 kb	 0.0% Packages/com.unity.inputsystem/InputSystem/Editor/Analytics/VirtualMouseInputEditorAnalytic.cs
 0.1 kb	 0.0% Packages/com.unity.inputsystem/InputSystem/Editor/Analytics/PlayerInputManagerEditorAnalytic.cs
 0.1 kb	 0.0% Packages/com.unity.inputsystem/InputSystem/Devices/Commands/QuerySamplingFrequencyCommand.cs
 0.1 kb	 0.0% Packages/com.unity.inputsystem/InputSystem/Devices/Commands/QueryPairedUserAccountCommand.cs
 0.1 kb	 0.0% Packages/com.unity.transport/Runtime/WebSocketNetworkInterface.cs
 0.1 kb	 0.0% Packages/com.unity.transport/Runtime/StreamSegmentationParameters.cs
 0.1 kb	 0.0% Packages/com.unity.transport/Runtime/Pipelines/FragmentationPipelineStage.cs
 0.1 kb	 0.0% Packages/com.unity.services.relay/Runtime/Http/ResponseDeserializationException.cs
 0.1 kb	 0.0% Packages/com.unity.services.relay/Runtime/Apis/RelayAllocationsApi.cs
 0.1 kb	 0.0% Packages/com.unity.services.qos/Runtime/v2/Http/ResponseDeserializationException.cs
 0.1 kb	 0.0% Packages/com.unity.services.qos/Runtime/Models/QosServiceServersResponseBody.cs
 0.1 kb	 0.0% Packages/com.unity.services.lobby/Runtime/SDK/ILobbyServiceSDKConfiguration.cs
 0.1 kb	 0.0% Packages/com.unity.services.lobby/Runtime/ErrorMitigation/StatusCodePolicyConfig.cs
 0.1 kb	 0.0% Packages/com.unity.services.core/Runtime/Telemetry/Diagnotstics/DisabledDiagnostics.cs
 0.1 kb	 0.0% Packages/com.unity.services.core/Runtime/Telemetry/Diagnotstics/DiagnosticsFactory.cs
 0.1 kb	 0.0% Packages/com.unity.services.core/Runtime/Scheduler/ScheduledInvocation.cs
 0.1 kb	 0.0% Packages/com.unity.services.core/Runtime/Scheduler/MinimumBinaryHeap.cs
 0.1 kb	 0.0% Packages/com.unity.services.core/Runtime/Registration/CorePackageInitializer.cs
 0.1 kb	 0.0% Packages/com.unity.services.core/Runtime/Networking/UnityWebRequestClient.cs
 0.1 kb	 0.0% Packages/com.unity.services.core/Runtime/Environments/Internal/Environments.cs
 0.1 kb	 0.0% Packages/com.unity.services.core/Runtime/Core.Internal/Serialization/NewtonsoftSerializer.cs
 0.1 kb	 0.0% Packages/com.unity.services.core/Runtime/Core.Internal/Registry/PackageInitializationInfo.cs
 0.1 kb	 0.0% Packages/com.unity.services.core/Runtime/Core.Internal/Registry/CircularDependencyException.cs
 0.1 kb	 0.0% Packages/com.unity.services.core/Runtime/Configuration/Utils/StreamingAssetsUtils.cs
 0.1 kb	 0.0% Packages/com.unity.services.core/Runtime/Configuration/ProjectConfiguration.cs
 0.1 kb	 0.0% Packages/com.unity.services.core/Runtime/Configuration/IConfigurationLoader.cs
 0.1 kb	 0.0% Packages/com.unity.services.core/Runtime/Configuration/ConfigurationUtils.cs
 0.1 kb	 0.0% Packages/com.unity.services.core/Runtime/Configuration/ConfigurationEntry.cs
 0.1 kb	 0.0% Packages/com.unity.services.core/Runtime/Components/ServicesInitialization.cs
 0.1 kb	 0.0% Packages/com.unity.services.authentication/Runtime/Utilities/CodeChallengeGenerator.cs
 0.1 kb	 0.0% Packages/com.unity.services.authentication/Runtime/Network/AuthenticationApiClient.cs
 0.1 kb	 0.0% Packages/com.unity.services.authentication/Runtime/Models/Settings/INetworkConfiguration.cs
 0.1 kb	 0.0% Packages/com.unity.services.authentication/Runtime/Models/Settings/IAuthenticationSettings.cs
 0.1 kb	 0.0% Packages/com.unity.services.authentication/Runtime/Models/Settings/AuthenticationSettings.cs
 0.1 kb	 0.0% Packages/com.unity.services.authentication/Runtime/Models/Security/AccessTokenExtraClaims.cs
 0.1 kb	 0.0% Packages/com.unity.services.authentication/Runtime/Models/Responses/GetNotificationsResponse.cs
 0.1 kb	 0.0% Packages/com.unity.services.authentication/Runtime/Models/Responses/CodeLinkConfirmResponse.cs
 0.1 kb	 0.0% Packages/com.unity.services.authentication/Runtime/Models/Requests/UsernamePasswordRequest.cs
 0.1 kb	 0.0% Packages/com.unity.services.authentication/Runtime/Models/Requests/UpdatePasswordRequest.cs
 0.1 kb	 0.0% Packages/com.unity.services.authentication/Runtime/Models/Requests/SignInWithSteamRequest.cs
 0.1 kb	 0.0% Packages/com.unity.services.authentication/Runtime/Models/Requests/SignInAnonymouslyRequest.cs
 0.1 kb	 0.0% Packages/com.unity.services.authentication/Runtime/Models/Requests/Oculus/SignInWithOculusRequest.cs
 0.1 kb	 0.0% Packages/com.unity.services.authentication/Runtime/Models/Requests/Oculus/LinkWithOculusRequest.cs
 0.1 kb	 0.0% Packages/com.unity.services.authentication/Runtime/Models/Requests/Code Linking/SignInWithCodeRequest.cs
 0.1 kb	 0.0% Packages/com.unity.services.authentication/Runtime/Models/Requests/Code Linking/ConfirmSignInCodeRequest.cs
 0.1 kb	 0.0% Packages/com.unity.services.authentication/Runtime/Models/Requests/AppleGameCenterConfig.cs
 0.1 kb	 0.0% Packages/com.unity.services.authentication/Runtime/Models/Components/SessionTokenComponent.cs
 0.1 kb	 0.0% Packages/com.unity.services.authentication/Runtime/Models/Components/EnvironmentIdComponent.cs
 0.1 kb	 0.0% Packages/com.unity.services.authentication/Runtime/Metrics/IAuthenticationMetrics.cs
 0.1 kb	 0.0% Packages/com.unity.services.authentication/Runtime/Metrics/AuthenticationMetrics.cs
 0.1 kb	 0.0% Packages/com.unity.services.authentication/Runtime/IAuthenticationService.cs
 0.1 kb	 0.0% Packages/com.unity.services.authentication/Runtime/Generated/PlayerNames/Model/UpdateNameRequest.cs
 0.1 kb	 0.0% Packages/com.unity.services.authentication/Runtime/Exceptions/AuthenticationException.cs
 0.1 kb	 0.0% Packages/com.unity.services.authentication/Runtime/Exceptions/AuthenticationErrorCodes.cs
 0.1 kb	 0.0% Packages/com.unity.services.authentication/Runtime/Core/AuthenticationExtensions.cs
 0.1 kb	 0.0% Packages/com.unity.services.authentication/Runtime/Components/PlayerAuthentication.cs
 0.1 kb	 0.0% Packages/com.unity.services.authentication/Runtime/AuthenticationService.cs
 0.1 kb	 0.0% Packages/com.unity.services.authentication/Player Accounts/Runtime/Utilities/UriHelper.cs
 0.1 kb	 0.0% Packages/com.unity.services.authentication/Player Accounts/Runtime/Utilities/Network/WebRequest.cs
 0.1 kb	 0.0% Packages/com.unity.services.authentication/Player Accounts/Runtime/Utilities/JwtDecoder.cs
 0.1 kb	 0.0% Packages/com.unity.services.authentication/Player Accounts/Runtime/Utilities/Browser/BrowserUtils.cs
 0.1 kb	 0.0% Packages/com.unity.services.authentication/Player Accounts/Runtime/Extensions/UnityServicesExtensions.cs
 0.1 kb	 0.0% Packages/com.unity.inputsystem/InputSystem/Utilities/DisplayStringFormatAttribute.cs
 0.1 kb	 0.0% Packages/com.unity.inputsystem/InputSystem/Plugins/Android/AndroidGameController.cs
 0.1 kb	 0.0% Packages/com.unity.inputsystem/InputSystem/Controls/Processors/NormalizeVector3Processor.cs
 0.1 kb	 0.0% Packages/com.unity.inputsystem/InputSystem/Controls/Processors/NormalizeVector2Processor.cs
 0.1 kb	 0.0% Packages/com.unity.inputsystem/InputSystem/Controls/Processors/EditorWindowSpaceProcessor.cs
 0.1 kb	 0.0% Packages/com.unity.inputsystem/InputSystem/Controls/Processors/CompensateRotationProcessor.cs
 0.1 kb	 0.0% Packages/com.unity.inputsystem/InputSystem/Controls/Processors/CompensateDirectionProcessor.cs
 0.1 kb	 0.0% Packages/com.unity.collections/Unity.Collections/UnsafeParallelHashSetExtensions.gen.cs
 0.1 kb	 0.0% Packages/com.unity.collections/Unity.Collections/UnsafeParallelHashMap.cs
 0.1 kb	 0.0% Packages/com.unity.transport/Runtime/TLS/UnityTLSConfiguration.cs
 0.1 kb	 0.0% Packages/com.unity.transport/Runtime/TLS/SecureParameters.cs
 0.1 kb	 0.0% Packages/com.unity.transport/Runtime/Relay/RelayNetworkParameter.cs
 0.1 kb	 0.0% Packages/com.unity.transport/Runtime/Relay/Messages/RelayMessageDisconnect.cs
 0.1 kb	 0.0% Packages/com.unity.services.wire/Runtime/Centrifuge/ProtocolSchema/UnsubscribeResult.cs
 0.1 kb	 0.0% Packages/com.unity.services.wire/Runtime/Centrifuge/ProtocolSchema/UnsubscribeRequest.cs
 0.1 kb	 0.0% Packages/com.unity.services.relay/Runtime/Apis/RelayAllocationsApiRequests.cs
 0.1 kb	 0.0% Packages/com.unity.services.qos/Runtime/v2/ErrorMitigation/StatusCodePolicyConfig.cs
 0.1 kb	 0.0% Packages/com.unity.services.qos/Runtime/Http/ResponseDeserializationException.cs
 0.1 kb	 0.0% Packages/com.unity.services.core/Runtime/Core/DynamicDependency/PreserveDependencyAttribute.cs
 0.1 kb	 0.0% Packages/com.unity.services.core/Runtime/Core.Internal/Components/Threading/IUnityThreadUtils.cs
 0.1 kb	 0.0% Packages/com.unity.services.core/Runtime/Core.Internal/Components/Telemetry/IDiagnosticsFactory.cs
 0.1 kb	 0.0% Packages/com.unity.services.core/Runtime/Core.Internal/Components/Networking/ReadOnlyHttpResponse.cs
 0.1 kb	 0.0% Packages/com.unity.services.core/Runtime/Core.Internal/Components/Networking/ReadOnlyHttpRequest.cs
 0.1 kb	 0.0% Packages/com.unity.services.core/Runtime/Core.Internal/Components/Authentication/IPlayerNameComponent.cs
 0.1 kb	 0.0% Packages/com.unity.services.core/Runtime/Core.Internal/Components/Authentication/IAccessTokenObserver.cs
 0.1 kb	 0.0% Packages/com.unity.services.authentication/Runtime/Generated/Shared/OpenAPIDateConverter.cs
 0.1 kb	 0.0% Packages/com.unity.services.authentication/Runtime/Generated/Shared/IApiConfiguration.cs
 0.1 kb	 0.0% Packages/com.unity.services.authentication/Runtime/Generated/Shared/ApiRequestOptions.cs
 0.1 kb	 0.0% Packages/com.unity.inputsystem/InputSystem/State/IInputStateCallbackReceiver.cs
 0.1 kb	 0.0% Packages/com.unity.inputsystem/InputSystem/Plugins/InputForUI/InputSystemProvider.cs
 0.1 kb	 0.0% Packages/com.unity.inputsystem/InputSystem/Plugins/DualShock/DualShockGamepadHID.cs
 0.1 kb	 0.0% Packages/com.unity.inputsystem/InputSystem/Editor/UITKAssetEditor/Views/NameAndParametersListView.cs
 0.1 kb	 0.0% Packages/com.unity.inputsystem/InputSystem/Editor/UITKAssetEditor/Views/InputActionMapsTreeViewItem.cs
 0.1 kb	 0.0% Packages/com.unity.inputsystem/InputSystem/Editor/UITKAssetEditor/InputActionsEditorConstants.cs
 0.1 kb	 0.0% Packages/com.unity.inputsystem/InputSystem/Editor/Settings/InputSettingsBuildProvider.cs
 0.1 kb	 0.0% Packages/com.unity.inputsystem/InputSystem/Editor/Settings/EditorPlayerSettingHelpers.cs
 0.1 kb	 0.0% Packages/com.unity.inputsystem/InputSystem/Editor/PropertyDrawers/InputActionPropertyDrawer.cs
 0.1 kb	 0.0% Packages/com.unity.inputsystem/InputSystem/Editor/PropertyDrawers/GamepadButtonPropertyDrawer.cs
 0.1 kb	 0.0% Packages/com.unity.inputsystem/InputSystem/Editor/Internal/SerializedPropertyHelpers.cs
 0.1 kb	 0.0% Packages/com.unity.inputsystem/InputSystem/Editor/Internal/AdvancedDropdown/AdvancedDropdownDataSource.cs
 0.1 kb	 0.0% Packages/com.unity.inputsystem/InputSystem/Editor/Debugger/InputDeviceDebuggerWindow.cs
 0.1 kb	 0.0% Packages/com.unity.inputsystem/InputSystem/Editor/Debugger/InputActionDebuggerWindow.cs
 0.1 kb	 0.0% Packages/com.unity.inputsystem/InputSystem/Editor/ControlPicker/InputControlPickerDropdown.cs
 0.1 kb	 0.0% Packages/com.unity.inputsystem/InputSystem/Editor/ControlPicker/IInputControlPickerLayout.cs
 0.1 kb	 0.0% Packages/com.unity.inputsystem/InputSystem/Editor/AssetImporter/InputActionImporterEditor.cs
 0.1 kb	 0.0% Packages/com.unity.inputsystem/InputSystem/Editor/AssetImporter/InputActionAssetIconLoader.cs
 0.1 kb	 0.0% Packages/com.unity.inputsystem/InputSystem/Editor/AssetEditor/InputBindingPropertiesView.cs
 0.1 kb	 0.0% Packages/com.unity.inputsystem/InputSystem/Editor/AssetEditor/InputActionPropertiesView.cs
 0.1 kb	 0.0% Packages/com.unity.inputsystem/InputSystem/Editor/Analytics/PlayerInputEditorAnalytic.cs
 0.1 kb	 0.0% Packages/com.unity.inputsystem/InputSystem/Editor/Analytics/OnScreenStickEditorAnalytic.cs
 0.1 kb	 0.0% Packages/com.unity.inputsystem/InputSystem/Editor/Analytics/InputExitPlayModeAnalytic.cs
 0.1 kb	 0.0% Packages/com.unity.inputsystem/InputSystem/Editor/Analytics/InputComponentEditorAnalytic.cs
 0.1 kb	 0.0% Packages/com.unity.inputsystem/InputSystem/Devices/IInputUpdateCallbackReceiver.cs
 0.1 kb	 0.0% Packages/com.unity.inputsystem/InputSystem/Devices/Commands/SetSamplingFrequencyCommand.cs
 0.1 kb	 0.0% Packages/com.unity.inputsystem/InputSystem/Devices/Commands/SetIMECursorPositionCommand.cs
 0.1 kb	 0.0% Packages/com.unity.inputsystem/InputSystem/Devices/Commands/QueryKeyboardLayoutCommand.cs
 0.1 kb	 0.0% Packages/com.unity.inputsystem/InputSystem/Devices/Commands/EnableIMECompositionCommand.cs
 0.1 kb	 0.0% Packages/com.unity.inputsystem/InputSystem/Controls/InputControlLayoutAttribute.cs
 0.1 kb	 0.0% Packages/com.unity.inputsystem/InputSystem/Actions/InputActionRebindingExtensions.cs
 0.1 kb	 0.0% Packages/com.unity.collections/Unity.Collections/UnsafeNotBurstCompatible.cs
 0.1 kb	 0.0% Packages/com.unity.ugui/Runtime/UGUI/EventSystem/UIElements/UIToolkitInteroperabilityBridge.cs
 0.1 kb	 0.0% Packages/com.unity.transport/Runtime/WebSocket/WebSocketParameters.cs
 0.1 kb	 0.0% Packages/com.unity.transport/Runtime/UnderlyingConnectionList.cs
 0.1 kb	 0.0% Packages/com.unity.transport/Runtime/Pipelines/SimulatorPipelineStage.cs
 0.1 kb	 0.0% Packages/com.unity.transport/Runtime/Pipelines/FragmentationUtility.cs
 0.1 kb	 0.0% Packages/com.unity.transport/Runtime/NetworkDriverReceiver.cs
 0.1 kb	 0.0% Packages/com.unity.transport/Runtime/Layers/StreamToDatagramLayer.cs
 0.1 kb	 0.0% Packages/com.unity.transport/Runtime/Layers/StreamSegmentationLayer.cs
 0.1 kb	 0.0% Packages/com.unity.transport/Runtime/Layers/SimpleConnectionLayer.cs
 0.1 kb	 0.0% Packages/com.unity.transport/Runtime/BaselibNetworkArray.cs
 0.1 kb	 0.0% Packages/com.unity.services.wire/Runtime/websocket-sharp/Net/HttpListenerPrefixCollection.cs
 0.1 kb	 0.0% Packages/com.unity.services.wire/Runtime/Exceptions/WireExceptions.cs
 0.1 kb	 0.0% Packages/com.unity.services.relay/Runtime/SDK/IRelayServiceSDKConfiguration.cs
 0.1 kb	 0.0% Packages/com.unity.services.relay/Runtime/ErrorMitigation/StatusCodePolicyConfig.cs
 0.1 kb	 0.0% Packages/com.unity.services.qos/Runtime/ErrorMitigation/StatusCodePolicyConfig.cs
 0.1 kb	 0.0% Packages/com.unity.services.lobby/Runtime/Scheduler/TaskSchedulerThreaded.cs
 0.1 kb	 0.0% Packages/com.unity.services.lobby/Runtime/SDK/LobbyUpdates/Internal/LobbyWireTokenProvider.cs
 0.1 kb	 0.0% Packages/com.unity.services.lobby/Runtime/SDK/ILobbyServiceInternal.cs
 0.1 kb	 0.0% Packages/com.unity.services.lobby/Runtime/ErrorMitigation/RetryPolicyConfig.cs
 0.1 kb	 0.0% Packages/com.unity.services.core/Runtime/Telemetry/Metrics/MetricsFactory.cs
 0.1 kb	 0.0% Packages/com.unity.services.core/Runtime/Telemetry/Metrics/DisabledMetrics.cs
 0.1 kb	 0.0% Packages/com.unity.services.core/Runtime/Scheduler/TimeProvider/UtcTimeProvider.cs
 0.1 kb	 0.0% Packages/com.unity.services.core/Runtime/Scheduler/TimeProvider/ITimeProvider.cs
 0.1 kb	 0.0% Packages/com.unity.services.core/Runtime/Scheduler/ActionScheduler.cs
 0.1 kb	 0.0% Packages/com.unity.services.core/Runtime/Networking/HttpServiceConfig.cs
 0.1 kb	 0.0% Packages/com.unity.services.core/Runtime/Device/UserIdProviders/UnityEngineIdentifier.cs
 0.1 kb	 0.0% Packages/com.unity.services.core/Runtime/Device/UserIdProviders/UnityAnalyticsIdentifier.cs
 0.1 kb	 0.0% Packages/com.unity.services.core/Runtime/Device/UserIdProviders/IUserIdentifierProvider.cs
 0.1 kb	 0.0% Packages/com.unity.services.core/Runtime/Core/Initialization/UnityProjectNotLinkedException.cs
 0.1 kb	 0.0% Packages/com.unity.services.core/Runtime/Core/Initialization/ServicesInitializationException.cs
 0.1 kb	 0.0% Packages/com.unity.services.core/Runtime/Core.Internal/UnityServicesInternal.cs
 0.1 kb	 0.0% Packages/com.unity.services.core/Runtime/Core.Internal/UnityServicesInitializer.cs
 0.1 kb	 0.0% Packages/com.unity.services.core/Runtime/Core.Internal/Serialization/IJsonSerializer.cs
 0.1 kb	 0.0% Packages/com.unity.services.core/Runtime/Core.Internal/Registry/ServiceRegistry/LockedServiceRegistry.cs
 0.1 kb	 0.0% Packages/com.unity.services.core/Runtime/Core.Internal/Registry/PackageRegistry/LockedPackageRegistry.cs
 0.1 kb	 0.0% Packages/com.unity.services.core/Runtime/Core.Internal/Registry/IInitializablePackageV2.cs
 0.1 kb	 0.0% Packages/com.unity.services.core/Runtime/Core.Internal/Registry/IInitializablePackage.cs
 0.1 kb	 0.0% Packages/com.unity.services.core/Runtime/Core.Internal/Registry/DependencyTreeExtensions.cs
 0.1 kb	 0.0% Packages/com.unity.services.core/Runtime/Core.Internal/Registry/CoreRegistryInitializer.cs
 0.1 kb	 0.0% Packages/com.unity.services.core/Runtime/Core.Internal/Registry/ComponentRegistry/LockedComponentRegistry.cs
 0.1 kb	 0.0% Packages/com.unity.services.core/Runtime/Core.Internal/Components/Wire/IChannelTokenProvider.cs
 0.1 kb	 0.0% Packages/com.unity.services.core/Runtime/Core.Internal/Components/Environments/IEnvironments.cs
 0.1 kb	 0.0% Packages/com.unity.services.core/Runtime/Core.Internal/Components/Configuration/IExternalUserId.cs
 0.1 kb	 0.0% Packages/com.unity.services.core/Runtime/Core.Internal/Components/Configuration/ICloudProjectId.cs
 0.1 kb	 0.0% Packages/com.unity.services.core/Runtime/Core.Internal/AsyncOperation/IAsyncOperationAwaiter.cs
 0.1 kb	 0.0% Packages/com.unity.services.core/Runtime/Core.Internal/AsyncOperation/AsyncOperationExtensions.cs
 0.1 kb	 0.0% Packages/com.unity.services.core/Runtime/Core.Internal/AsyncOperation/AsyncOperationAwaiter.cs
 0.1 kb	 0.0% Packages/com.unity.services.core/Runtime/Configuration/ExternalUserId.cs
 0.1 kb	 0.0% Packages/com.unity.services.core/Runtime/Configuration/CloudProjectId.cs
 0.1 kb	 0.0% Packages/com.unity.services.core/Runtime/Components/ServicesBehaviour.cs
 0.1 kb	 0.0% Packages/com.unity.services.authentication/Runtime/Utilities/SerializerSettings.cs
 0.1 kb	 0.0% Packages/com.unity.services.authentication/Runtime/Utilities/IsolatedJsonConvert.cs
 0.1 kb	 0.0% Packages/com.unity.services.authentication/Runtime/Utilities/Cache/IAuthenticationCache.cs
 0.1 kb	 0.0% Packages/com.unity.services.authentication/Runtime/Utilities/Cache/AuthenticationCache.cs
 0.1 kb	 0.0% Packages/com.unity.services.authentication/Runtime/Network/WebRequestException.cs
 0.1 kb	 0.0% Packages/com.unity.services.authentication/Runtime/Models/Settings/NetworkConfiguration.cs
 0.1 kb	 0.0% Packages/com.unity.services.authentication/Runtime/Models/Responses/PlayerInfoResponse.cs
 0.1 kb	 0.0% Packages/com.unity.services.authentication/Runtime/Models/Responses/GenerateCodeResponse.cs
 0.1 kb	 0.0% Packages/com.unity.services.authentication/Runtime/Models/Responses/CodeLinkInfoResponse.cs
 0.1 kb	 0.0% Packages/com.unity.services.authentication/Runtime/Models/Requests/SessionTokenRequest.cs
 0.1 kb	 0.0% Packages/com.unity.services.authentication/Runtime/Models/Requests/LinkWithSteamRequest.cs
 0.1 kb	 0.0% Packages/com.unity.services.authentication/Runtime/Models/Requests/Code Linking/CodeLinkInfoRequest.cs
 0.1 kb	 0.0% Packages/com.unity.services.authentication/Runtime/Models/Components/PlayerNameComponent.cs
 0.1 kb	 0.0% Packages/com.unity.services.authentication/Runtime/Models/Components/PlayerIdComponent.cs
 0.1 kb	 0.0% Packages/com.unity.services.authentication/Runtime/Models/Components/AccessTokenComponent.cs
 0.1 kb	 0.0% Packages/com.unity.services.authentication/Runtime/Generated/PlayerNames/Api/PlayerNamesApi.cs
 0.1 kb	 0.0% Packages/com.unity.services.authentication/Player Accounts/Runtime/Utilities/Logger.cs
 0.1 kb	 0.0% Packages/com.unity.services.authentication/Player Accounts/Runtime/Models/IdToken.cs
 0.1 kb	 0.0% Packages/com.unity.services.authentication/Player Accounts/Runtime/Models/BaseJwt.cs
 0.1 kb	 0.0% Packages/com.unity.inputsystem/InputSystem/Utilities/Observables/ForDeviceEventObservable.cs
 0.1 kb	 0.0% Packages/com.unity.inputsystem/InputSystem/Plugins/Android/AndroidSensors.cs
 0.1 kb	 0.0% Packages/com.unity.inputsystem/InputSystem/Editor/AssetEditor/NameAndParameterListView.cs
 0.1 kb	 0.0% Packages/com.unity.inputsystem/InputSystem/Controls/Processors/StickDeadzoneProcessor.cs
 0.1 kb	 0.0% Packages/com.unity.inputsystem/InputSystem/Controls/Processors/ScaleVector3Processor.cs
 0.1 kb	 0.0% Packages/com.unity.inputsystem/InputSystem/Controls/Processors/ScaleVector2Processor.cs
 0.1 kb	 0.0% Packages/com.unity.inputsystem/InputSystem/Controls/Processors/InvertVector3Processor.cs
 0.1 kb	 0.0% Packages/com.unity.inputsystem/InputSystem/Controls/Processors/InvertVector2Processor.cs
 0.1 kb	 0.0% Packages/com.unity.inputsystem/InputSystem/Controls/Processors/AxisDeadzoneProcessor.cs
 0.1 kb	 0.0% Packages/com.unity.inputsystem/InputSystem/Actions/Composites/TwoModifiersComposite.cs
 0.1 kb	 0.0% Packages/com.unity.inputsystem/InputSystem/Actions/Composites/ButtonWithTwoModifiers.cs
 0.1 kb	 0.0% Packages/com.unity.inputsystem/InputSystem/Actions/Composites/ButtonWithOneModifier.cs
 0.1 kb	 0.0% Packages/com.unity.collections/Unity.Collections/UnsafeScratchAllocator.cs
 0.1 kb	 0.0% Packages/com.unity.collections/Unity.Collections/NativeParallelHashMapExtensions.cs
 0.1 kb	 0.0% Packages/com.unity.ugui/Runtime/TMP/TMP_SpriteAssetImportFormats.cs
 0.1 kb	 0.0% Packages/com.unity.transport/Runtime/TLS/UnityTLSCallbacks.cs
 0.1 kb	 0.0% Packages/com.unity.transport/Runtime/Relay/RelayConnectionData.cs
 0.1 kb	 0.0% Packages/com.unity.transport/Runtime/Relay/RelayAllocationId.cs
 0.1 kb	 0.0% Packages/com.unity.transport/Runtime/Relay/Messages/RelayMessageRelay.cs
 0.1 kb	 0.0% Packages/com.unity.transport/Runtime/Relay/Messages/RelayMessageHeader.cs
 0.1 kb	 0.0% Packages/com.unity.transport/Runtime/Relay/Messages/RelayMessageError.cs
 0.1 kb	 0.0% Packages/com.unity.transport/Runtime/Relay/Messages/RelayMessageAccepted.cs
 0.1 kb	 0.0% Packages/com.unity.transport/Runtime/LoggingParameters.cs
 0.1 kb	 0.0% Packages/com.unity.timeline/Runtime/Animation/AnimationPreviewUpdateCallback.cs
 0.1 kb	 0.0% Packages/com.unity.timeline/Runtime/Animation/AnimationOutputWeightProcessor.cs
 0.1 kb	 0.0% Packages/com.unity.services.wire/Runtime/websocket-sharp/Server/WebSocketSessionManager.cs
 0.1 kb	 0.0% Packages/com.unity.services.wire/Runtime/websocket-sharp/Server/WebSocketServiceManager.cs
 0.1 kb	 0.0% Packages/com.unity.services.wire/Runtime/Centrifuge/ProtocolSchema/SubscribeResult.cs
 0.1 kb	 0.0% Packages/com.unity.services.wire/Runtime/Centrifuge/ProtocolSchema/SubscribeRequest.cs
 0.1 kb	 0.0% Packages/com.unity.services.wire/Runtime/Centrifuge/ProtocolSchema/ConnectResult.cs
 0.1 kb	 0.0% Packages/com.unity.services.wire/Runtime/Centrifuge/ProtocolSchema/ConnectRequest.cs
 0.1 kb	 0.0% Packages/com.unity.services.relay/Runtime/Scheduler/TaskSchedulerThreaded.cs
 0.1 kb	 0.0% Packages/com.unity.services.qos/Runtime/v2/ErrorMitigation/RetryPolicyConfig.cs
 0.1 kb	 0.0% Packages/com.unity.services.qos/Runtime/v2/Apis/QosDiscoveryApiRequests.cs
 0.1 kb	 0.0% Packages/com.unity.services.qos/Runtime/v2/Apis/QosDiscoveryApi.cs
 0.1 kb	 0.0% Packages/com.unity.services.lobby/Runtime/Http/UnityWebRequestHelpers.cs
 0.1 kb	 0.0% Packages/com.unity.services.lobby/Runtime/Http/DeserializationSettings.cs
 0.1 kb	 0.0% Packages/com.unity.services.lobby/Runtime/Http/DeserializationException.cs
 0.1 kb	 0.0% Packages/com.unity.services.core/Runtime/Core.Internal/Components/Telemetry/IMetricsFactory.cs
 0.1 kb	 0.0% Packages/com.unity.services.core/Runtime/Core.Internal/Components/Scheduler/IActionScheduler.cs
 0.1 kb	 0.0% Packages/com.unity.services.core/Runtime/Core.Internal/Components/Authentication/IEnvironmentId.cs
 0.1 kb	 0.0% Packages/com.unity.services.core/Runtime/Core.Internal/Components/Analytics/IAnalyticsUserId.cs
 0.1 kb	 0.0% Packages/com.unity.services.authentication/Runtime/Generated/Shared/ApiConfiguration.cs
 0.1 kb	 0.0% Packages/com.unity.services.authentication/Runtime/Core/UnityServicesExtensions.cs
 0.1 kb	 0.0% Packages/com.unity.services.authentication/Runtime/Compatibility/Utilities.cs
 0.1 kb	 0.0% Packages/com.unity.inputsystem/InputSystem/State/IInputStateChangeMonitor.cs
 0.1 kb	 0.0% Packages/com.unity.inputsystem/InputSystem/Plugins/iOS/IOSGameController.cs
 0.1 kb	 0.0% Packages/com.unity.inputsystem/InputSystem/Plugins/Users/InputUserAccountHandle.cs
 0.1 kb	 0.0% Packages/com.unity.inputsystem/InputSystem/Plugins/Switch/SwitchProControllerHID.cs
 0.1 kb	 0.0% Packages/com.unity.inputsystem/InputSystem/Plugins/PlayerInput/PlayerInputManagerEditor.cs
 0.1 kb	 0.0% Packages/com.unity.inputsystem/InputSystem/Plugins/OSX/OSXGameController.cs
 0.1 kb	 0.0% Packages/com.unity.inputsystem/InputSystem/Plugins/EnhancedTouch/EnhancedTouchSupport.cs
 0.1 kb	 0.0% Packages/com.unity.inputsystem/InputSystem/Events/DeviceConfigurationEvent.cs
 0.1 kb	 0.0% Packages/com.unity.inputsystem/InputSystem/Editor/UITKAssetEditor/Views/VisualElementExtensions.cs
 0.1 kb	 0.0% Packages/com.unity.inputsystem/InputSystem/Editor/UITKAssetEditor/Views/InputActionsTreeViewItem.cs
 0.1 kb	 0.0% Packages/com.unity.inputsystem/InputSystem/Editor/UITKAssetEditor/Views/InputActionsEditorView.cs
 0.1 kb	 0.0% Packages/com.unity.inputsystem/InputSystem/Editor/UITKAssetEditor/Views/BindingPropertiesView.cs
 0.1 kb	 0.0% Packages/com.unity.inputsystem/InputSystem/Editor/UITKAssetEditor/SerializedInputBinding.cs
 0.1 kb	 0.0% Packages/com.unity.inputsystem/InputSystem/Editor/UITKAssetEditor/SerializedInputActionMap.cs
 0.1 kb	 0.0% Packages/com.unity.inputsystem/InputSystem/Editor/UITKAssetEditor/SerializedInputAction.cs
 0.1 kb	 0.0% Packages/com.unity.inputsystem/InputSystem/Editor/UITKAssetEditor/InputActionsEditorWindow.cs
 0.1 kb	 0.0% Packages/com.unity.inputsystem/InputSystem/Editor/UITKAssetEditor/InputActionsEditorState.cs
 0.1 kb	 0.0% Packages/com.unity.inputsystem/InputSystem/Editor/UITKAssetEditor/Commands/ControlSchemeCommands.cs
 0.1 kb	 0.0% Packages/com.unity.inputsystem/InputSystem/Editor/Settings/InputSettingsProvider.cs
 0.1 kb	 0.0% Packages/com.unity.inputsystem/InputSystem/Editor/Settings/InputEditorUserSettings.cs
 0.1 kb	 0.0% Packages/com.unity.inputsystem/InputSystem/Editor/PropertyDrawers/InputControlPathDrawer.cs
 0.1 kb	 0.0% Packages/com.unity.inputsystem/InputSystem/Editor/PropertyDrawers/InputActionDrawerBase.cs
 0.1 kb	 0.0% Packages/com.unity.inputsystem/InputSystem/Editor/PropertyDrawers/InputActionAssetDrawer.cs
 0.1 kb	 0.0% Packages/com.unity.inputsystem/InputSystem/Editor/ProjectWideActions/ProjectWideActionsAsset.cs
 0.1 kb	 0.0% Packages/com.unity.inputsystem/InputSystem/Editor/Internal/AdvancedDropdown/AdvancedDropdownWindow.cs
 0.1 kb	 0.0% Packages/com.unity.inputsystem/InputSystem/Editor/Internal/AdvancedDropdown/AdvancedDropdownState.cs
 0.1 kb	 0.0% Packages/com.unity.inputsystem/InputSystem/Editor/InputLayoutCodeGenerator.cs
 0.1 kb	 0.0% Packages/com.unity.inputsystem/InputSystem/Editor/InputAssetEditorUtils.cs
 0.1 kb	 0.0% Packages/com.unity.inputsystem/InputSystem/Editor/ControlPicker/InputControlPickerState.cs
 0.1 kb	 0.0% Packages/com.unity.inputsystem/InputSystem/Editor/ControlPicker/InputControlPathEditor.cs
 0.1 kb	 0.0% Packages/com.unity.inputsystem/InputSystem/Editor/ControlPicker/InputControlDropdownItem.cs
 0.1 kb	 0.0% Packages/com.unity.inputsystem/InputSystem/Editor/AssetImporter/InputActionCodeGenerator.cs
 0.1 kb	 0.0% Packages/com.unity.inputsystem/InputSystem/Editor/AssetImporter/InputActionAssetEditor.cs
 0.1 kb	 0.0% Packages/com.unity.inputsystem/InputSystem/Editor/AssetImporter/IInputActionAssetEditor.cs
 0.1 kb	 0.0% Packages/com.unity.inputsystem/InputSystem/Editor/AssetEditor/InputActionEditorWindow.cs
 0.1 kb	 0.0% Packages/com.unity.inputsystem/InputSystem/Editor/AssetEditor/InputActionEditorToolbar.cs
 0.1 kb	 0.0% Packages/com.unity.inputsystem/InputSystem/Editor/AssetEditor/InputActionAssetManager.cs
 0.1 kb	 0.0% Packages/com.unity.inputsystem/InputSystem/Devices/Remote/RemoteInputPlayerConnection.cs
 0.1 kb	 0.0% Packages/com.unity.inputsystem/InputSystem/Devices/InputDeviceDescription.cs
 0.1 kb	 0.0% Packages/com.unity.inputsystem/InputSystem/Devices/Haptics/DualMotorRumbleCommand.cs
 0.1 kb	 0.0% Packages/com.unity.inputsystem/InputSystem/Devices/Commands/WarpMousePositionCommand.cs
 0.1 kb	 0.0% Packages/com.unity.inputsystem/InputSystem/Devices/Commands/QueryEnabledStateCommand.cs
 0.1 kb	 0.0% Packages/com.unity.inputsystem/InputSystem/Devices/Commands/QueryDimensionsCommand.cs
 0.1 kb	 0.0% Packages/com.unity.inputsystem/InputSystem/Devices/Commands/QueryCanRunInBackground.cs
 0.1 kb	 0.0% Packages/com.unity.inputsystem/InputSystem/Devices/Commands/IInputDeviceCommandInfo.cs
 0.1 kb	 0.0% Packages/com.unity.inputsystem/InputSystem/Controls/InputControlAttribute.cs
 0.1 kb	 0.0% Packages/com.unity.inputsystem/InputSystem/Controls/DiscreteButtonControl.cs
 0.1 kb	 0.0% Packages/com.unity.inputsystem/InputSystem/Actions/InputBindingCompositeContext.cs
 0.1 kb	 0.0% Packages/com.unity.inputsystem/InputSystem/Actions/InputActionSetupExtensions.cs
 0.1 kb	 0.0% Packages/com.unity.inputsystem/InputSystem/Actions/InputActionParameters.cs
 0.1 kb	 0.0% Packages/com.unity.collections/Unity.Collections/UnsafeAtomicCounter.cs
 0.1 kb	 0.0% Assets/TextMesh Pro/Resources/LineBreaking Leading Characters.txt
 0.1 kb	 0.0% Packages/com.unity.ugui/Runtime/UGUI/UI/Core/Layout/HorizontalOrVerticalLayoutGroup.cs
 0.1 kb	 0.0% Packages/com.unity.transport/Runtime/Utilities/ManagedCallWrapper.cs
 0.1 kb	 0.0% Packages/com.unity.transport/Runtime/UDPNetworkInterface.cs
 0.1 kb	 0.0% Packages/com.unity.transport/Runtime/TCPNetworkInterface.cs
 0.1 kb	 0.0% Packages/com.unity.transport/Runtime/Pipelines/SimulatorUtility.cs
 0.1 kb	 0.0% Packages/com.unity.transport/Runtime/Pipelines/ReliableUtility.cs
 0.1 kb	 0.0% Packages/com.unity.transport/Runtime/Pipelines/NullPipelineStage.cs
 0.1 kb	 0.0% Packages/com.unity.transport/Runtime/NetworkLayerWrapper.cs
 0.1 kb	 0.0% Packages/com.unity.transport/Runtime/NetworkEventQueue.cs
 0.1 kb	 0.0% Packages/com.unity.transport/Runtime/NetworkDriverSender.cs
 0.1 kb	 0.0% Packages/com.unity.transport/Runtime/NetworkConnection.cs
 0.1 kb	 0.0% Packages/com.unity.transport/Runtime/MultiNetworkDriver.cs
 0.1 kb	 0.0% Packages/com.unity.transport/Runtime/IPCNetworkInterface.cs
 0.1 kb	 0.0% Packages/com.unity.transport/Runtime/INetworkInterface.cs
 0.1 kb	 0.0% Packages/com.unity.services.wire/Runtime/websocket-sharp/Server/WebSocketServiceHost`1.cs
 0.1 kb	 0.0% Packages/com.unity.services.wire/Runtime/websocket-sharp/Net/ServerSslConfiguration.cs
 0.1 kb	 0.0% Packages/com.unity.services.wire/Runtime/websocket-sharp/Net/QueryStringCollection.cs
 0.1 kb	 0.0% Packages/com.unity.services.wire/Runtime/websocket-sharp/Net/HttpStreamAsyncResult.cs
 0.1 kb	 0.0% Packages/com.unity.services.wire/Runtime/websocket-sharp/Net/HttpListenerException.cs
 0.1 kb	 0.0% Packages/com.unity.services.wire/Runtime/websocket-sharp/Net/HttpListenerAsyncResult.cs
 0.1 kb	 0.0% Packages/com.unity.services.wire/Runtime/websocket-sharp/Net/ClientSslConfiguration.cs
 0.1 kb	 0.0% Packages/com.unity.services.wire/Runtime/websocket-sharp/Net/AuthenticationResponse.cs
 0.1 kb	 0.0% Packages/com.unity.services.wire/Runtime/websocket-sharp/Net/AuthenticationChallenge.cs
 0.1 kb	 0.0% Packages/com.unity.services.wire/Runtime/WireServiceProvider.cs
 0.1 kb	 0.0% Packages/com.unity.services.wire/Runtime/IWebsocketFactory.cs
 0.1 kb	 0.0% Packages/com.unity.services.wire/Runtime/Centrifuge/BatchMessagesUtil.cs
 0.1 kb	 0.0% Packages/com.unity.services.relay/Runtime/Http/UnityWebRequestHelpers.cs
 0.1 kb	 0.0% Packages/com.unity.services.relay/Runtime/Http/DeserializationSettings.cs
 0.1 kb	 0.0% Packages/com.unity.services.relay/Runtime/Http/DeserializationException.cs
 0.1 kb	 0.0% Packages/com.unity.services.relay/Runtime/ErrorMitigation/RetryPolicyConfig.cs
 0.1 kb	 0.0% Packages/com.unity.services.qos/Runtime/v2/Models/QosServersResponseBody.cs
 0.1 kb	 0.0% Packages/com.unity.services.qos/Runtime/v2/Http/UnityWebRequestHelpers.cs
 0.1 kb	 0.0% Packages/com.unity.services.qos/Runtime/v2/Http/DeserializationSettings.cs
 0.1 kb	 0.0% Packages/com.unity.services.qos/Runtime/v2/Http/DeserializationException.cs
 0.1 kb	 0.0% Packages/com.unity.services.qos/Runtime/Models/QosServiceServersList.cs
 0.1 kb	 0.0% Packages/com.unity.services.qos/Runtime/Models/QosServersResponseBody.cs
 0.1 kb	 0.0% Packages/com.unity.services.qos/Runtime/ErrorMitigation/RetryPolicyConfig.cs
 0.1 kb	 0.0% Packages/com.unity.services.qos/Runtime/Apis/QosDiscoveryApiRequests.cs
 0.1 kb	 0.0% Packages/com.unity.services.qos/Runtime/Apis/QosDiscoveryApi.cs
 0.1 kb	 0.0% Packages/com.unity.services.lobby/Runtime/Scheduler/TaskSchedulerWebGL.cs
 0.1 kb	 0.0% Packages/com.unity.services.lobby/Runtime/Scheduler/GameObjectFactory.cs
 0.1 kb	 0.0% Packages/com.unity.services.lobby/Runtime/Scheduler/EngineStateHelper.cs
 0.1 kb	 0.0% Packages/com.unity.services.lobby/Runtime/SDK/WrappedLobbyService.cs
 0.1 kb	 0.0% Packages/com.unity.services.lobby/Runtime/SDK/QuickJoinLobbyOptions.cs
 0.1 kb	 0.0% Packages/com.unity.services.lobby/Runtime/SDK/JoinLobbyByCodeOptions.cs
 0.1 kb	 0.0% Packages/com.unity.services.lobby/Runtime/SDK/Exceptions/LobbyServiceException.cs
 0.1 kb	 0.0% Packages/com.unity.services.lobby/Runtime/Models/PlayerUpdateRequest.cs
 0.1 kb	 0.0% Packages/com.unity.services.lobby/Runtime/Models/JoinByCodeRequest.cs
 0.1 kb	 0.0% Packages/com.unity.services.lobby/Runtime/Models/BulkUpdateRequest.cs
 0.1 kb	 0.0% Packages/com.unity.services.lobby/Runtime/ErrorMitigation/RetryPolicy.cs
 0.1 kb	 0.0% Packages/com.unity.services.lobby/Runtime/ErrorMitigation/IRetryPolicy.cs
 0.1 kb	 0.0% Packages/com.unity.services.core/Runtime/Telemetry/Diagnotstics/Diagnostics.cs
 0.1 kb	 0.0% Packages/com.unity.services.core/Runtime/Device/UserIdProviders/UnityAdsIdentifier.cs
 0.1 kb	 0.0% Packages/com.unity.services.core/Runtime/Core/Initialization/ServicesCreationException.cs
 0.1 kb	 0.0% Packages/com.unity.services.core/Runtime/Core.Internal/Utils/UnityWebRequestUtils.cs
 0.1 kb	 0.0% Packages/com.unity.services.core/Runtime/Core.Internal/Utils/DictionaryExtensions.cs
 0.1 kb	 0.0% Packages/com.unity.services.core/Runtime/Core.Internal/Registry/IServiceComponent.cs
 0.1 kb	 0.0% Packages/com.unity.services.core/Runtime/Core.Internal/Registry/CorePackageRegistry.cs
 0.1 kb	 0.0% Packages/com.unity.services.core/Runtime/Core.Internal/Registry/ComponentRegistry/IComponentRegistry.cs
 0.1 kb	 0.0% Packages/com.unity.services.core/Runtime/Core.Internal/Registry/ComponentRegistry/ComponentRegistry.cs
 0.1 kb	 0.0% Packages/com.unity.services.core/Runtime/Core.Internal/Components/Device/IInstallationId.cs
 0.1 kb	 0.0% Packages/com.unity.services.core/Runtime/Core.Internal/Attributes/VisibilityAttribute.cs
 0.1 kb	 0.0% Packages/com.unity.services.core/Runtime/Core.Internal/AsyncOperation/TaskAsyncOperation.cs
 0.1 kb	 0.0% Packages/com.unity.services.core/Runtime/Core.Internal/AsyncOperation/AsyncOperationBase.cs
 0.1 kb	 0.0% Packages/com.unity.services.authentication/Runtime/Utilities/IdProviderKeys.cs
 0.1 kb	 0.0% Packages/com.unity.services.authentication/Runtime/Network/NetworkHandler.cs
 0.1 kb	 0.0% Packages/com.unity.services.authentication/Runtime/Network/INetworkHandler.cs
 0.1 kb	 0.0% Packages/com.unity.services.authentication/Runtime/Network/HttpUtilities.cs
 0.1 kb	 0.0% Packages/com.unity.services.authentication/Runtime/Models/SignInOptions.cs
 0.1 kb	 0.0% Packages/com.unity.services.authentication/Runtime/Models/SignInCodeInfo.cs
 0.1 kb	 0.0% Packages/com.unity.services.authentication/Runtime/Models/Responses/UnlinkResponse.cs
 0.1 kb	 0.0% Packages/com.unity.services.authentication/Runtime/Models/Responses/SignInResponse.cs
 0.1 kb	 0.0% Packages/com.unity.services.authentication/Runtime/Models/Responses/ExternalIdentity.cs
 0.1 kb	 0.0% Packages/com.unity.services.authentication/Runtime/Models/Requests/UnlinkRequest.cs
 0.1 kb	 0.0% Packages/com.unity.services.authentication/Runtime/Models/Components/Profile/ProfileEventArgs.cs
 0.1 kb	 0.0% Packages/com.unity.services.authentication/Runtime/Models/Components/Profile/ProfileComponent.cs
 0.1 kb	 0.0% Packages/com.unity.services.authentication/Runtime/Models/Components/IPlayerName.cs
 0.1 kb	 0.0% Packages/com.unity.services.authentication/Runtime/Generated/PlayerNames/Model/ErrorStatus.cs
 0.1 kb	 0.0% Packages/com.unity.inputsystem/InputSystem/Utilities/NameAndParameters.cs
 0.1 kb	 0.0% Packages/com.unity.inputsystem/InputSystem/Utilities/CSharpCodeHelpers.cs
 0.1 kb	 0.0% Packages/com.unity.inputsystem/InputSystem/Plugins/UI/TrackedDeviceRaycaster.cs
 0.1 kb	 0.0% Packages/com.unity.inputsystem/InputSystem/Plugins/UI/MultiplayerEventSystem.cs
 0.1 kb	 0.0% Packages/com.unity.inputsystem/InputSystem/Plugins/UI/InputSystemUIInputModule.cs
 0.1 kb	 0.0% Packages/com.unity.inputsystem/InputSystem/Plugins/UI/ExtendedPointerEventData.cs
 0.1 kb	 0.0% Packages/com.unity.inputsystem/InputSystem/Plugins/UI/ExtendedAxisEventData.cs
 0.1 kb	 0.0% Packages/com.unity.inputsystem/InputSystem/Plugins/HID/HIDDescriptorWindow.cs
 0.1 kb	 0.0% Packages/com.unity.inputsystem/InputSystem/Plugins/DualShock/IDualShockHaptics.cs
 0.1 kb	 0.0% Packages/com.unity.inputsystem/InputSystem/Editor/AssetEditor/ParameterListView.cs
 0.1 kb	 0.0% Packages/com.unity.inputsystem/InputSystem/Editor/AssetEditor/InputActionTreeViewItems.cs
 0.1 kb	 0.0% Packages/com.unity.inputsystem/InputSystem/Controls/Processors/NormalizeProcessor.cs
 0.1 kb	 0.0% Packages/com.unity.inputsystem/InputSystem/Actions/Interactions/SlowTapInteraction.cs
 0.1 kb	 0.0% Packages/com.unity.inputsystem/InputSystem/Actions/Interactions/MultiTapInteraction.cs
 0.1 kb	 0.0% Packages/com.unity.inputsystem/InputSystem/Actions/Composites/OneModifierComposite.cs
 0.1 kb	 0.0% Packages/com.unity.collections/Unity.Collections/UnsafeUtilityEx.cs
 0.1 kb	 0.0% Packages/com.unity.collections/Unity.Collections/UnsafeAppendBuffer.cs
 0.1 kb	 0.0% Packages/com.unity.collections/Unity.Collections/NativeParallelHashSetExtensions.gen.cs
 0.1 kb	 0.0% Packages/com.unity.collections/Unity.Collections/Jobs/RegisterGenericJobTypeAttribute.cs
 0.1 kb	 0.0% Packages/com.unity.collections/Unity.Collections/DoubleRewindableAllocators.cs
 0.1 kb	 0.0% Packages/com.unity.collections/Unity.Collections/DataStreamExtensions.cs
 0.1 kb	 0.0% Packages/com.unity.ugui/Runtime/TMP/TMP_DynamicFontAssetUtilities.cs
 0.1 kb	 0.0% Packages/com.unity.transport/Runtime/TLS/FixedPEMString.cs
 0.1 kb	 0.0% Packages/com.unity.transport/Runtime/TLS/DTLSUtilities.cs
 0.1 kb	 0.0% Packages/com.unity.transport/Runtime/Relay/RelayServerData.cs
 0.1 kb	 0.0% Packages/com.unity.transport/Runtime/Relay/Messages/RelayMessagePing.cs
 0.1 kb	 0.0% Packages/com.unity.transport/Runtime/Relay/Messages/RelayMessageBind.cs
 0.1 kb	 0.0% Packages/com.unity.transport/Runtime/NetworkProtocols.cs
 0.1 kb	 0.0% Packages/com.unity.transport/Runtime/NetworkParams.cs
 0.1 kb	 0.0% Packages/com.unity.timeline/Runtime/Utilities/AnimationPreviewUtilities.cs
 0.1 kb	 0.0% Packages/com.unity.timeline/Runtime/Playables/TimeNotificationBehaviour.cs
 0.1 kb	 0.0% Packages/com.unity.timeline/Runtime/Playables/ActivationControlPlayable.cs
 0.1 kb	 0.0% Packages/com.unity.timeline/Runtime/Events/INotificationOptionProvider.cs
 0.1 kb	 0.0% Packages/com.unity.services.wire/Runtime/websocket-sharp/Server/WebSocketServiceHost.cs
 0.1 kb	 0.0% Packages/com.unity.services.wire/Runtime/websocket-sharp/Server/WebSocketBehavior.cs
 0.1 kb	 0.0% Packages/com.unity.services.wire/Runtime/websocket-sharp/Server/IWebSocketSession.cs
 0.1 kb	 0.0% Packages/com.unity.services.wire/Runtime/websocket-sharp/Server/HttpRequestEventArgs.cs
 0.1 kb	 0.0% Packages/com.unity.services.wire/Runtime/websocket-sharp/Net/WebSockets/WebSocketContext.cs
 0.1 kb	 0.0% Packages/com.unity.services.wire/Runtime/Centrifuge/ProtocolSchema/Unsubscribe.cs
 0.1 kb	 0.0% Packages/com.unity.services.wire/Runtime/Centrifuge/ProtocolSchema/Publication.cs
 0.1 kb	 0.0% Packages/com.unity.services.wire/Runtime/Centrifuge/ProtocolSchema/PingResult.cs
 0.1 kb	 0.0% Packages/com.unity.services.wire/Runtime/Centrifuge/ProtocolSchema/PingRequest.cs
 0.1 kb	 0.0% Packages/com.unity.services.wire/Runtime/Centrifuge/ProtocolSchema/CommandID.cs
 0.1 kb	 0.0% Packages/com.unity.services.wire/Runtime/Centrifuge/ProtocolSchema/ClientInfo.cs
 0.1 kb	 0.0% Packages/com.unity.services.relay/Runtime/Scheduler/TaskSchedulerWebGL.cs
 0.1 kb	 0.0% Packages/com.unity.services.relay/Runtime/Scheduler/GameObjectFactory.cs
 0.1 kb	 0.0% Packages/com.unity.services.relay/Runtime/Scheduler/EngineStateHelper.cs
 0.1 kb	 0.0% Packages/com.unity.services.qos/Runtime/v2/Scheduler/EngineStateHelper.cs
 0.1 kb	 0.0% Packages/com.unity.services.qos/Runtime/v2/ErrorMitigation/RetryPolicy.cs
 0.1 kb	 0.0% Packages/com.unity.services.qos/Runtime/v2/ErrorMitigation/IRetryPolicy.cs
 0.1 kb	 0.0% Packages/com.unity.services.qos/Runtime/Http/UnityWebRequestHelpers.cs
 0.1 kb	 0.0% Packages/com.unity.services.qos/Runtime/Http/DeserializationSettings.cs
 0.1 kb	 0.0% Packages/com.unity.services.qos/Runtime/Http/DeserializationException.cs
 0.1 kb	 0.0% Packages/com.unity.services.lobby/Runtime/SDK/ApiTelemetryScope.cs
 0.1 kb	 0.0% Packages/com.unity.services.lobby/Runtime/Http/JsonObjectConverter.cs
 0.1 kb	 0.0% Packages/com.unity.services.lobby/Runtime/Http/HttpClientResponse.cs
 0.1 kb	 0.0% Packages/com.unity.services.lobby/Runtime/Apis/LobbyApiNames.cs
 0.1 kb	 0.0% Packages/com.unity.services.core/Runtime/Core.Internal/Components/Telemetry/IDiagnostics.cs
 0.1 kb	 0.0% Packages/com.unity.services.core/Runtime/Core.Internal/Components/Networking/IHttpClient.cs
 0.1 kb	 0.0% Packages/com.unity.services.core/Runtime/Core.Internal/Components/Networking/HttpResponse.cs
 0.1 kb	 0.0% Packages/com.unity.services.core/Runtime/Core.Internal/Components/Networking/HttpRequest.cs
 0.1 kb	 0.0% Packages/com.unity.services.core/Runtime/Core.Internal/Components/Networking/HttpOptions.cs
 0.1 kb	 0.0% Packages/com.unity.services.core/Runtime/Core.Internal/Components/Authentication/IPlayerId.cs
 0.1 kb	 0.0% Packages/com.unity.services.core/Runtime/Core.Internal/Components/Authentication/IAccessToken.cs
 0.1 kb	 0.0% Packages/com.unity.services.authentication/Runtime/Generated/Shared/IApiClient.cs
 0.1 kb	 0.0% Packages/com.unity.services.authentication/Runtime/Generated/Shared/IApiAccessor.cs
 0.1 kb	 0.0% Packages/com.unity.services.authentication/Runtime/Generated/Shared/ApiResponse.cs
 0.1 kb	 0.0% Packages/com.unity.services.authentication/Runtime/Generated/Shared/ApiException.cs
 0.1 kb	 0.0% Packages/com.unity.services.authentication/Runtime/Compatibility/Models.cs
 0.1 kb	 0.0% Packages/com.unity.inputsystem/InputSystem/Utilities/Comparers.cs
 0.1 kb	 0.0% Packages/com.unity.inputsystem/InputSystem/State/InputStateHistory.cs
 0.1 kb	 0.0% Packages/com.unity.inputsystem/InputSystem/State/InputStateBuffers.cs
 0.1 kb	 0.0% Packages/com.unity.inputsystem/InputSystem/State/IInputStateTypeInfo.cs
 0.1 kb	 0.0% Packages/com.unity.inputsystem/InputSystem/Plugins/iOS/InputSettingsiOSProvider.cs
 0.1 kb	 0.0% Packages/com.unity.inputsystem/InputSystem/Plugins/Users/InputUserSettings.cs
 0.1 kb	 0.0% Packages/com.unity.inputsystem/InputSystem/Plugins/PlayerInput/PlayerInputEditor.cs
 0.1 kb	 0.0% Packages/com.unity.inputsystem/InputSystem/Plugins/EnhancedTouch/TouchSimulation.cs
 0.1 kb	 0.0% Packages/com.unity.inputsystem/InputSystem/NativeInputRuntime.cs
 0.1 kb	 0.0% Packages/com.unity.inputsystem/InputSystem/Events/InputEventListener.cs
 0.1 kb	 0.0% Packages/com.unity.inputsystem/InputSystem/Events/IMECompositionEvent.cs
 0.1 kb	 0.0% Packages/com.unity.inputsystem/InputSystem/Events/IInputEventTypeInfo.cs
 0.1 kb	 0.0% Packages/com.unity.inputsystem/InputSystem/Events/DeviceRemoveEvent.cs
 0.1 kb	 0.0% Packages/com.unity.inputsystem/InputSystem/Editor/UITKAssetEditor/Views/MatchingControlPaths.cs
 0.1 kb	 0.0% Packages/com.unity.inputsystem/InputSystem/Editor/UITKAssetEditor/Views/IViewStateCollection.cs
 0.1 kb	 0.0% Packages/com.unity.inputsystem/InputSystem/Editor/UITKAssetEditor/Views/ControlSchemesView.cs
 0.1 kb	 0.0% Packages/com.unity.inputsystem/InputSystem/Editor/UITKAssetEditor/Views/ActionPropertiesView.cs
 0.1 kb	 0.0% Packages/com.unity.inputsystem/InputSystem/Editor/UITKAssetEditor/EnumerableExtensions.cs
 0.1 kb	 0.0% Packages/com.unity.inputsystem/InputSystem/Editor/PropertyDrawers/InputActionMapDrawer.cs
 0.1 kb	 0.0% Packages/com.unity.inputsystem/InputSystem/Editor/PropertyDrawers/InputActionDrawer.cs
 0.1 kb	 0.0% Packages/com.unity.inputsystem/InputSystem/Editor/Internal/InputEventTreeView.cs
 0.1 kb	 0.0% Packages/com.unity.inputsystem/InputSystem/Editor/Internal/InputControlTreeView.cs
 0.1 kb	 0.0% Packages/com.unity.inputsystem/InputSystem/Editor/Internal/BuildProviderHelpers.cs
 0.1 kb	 0.0% Packages/com.unity.inputsystem/InputSystem/Editor/Internal/AdvancedDropdown/MultiLevelDataSource.cs
 0.1 kb	 0.0% Packages/com.unity.inputsystem/InputSystem/Editor/Internal/AdvancedDropdown/CallbackDataSource.cs
 0.1 kb	 0.0% Packages/com.unity.inputsystem/InputSystem/Editor/Internal/AdvancedDropdown/AdvancedDropdownItem.cs
 0.1 kb	 0.0% Packages/com.unity.inputsystem/InputSystem/Editor/Internal/AdvancedDropdown/AdvancedDropdownGUI.cs
 0.1 kb	 0.0% Packages/com.unity.inputsystem/InputSystem/Editor/InputParameterEditor.cs
 0.1 kb	 0.0% Packages/com.unity.inputsystem/InputSystem/Editor/DeviceSimulator/InputSystemPlugin.cs
 0.1 kb	 0.0% Packages/com.unity.inputsystem/InputSystem/Editor/Debugger/InputDebuggerWindow.cs
 0.1 kb	 0.0% Packages/com.unity.inputsystem/InputSystem/Editor/ControlPicker/InputControlPicker.cs
 0.1 kb	 0.0% Packages/com.unity.inputsystem/InputSystem/Editor/BuildPipeline/LinkFileGenerator.cs
 0.1 kb	 0.0% Packages/com.unity.inputsystem/InputSystem/Editor/AssetImporter/InputActionImporter.cs
 0.1 kb	 0.0% Packages/com.unity.inputsystem/InputSystem/Editor/AssetEditor/PropertiesViewBase.cs
 0.1 kb	 0.0% Packages/com.unity.inputsystem/InputSystem/Editor/AssetEditor/InputActionTreeView.cs
 0.1 kb	 0.0% Packages/com.unity.inputsystem/InputSystem/Editor/Analytics/InputEditorAnalytics.cs
 0.1 kb	 0.0% Packages/com.unity.inputsystem/InputSystem/Editor/Analytics/InputBuildAnalytic.cs
 0.1 kb	 0.0% Packages/com.unity.inputsystem/InputSystem/Devices/InputDeviceMatcher.cs
 0.1 kb	 0.0% Packages/com.unity.inputsystem/InputSystem/Devices/InputDeviceBuilder.cs
 0.1 kb	 0.0% Packages/com.unity.inputsystem/InputSystem/Devices/ITextInputReceiver.cs
 0.1 kb	 0.0% Packages/com.unity.inputsystem/InputSystem/Devices/IEventPreProcessor.cs
 0.1 kb	 0.0% Packages/com.unity.inputsystem/InputSystem/Devices/ICustomDeviceReset.cs
 0.1 kb	 0.0% Packages/com.unity.inputsystem/InputSystem/Devices/Commands/RequestSyncCommand.cs
 0.1 kb	 0.0% Packages/com.unity.inputsystem/InputSystem/Devices/Commands/RequestResetCommand.cs
 0.1 kb	 0.0% Packages/com.unity.inputsystem/InputSystem/Devices/Commands/QueryUserIdCommand.cs
 0.1 kb	 0.0% Packages/com.unity.inputsystem/InputSystem/Devices/Commands/QueryKeyNameCommand.cs
 0.1 kb	 0.0% Packages/com.unity.inputsystem/InputSystem/Devices/Commands/InputDeviceCommand.cs
 0.1 kb	 0.0% Packages/com.unity.inputsystem/InputSystem/Devices/Commands/EnableDeviceCommand.cs
 0.1 kb	 0.0% Packages/com.unity.inputsystem/InputSystem/Devices/Commands/DisableDeviceCommand.cs
 0.1 kb	 0.0% Packages/com.unity.inputsystem/InputSystem/Controls/TouchPressControl.cs
 0.1 kb	 0.0% Packages/com.unity.inputsystem/InputSystem/Controls/TouchPhaseControl.cs
 0.1 kb	 0.0% Packages/com.unity.inputsystem/InputSystem/Controls/QuaternionControl.cs
 0.1 kb	 0.0% Packages/com.unity.inputsystem/InputSystem/Controls/InputControlLayout.cs
 0.1 kb	 0.0% Packages/com.unity.inputsystem/InputSystem/Controls/InputControlExtensions.cs
 0.1 kb	 0.0% Packages/com.unity.inputsystem/InputSystem/Actions/InputInteractionContext.cs
 0.1 kb	 0.0% Packages/com.unity.inputsystem/InputSystem/Actions/InputBindingComposite.cs
 0.1 kb	 0.0% Packages/com.unity.inputsystem/InputSystem/Actions/IInputActionCollection.cs
 0.1 kb	 0.0% Packages/com.unity.collections/Unity.Collections/NativeNotBurstCompatible.cs
 0.1 kb	 0.0% Packages/com.unity.ugui/Runtime/UGUI/EventSystem/UIElements/WorldDocumentRaycaster.cs
 0.1 kb	 0.0% Packages/com.unity.ugui/Runtime/UGUI/EventSystem/InputModules/StandaloneInputModule.cs
 0.1 kb	 0.0% Packages/com.unity.transport/Runtime/PacketProcessor.cs
 0.1 kb	 0.0% Packages/com.unity.transport/Runtime/PacketMetadata.cs
 0.1 kb	 0.0% Packages/com.unity.transport/Runtime/OperationResult.cs
 0.1 kb	 0.0% Packages/com.unity.transport/Runtime/NetworkSettings.cs
 0.1 kb	 0.0% Packages/com.unity.transport/Runtime/NetworkPipeline.cs
 0.1 kb	 0.0% Packages/com.unity.transport/Runtime/NetworkEndpoint.cs
 0.1 kb	 0.0% Packages/com.unity.transport/Runtime/NetworkDriver.cs
 0.1 kb	 0.0% Packages/com.unity.transport/Runtime/Layers/WebSocketLayer.cs
 0.1 kb	 0.0% Packages/com.unity.transport/Runtime/Layers/SimulatorLayer.cs
 0.1 kb	 0.0% Packages/com.unity.transport/Runtime/INetworkLayer.cs
 0.1 kb	 0.0% Packages/com.unity.transport/Runtime/ConnectionToken.cs
 0.1 kb	 0.0% Packages/com.unity.transport/Runtime/ConnectionList.cs
 0.1 kb	 0.0% Packages/com.unity.services.wire/Runtime/websocket-sharp/Net/WebHeaderCollection.cs
 0.1 kb	 0.0% Packages/com.unity.services.wire/Runtime/websocket-sharp/Net/NetworkCredential.cs
 0.1 kb	 0.0% Packages/com.unity.services.wire/Runtime/websocket-sharp/Net/HttpListenerResponse.cs
 0.1 kb	 0.0% Packages/com.unity.services.wire/Runtime/websocket-sharp/Net/HttpListenerRequest.cs
 0.1 kb	 0.0% Packages/com.unity.services.wire/Runtime/websocket-sharp/Net/HttpListenerPrefix.cs
 0.1 kb	 0.0% Packages/com.unity.services.wire/Runtime/websocket-sharp/Net/HttpListenerContext.cs
 0.1 kb	 0.0% Packages/com.unity.services.wire/Runtime/websocket-sharp/Net/HttpDigestIdentity.cs
 0.1 kb	 0.0% Packages/com.unity.services.wire/Runtime/websocket-sharp/Net/HttpBasicIdentity.cs
 0.1 kb	 0.0% Packages/com.unity.services.wire/Runtime/websocket-sharp/Net/ChunkedRequestStream.cs
 0.1 kb	 0.0% Packages/com.unity.services.wire/Runtime/Utils/BackoffStrategy.cs
 0.1 kb	 0.0% Packages/com.unity.services.wire/Runtime/Configuration.cs
 0.1 kb	 0.0% Packages/com.unity.services.wire/Runtime/Centrifuge/CommandManager.cs
 0.1 kb	 0.0% Packages/com.unity.services.relay/Runtime/SDK/Exceptions/RelayServiceException.cs
 0.1 kb	 0.0% Packages/com.unity.services.relay/Runtime/Models/RelayServerEndpoint.cs
 0.1 kb	 0.0% Packages/com.unity.services.relay/Runtime/Models/RegionsResponseBody.cs
 0.1 kb	 0.0% Packages/com.unity.services.relay/Runtime/Models/JoinCodeResponseBody.cs
 0.1 kb	 0.0% Packages/com.unity.services.relay/Runtime/Models/JoinAllocationAllOf.cs
 0.1 kb	 0.0% Packages/com.unity.services.relay/Runtime/Models/ErrorResponseBody.cs
 0.1 kb	 0.0% Packages/com.unity.services.relay/Runtime/Models/AllocationRequest.cs
 0.1 kb	 0.0% Packages/com.unity.services.relay/Runtime/Models/AllocateResponseBody.cs
 0.1 kb	 0.0% Packages/com.unity.services.relay/Runtime/Http/JsonObjectConverter.cs
 0.1 kb	 0.0% Packages/com.unity.services.relay/Runtime/Http/HttpClientResponse.cs
 0.1 kb	 0.0% Packages/com.unity.services.relay/Runtime/ErrorMitigation/RetryPolicy.cs
 0.1 kb	 0.0% Packages/com.unity.services.relay/Runtime/ErrorMitigation/IRetryPolicy.cs
 0.1 kb	 0.0% Packages/com.unity.services.qos/Runtime/v2/Models/QosServerAnnotations.cs
 0.1 kb	 0.0% Packages/com.unity.services.qos/Runtime/v2/Models/ErrorResponseBody.cs
 0.1 kb	 0.0% Packages/com.unity.services.qos/Runtime/v2/Http/JsonObjectConverter.cs
 0.1 kb	 0.0% Packages/com.unity.services.qos/Runtime/v2/Http/IsolatedJsonConvert.cs
 0.1 kb	 0.0% Packages/com.unity.services.qos/Runtime/v2/Http/HttpClientResponse.cs
 0.1 kb	 0.0% Packages/com.unity.services.qos/Runtime/UnityServicesExtensions.cs
 0.1 kb	 0.0% Packages/com.unity.services.qos/Runtime/Scheduler/EngineStateHelper.cs
 0.1 kb	 0.0% Packages/com.unity.services.qos/Runtime/Runner/QosAnnotatedResult.cs
 0.1 kb	 0.0% Packages/com.unity.services.qos/Runtime/QosPackageInitializer.cs
 0.1 kb	 0.0% Packages/com.unity.services.qos/Runtime/Models/ErrorResponseBody.cs
 0.1 kb	 0.0% Packages/com.unity.services.qos/Runtime/ErrorMitigation/RetryPolicy.cs
 0.1 kb	 0.0% Packages/com.unity.services.qos/Runtime/ErrorMitigation/IRetryPolicy.cs
 0.1 kb	 0.0% Packages/com.unity.services.lobby/Runtime/Scheduler/TaskScheduler.cs
 0.1 kb	 0.0% Packages/com.unity.services.lobby/Runtime/SDK/UpdatePlayerOptions.cs
 0.1 kb	 0.0% Packages/com.unity.services.lobby/Runtime/SDK/UpdateLobbyOptions.cs
 0.1 kb	 0.0% Packages/com.unity.services.lobby/Runtime/SDK/QueryLobbiesOptions.cs
 0.1 kb	 0.0% Packages/com.unity.services.lobby/Runtime/SDK/LobbyUpdates/LobbyPlayerJoined.cs
 0.1 kb	 0.0% Packages/com.unity.services.lobby/Runtime/SDK/LobbyUpdates/LobbyPlayerChanges.cs
 0.1 kb	 0.0% Packages/com.unity.services.lobby/Runtime/SDK/LobbyUpdates/Internal/LobbyPatcherChanges.cs
 0.1 kb	 0.0% Packages/com.unity.services.lobby/Runtime/SDK/JoinLobbyByIdOptions.cs
 0.1 kb	 0.0% Packages/com.unity.services.lobby/Runtime/SDK/CreateLobbyOptions.cs
 0.1 kb	 0.0% Packages/com.unity.services.lobby/Runtime/Models/UpdateRequest.cs
 0.1 kb	 0.0% Packages/com.unity.services.lobby/Runtime/Models/QuickJoinRequest.cs
 0.1 kb	 0.0% Packages/com.unity.services.lobby/Runtime/Models/QueryResponse.cs
 0.1 kb	 0.0% Packages/com.unity.services.lobby/Runtime/Models/PlayerProfile.cs
 0.1 kb	 0.0% Packages/com.unity.services.lobby/Runtime/Models/PlayerDataObject.cs
 0.1 kb	 0.0% Packages/com.unity.services.lobby/Runtime/Models/JoinByIdRequest.cs
 0.1 kb	 0.0% Packages/com.unity.services.lobby/Runtime/Models/CreateRequest.cs
 0.1 kb	 0.0% Packages/com.unity.services.lobby/Runtime/LobbyServiceProvider.cs
 0.1 kb	 0.0% Packages/com.unity.services.lobby/Runtime/Apis/LobbyApiRequests.cs
 0.1 kb	 0.0% Packages/com.unity.services.core/Runtime/Telemetry/Metrics/Metrics.cs
 0.1 kb	 0.0% Packages/com.unity.services.core/Runtime/Device/InstallationId.cs
 0.1 kb	 0.0% Packages/com.unity.services.core/Runtime/Core/RequestFailedException.cs
 0.1 kb	 0.0% Packages/com.unity.services.core/Runtime/Core/Initialization/InitializationOptions.cs
 0.1 kb	 0.0% Packages/com.unity.services.core/Runtime/Core/ExternalUserIdProperty.cs
 0.1 kb	 0.0% Packages/com.unity.services.core/Runtime/Core.Internal/Telemetry/CoreDiagnostics.cs
 0.1 kb	 0.0% Packages/com.unity.services.core/Runtime/Core.Internal/Registry/ServiceRegistry/ServiceRegistry.cs
 0.1 kb	 0.0% Packages/com.unity.services.core/Runtime/Core.Internal/Registry/ServiceRegistry/IServiceRegistry.cs
 0.1 kb	 0.0% Packages/com.unity.services.core/Runtime/Core.Internal/Registry/PackageRegistry/PackageRegistry.cs
 0.1 kb	 0.0% Packages/com.unity.services.core/Runtime/Core.Internal/Registry/PackageRegistry/IPackageRegistry.cs
 0.1 kb	 0.0% Packages/com.unity.services.core/Runtime/Core.Internal/Registry/MissingComponent.cs
 0.1 kb	 0.0% Packages/com.unity.services.core/Runtime/Core.Internal/Registry/HashExceptions.cs
 0.1 kb	 0.0% Packages/com.unity.services.core/Runtime/Core.Internal/Registry/DependencyTree.cs
 0.1 kb	 0.0% Packages/com.unity.services.core/Runtime/Core.Internal/Registry/CoreRegistration.cs
 0.1 kb	 0.0% Packages/com.unity.services.core/Runtime/Core.Internal/AsyncOperation/IAsyncOperation.cs
 0.1 kb	 0.0% Packages/com.unity.services.core/Runtime/Core.Internal/AsyncOperation/AsyncOperation.cs
 0.1 kb	 0.0% Packages/com.unity.services.authentication/Runtime/Utilities/Jwt/JwtDecoder.cs
 0.1 kb	 0.0% Packages/com.unity.services.authentication/Runtime/Utilities/Jwt/IJwtDecoder.cs
 0.1 kb	 0.0% Packages/com.unity.services.authentication/Runtime/Network/WebRequest.cs
 0.1 kb	 0.0% Packages/com.unity.services.authentication/Runtime/Models/Security/AccessToken.cs
 0.1 kb	 0.0% Packages/com.unity.services.authentication/Runtime/Models/Responses/UsernameInfo.cs
 0.1 kb	 0.0% Packages/com.unity.services.authentication/Runtime/Models/Responses/LinkResponse.cs
 0.1 kb	 0.0% Packages/com.unity.services.authentication/Runtime/Models/Requests/SteamConfig.cs
 0.1 kb	 0.0% Packages/com.unity.services.authentication/Runtime/Models/Requests/OculusConfig.cs
 0.1 kb	 0.0% Packages/com.unity.services.authentication/Runtime/Models/PlayerInfo.cs
 0.1 kb	 0.0% Packages/com.unity.services.authentication/Runtime/Models/Notification.cs
 0.1 kb	 0.0% Packages/com.unity.services.authentication/Runtime/Models/LinkOptions.cs
 0.1 kb	 0.0% Packages/com.unity.services.authentication/Runtime/Generated/PlayerNames/Model/Player.cs
 0.1 kb	 0.0% Packages/com.unity.services.authentication/Runtime/Generated/PlayerNames/Model/Detail.cs
 0.1 kb	 0.0% Packages/com.unity.inputsystem/InputSystem/Utilities/StringHelpers.cs
 0.1 kb	 0.0% Packages/com.unity.inputsystem/InputSystem/Utilities/SpriteUtilities.cs
 0.1 kb	 0.0% Packages/com.unity.inputsystem/InputSystem/Utilities/PrimitiveValue.cs
 0.1 kb	 0.0% Packages/com.unity.inputsystem/InputSystem/Utilities/PredictiveParser.cs
 0.1 kb	 0.0% Packages/com.unity.inputsystem/InputSystem/Utilities/NumberHelpers.cs
 0.1 kb	 0.0% Packages/com.unity.inputsystem/InputSystem/Utilities/MemoryHelpers.cs
 0.1 kb	 0.0% Packages/com.unity.inputsystem/InputSystem/Utilities/InternedString.cs
 0.1 kb	 0.0% Packages/com.unity.inputsystem/InputSystem/Utilities/ExceptionHelpers.cs
 0.1 kb	 0.0% Packages/com.unity.inputsystem/InputSystem/Utilities/DelegateHelpers.cs
 0.1 kb	 0.0% Packages/com.unity.inputsystem/InputSystem/Plugins/iOS/iOSStepCounter.cs
 0.1 kb	 0.0% Packages/com.unity.inputsystem/InputSystem/Plugins/XR/TrackedPoseDriver.cs
 0.1 kb	 0.0% Packages/com.unity.inputsystem/InputSystem/Plugins/UI/VirtualMouseInput.cs
 0.1 kb	 0.0% Packages/com.unity.inputsystem/InputSystem/Plugins/UI/BaseInputOverride.cs
 0.1 kb	 0.0% Packages/com.unity.inputsystem/InputSystem/Plugins/DualShock/DualShockSupport.cs
 0.1 kb	 0.0% Packages/com.unity.inputsystem/InputSystem/Plugins/DualShock/DualShockGamepad.cs
 0.1 kb	 0.0% Packages/com.unity.inputsystem/InputSystem/Controls/Processors/ScaleProcessor.cs
 0.1 kb	 0.0% Packages/com.unity.inputsystem/InputSystem/Controls/Processors/InvertProcessor.cs
 0.1 kb	 0.0% Packages/com.unity.inputsystem/InputSystem/Controls/Processors/ClampProcessor.cs
 0.1 kb	 0.0% Packages/com.unity.inputsystem/InputSystem/Actions/Interactions/TapInteraction.cs
 0.1 kb	 0.0% Packages/com.unity.inputsystem/InputSystem/Actions/Interactions/PressInteraction.cs
 0.1 kb	 0.0% Packages/com.unity.inputsystem/InputSystem/Actions/Interactions/HoldInteraction.cs
 0.1 kb	 0.0% Packages/com.unity.inputsystem/InputSystem/Actions/InputActionTrace.cs
 0.1 kb	 0.0% Packages/com.unity.inputsystem/InputSystem/Actions/Composites/Vector3Composite.cs
 0.1 kb	 0.0% Packages/com.unity.inputsystem/InputSystem/Actions/Composites/Vector2Composite.cs
 0.1 kb	 0.0% Packages/com.unity.inputsystem/InputSystem/Actions/Composites/AxisComposite.cs
 0.1 kb	 0.0% Packages/com.unity.collections/Unity.Collections/UnsafeBitArray.cs
 0.1 kb	 0.0% Packages/com.unity.collections/Unity.Collections/UTF8ArrayUnsafeUtility.cs
 0.1 kb	 0.0% Packages/com.unity.collections/Unity.Collections/StreamCompressionModel.cs
 0.1 kb	 0.0% Packages/com.unity.collections/Unity.Collections/NativeArrayExtensions.cs
 0.1 kb	 0.0% Packages/com.unity.collections/Unity.Collections/FixedStringInternalMethods.cs
 0.1 kb	 0.0% Packages/com.unity.collections/Unity.Collections/FixedStringFormatMethods.gen.cs
 0.1 kb	 0.0% Packages/com.unity.burst/Runtime/CompilerServices/SkipLocalsInitAttribute.cs
 0.1 kb	 0.0% Packages/com.unity.burst/Runtime/CompilerServices/IgnoreWarningAttribute.cs
 0.1 kb	 0.0% Assets/Scripts/Networking/NetworkedBattleController.cs
 0.1 kb	 0.0% Packages/com.unity.ugui/Runtime/TMP/TMP_ScrollbarEventHandler.cs
 0.1 kb	 0.0% Packages/com.unity.ugui/Runtime/TMP/TMP_PackageResourceImporter.cs
 0.1 kb	 0.0% Packages/com.unity.ugui/Runtime/InternalBridge/ObjectUtilsBridge.cs
 0.1 kb	 0.0% Packages/com.unity.transport/Runtime/Relay/RelayHMACKey.cs
 0.1 kb	 0.0% Packages/com.unity.timeline/Runtime/Utilities/TimelineCreateUtilities.cs
 0.1 kb	 0.0% Packages/com.unity.timeline/Runtime/Utilities/TimelineClipExtensions.cs
 0.1 kb	 0.0% Packages/com.unity.timeline/Runtime/Utilities/NotificationUtilities.cs
 0.1 kb	 0.0% Packages/com.unity.timeline/Runtime/Playables/PrefabControlPlayable.cs
 0.1 kb	 0.0% Packages/com.unity.timeline/Runtime/Playables/ParticleControlPlayable.cs
 0.1 kb	 0.0% Packages/com.unity.timeline/Runtime/Playables/DirectorControlPlayable.cs
 0.1 kb	 0.0% Packages/com.unity.timeline/Runtime/Events/Signals/CustomSignalEventDrawer.cs
 0.1 kb	 0.0% Packages/com.unity.timeline/Runtime/Attributes/TimelineHelpURLAttribute.cs
 0.1 kb	 0.0% Packages/com.unity.timeline/Runtime/Animation/AnimationPlayableAsset.cs
 0.1 kb	 0.0% Packages/com.unity.timeline/Runtime/Activation/ActivationPlayableAsset.cs
 0.1 kb	 0.0% Packages/com.unity.timeline/Runtime/Activation/ActivationMixerPlayable.cs
 0.1 kb	 0.0% Packages/com.unity.services.wire/Runtime/websocket-sharp/WebSocketException.cs
 0.1 kb	 0.0% Packages/com.unity.services.wire/Runtime/websocket-sharp/Server/WebSocketServer.cs
 0.1 kb	 0.0% Packages/com.unity.services.wire/Runtime/Utils/NetworkUtility.cs
 0.1 kb	 0.0% Packages/com.unity.services.wire/Runtime/Centrifuge/ProtocolSchema/Reply.cs
 0.1 kb	 0.0% Packages/com.unity.services.wire/Runtime/Centrifuge/ProtocolSchema/Error.cs
 0.1 kb	 0.0% Packages/com.unity.services.wire/Runtime/Centrifuge/ProtocolSchema/Command.cs
 0.1 kb	 0.0% Packages/com.unity.services.relay/Runtime/Scheduler/TaskScheduler.cs
 0.1 kb	 0.0% Packages/com.unity.services.qos/Runtime/Http/JsonObjectConverter.cs
 0.1 kb	 0.0% Packages/com.unity.services.qos/Runtime/Http/HttpClientResponse.cs
 0.1 kb	 0.0% Packages/com.unity.services.lobby/Runtime/Http/ResponseHandler.cs
 0.1 kb	 0.0% Packages/com.unity.services.lobby/Runtime/Http/IDeserializable.cs
 0.1 kb	 0.0% Packages/com.unity.services.lobby/Runtime/Http/HttpException.cs
 0.1 kb	 0.0% Packages/com.unity.services.lobby/Runtime/Http/BaseApiClient.cs
 0.1 kb	 0.0% Packages/com.unity.services.lobby/Runtime/Apis/LobbyApi.cs
 0.1 kb	 0.0% Packages/com.unity.services.core/Runtime/Core.Internal/Components/Telemetry/IMetrics.cs
 0.1 kb	 0.0% Packages/com.unity.services.authentication/Runtime/Generated/Shared/ApiUtils.cs
 0.1 kb	 0.0% Packages/com.unity.mathematics/Unity.Mathematics/PropertyAttributes.cs
 0.1 kb	 0.0% Packages/com.unity.inputsystem/InputSystem/State/InputStateBlock.cs
 0.1 kb	 0.0% Packages/com.unity.inputsystem/InputSystem/Plugins/iOS/iOSPostProcessBuild.cs
 0.1 kb	 0.0% Packages/com.unity.inputsystem/InputSystem/Plugins/XInput/XboxGamepadMacOS.cs
 0.1 kb	 0.0% Packages/com.unity.inputsystem/InputSystem/Plugins/XInput/XInputSupport.cs
 0.1 kb	 0.0% Packages/com.unity.inputsystem/InputSystem/Plugins/XInput/XInputController.cs
 0.1 kb	 0.0% Packages/com.unity.inputsystem/InputSystem/Plugins/XInput/IXboxOneRumble.cs
 0.1 kb	 0.0% Packages/com.unity.inputsystem/InputSystem/Plugins/WebGL/WebGLJoystick.cs
 0.1 kb	 0.0% Packages/com.unity.inputsystem/InputSystem/Plugins/UnityRemote/UnityRemoteSupport.cs
 0.1 kb	 0.0% Packages/com.unity.inputsystem/InputSystem/Plugins/Switch/SwitchSupportHID.cs
 0.1 kb	 0.0% Packages/com.unity.inputsystem/InputSystem/Plugins/PlayerInput/PlayerInputManager.cs
 0.1 kb	 0.0% Packages/com.unity.inputsystem/InputSystem/Plugins/PlayerInput/DefaultInputActions.cs
 0.1 kb	 0.0% Packages/com.unity.inputsystem/InputSystem/Plugins/OnScreen/OnScreenSupport.cs
 0.1 kb	 0.0% Packages/com.unity.inputsystem/InputSystem/Plugins/OnScreen/OnScreenStick.cs
 0.1 kb	 0.0% Packages/com.unity.inputsystem/InputSystem/Plugins/OnScreen/OnScreenControl.cs
 0.1 kb	 0.0% Packages/com.unity.inputsystem/InputSystem/Plugins/OnScreen/OnScreenButton.cs
 0.1 kb	 0.0% Packages/com.unity.inputsystem/InputSystem/Plugins/Linux/SDLDeviceBuilder.cs
 0.1 kb	 0.0% Packages/com.unity.inputsystem/InputSystem/Plugins/EnhancedTouch/TouchHistory.cs
 0.1 kb	 0.0% Packages/com.unity.inputsystem/InputSystem/Plugins/Android/AndroidSupport.cs
 0.1 kb	 0.0% Packages/com.unity.inputsystem/InputSystem/InputSystemObject.cs
 0.1 kb	 0.0% Packages/com.unity.inputsystem/InputSystem/InputManagerStateMonitors.cs
 0.1 kb	 0.0% Packages/com.unity.inputsystem/InputSystem/InputFeatureNames.cs
 0.1 kb	 0.0% Packages/com.unity.inputsystem/InputSystem/IInputRuntime.cs
 0.1 kb	 0.0% Packages/com.unity.inputsystem/InputSystem/IInputDiagnostics.cs
 0.1 kb	 0.0% Packages/com.unity.inputsystem/InputSystem/Events/InputEventTrace.cs
 0.1 kb	 0.0% Packages/com.unity.inputsystem/InputSystem/Events/InputEventStream.cs
 0.1 kb	 0.0% Packages/com.unity.inputsystem/InputSystem/Events/InputEventPtr.cs
 0.1 kb	 0.0% Packages/com.unity.inputsystem/InputSystem/Events/InputEventBuffer.cs
 0.1 kb	 0.0% Packages/com.unity.inputsystem/InputSystem/Events/DeviceResetEvent.cs
 0.1 kb	 0.0% Packages/com.unity.inputsystem/InputSystem/Events/DeltaStateEvent.cs
 0.1 kb	 0.0% Packages/com.unity.inputsystem/InputSystem/Editor/UITKAssetEditor/Views/PropertiesView.cs
 0.1 kb	 0.0% Packages/com.unity.inputsystem/InputSystem/Editor/UITKAssetEditor/Views/DropManipulator.cs
 0.1 kb	 0.0% Packages/com.unity.inputsystem/InputSystem/Editor/UITKAssetEditor/Views/CopyPasteHelper.cs
 0.1 kb	 0.0% Packages/com.unity.inputsystem/InputSystem/Editor/UITKAssetEditor/Views/ActionsTreeView.cs
 0.1 kb	 0.0% Packages/com.unity.inputsystem/InputSystem/Editor/UITKAssetEditor/Views/ActionMapsView.cs
 0.1 kb	 0.0% Packages/com.unity.inputsystem/InputSystem/Editor/UITKAssetEditor/StateContainer.cs
 0.1 kb	 0.0% Packages/com.unity.inputsystem/InputSystem/Editor/UITKAssetEditor/ExpressionUtils.cs
 0.1 kb	 0.0% Packages/com.unity.inputsystem/InputSystem/Editor/Internal/TreeViewHelpers.cs
 0.1 kb	 0.0% Packages/com.unity.inputsystem/InputSystem/Editor/Internal/InputStateWindow.cs
 0.1 kb	 0.0% Packages/com.unity.inputsystem/InputSystem/Editor/Internal/EditorHelpers.cs
 0.1 kb	 0.0% Packages/com.unity.inputsystem/InputSystem/Editor/Internal/AdvancedDropdown/AdvancedDropdown.cs
 0.1 kb	 0.0% Packages/com.unity.inputsystem/InputSystem/Editor/InputDiagnostics.cs
 0.1 kb	 0.0% Packages/com.unity.inputsystem/InputSystem/Devices/Haptics/IDualMotorRumble.cs
 0.1 kb	 0.0% Packages/com.unity.inputsystem/InputSystem/Devices/Haptics/DualMotorRumble.cs
 0.1 kb	 0.0% Packages/com.unity.inputsystem/InputSystem/Controls/Vector3Control.cs
 0.1 kb	 0.0% Packages/com.unity.inputsystem/InputSystem/Controls/Vector2Control.cs
 0.1 kb	 0.0% Packages/com.unity.inputsystem/InputSystem/Controls/IntegerControl.cs
 0.1 kb	 0.0% Packages/com.unity.inputsystem/InputSystem/Controls/DoubleControl.cs
 0.1 kb	 0.0% Packages/com.unity.inputsystem/InputSystem/Controls/ButtonControl.cs
 0.1 kb	 0.0% Packages/com.unity.inputsystem/InputSystem/Controls/AnyKeyControl.cs
 0.1 kb	 0.0% Packages/com.unity.inputsystem/InputSystem/Actions/InputControlScheme.cs
 0.1 kb	 0.0% Packages/com.unity.inputsystem/InputSystem/Actions/InputBindingResolver.cs
 0.1 kb	 0.0% Packages/com.unity.inputsystem/InputSystem/Actions/InputActionReference.cs
 0.1 kb	 0.0% Packages/com.unity.inputsystem/InputSystem/Actions/InputActionProperty.cs
 0.1 kb	 0.0% Packages/com.unity.inputsystem/InputSystem/Actions/IInputInteraction.cs
 0.1 kb	 0.0% Packages/com.unity.collections/Unity.Collections/UnsafeList.cs
 0.1 kb	 0.0% Packages/com.unity.collections/Unity.Collections/FixedStringParseMethods.cs
 0.1 kb	 0.0% Packages/com.unity.collections/Unity.Collections/FixedStringAppendMethods.cs
 0.1 kb	 0.0% Packages/com.unity.ugui/Runtime/UGUI/UI/Core/Utility/ReflectionMethodsCache.cs
 0.1 kb	 0.0% Packages/com.unity.ugui/Runtime/UGUI/UI/Core/MultipleDisplayUtilities.cs
 0.1 kb	 0.0% Packages/com.unity.ugui/Runtime/UGUI/UI/Core/Layout/HorizontalLayoutGroup.cs
 0.1 kb	 0.0% Packages/com.unity.ugui/Runtime/UGUI/UI/Core/IGraphicEnabledDisabled.cs
 0.1 kb	 0.0% Packages/com.unity.ugui/Runtime/UGUI/UI/Core/GraphicRebuildTracker.cs
 0.1 kb	 0.0% Packages/com.unity.ugui/Runtime/UGUI/UI/Core/Culling/RectangularVertexClipper.cs
 0.1 kb	 0.0% Packages/com.unity.ugui/Runtime/UGUI/EventSystem/UIElements/PanelEventHandler.cs
 0.1 kb	 0.0% Packages/com.unity.ugui/Runtime/UGUI/EventSystem/Raycasters/Physics2DRaycaster.cs
 0.1 kb	 0.0% Packages/com.unity.ugui/Runtime/UGUI/EventSystem/InputModules/PointerInputModule.cs
 0.1 kb	 0.0% Packages/com.unity.transport/Runtime/WebSocket/WebSocket.cs
 0.1 kb	 0.0% Packages/com.unity.transport/Runtime/PacketsQueue.cs
 0.1 kb	 0.0% Packages/com.unity.transport/Runtime/PacketBuffer.cs
 0.1 kb	 0.0% Packages/com.unity.transport/Runtime/NetworkStack.cs
 0.1 kb	 0.0% Packages/com.unity.transport/Runtime/Layers/RelayLayer.cs
 0.1 kb	 0.0% Packages/com.unity.transport/Runtime/Layers/DTLSLayer.cs
 0.1 kb	 0.0% Packages/com.unity.transport/Runtime/Layers/BottomLayer.cs
 0.1 kb	 0.0% Packages/com.unity.transport/Runtime/IPCManager.cs
 0.1 kb	 0.0% Packages/com.unity.transport/Runtime/HMACSHA256.cs
 0.1 kb	 0.0% Packages/com.unity.transport/Runtime/DebugLog.cs
 0.1 kb	 0.0% Packages/com.unity.transport/Runtime/ConnectionId.cs
 0.1 kb	 0.0% Packages/com.unity.timeline/Runtime/TimelineAttributes.cs
 0.1 kb	 0.0% Packages/com.unity.timeline/Runtime/Playables/BasicScriptPlayable.cs
 0.1 kb	 0.0% Packages/com.unity.services.wire/Runtime/websocket-sharp/Net/ResponseStream.cs
 0.1 kb	 0.0% Packages/com.unity.services.wire/Runtime/websocket-sharp/Net/RequestStream.cs
 0.1 kb	 0.0% Packages/com.unity.services.wire/Runtime/websocket-sharp/Net/ReadBufferState.cs
 0.1 kb	 0.0% Packages/com.unity.services.wire/Runtime/websocket-sharp/Net/HttpHeaderInfo.cs
 0.1 kb	 0.0% Packages/com.unity.services.wire/Runtime/websocket-sharp/Net/HttpConnection.cs
 0.1 kb	 0.0% Packages/com.unity.services.wire/Runtime/websocket-sharp/Net/EndPointManager.cs
 0.1 kb	 0.0% Packages/com.unity.services.wire/Runtime/websocket-sharp/Net/EndPointListener.cs
 0.1 kb	 0.0% Packages/com.unity.services.wire/Runtime/websocket-sharp/Net/CookieException.cs
 0.1 kb	 0.0% Packages/com.unity.services.wire/Runtime/websocket-sharp/Net/CookieCollection.cs
 0.1 kb	 0.0% Packages/com.unity.services.wire/Runtime/WebSocket.cs
 0.1 kb	 0.0% Packages/com.unity.services.wire/Runtime/Centrifuge/WireMessage.cs
 0.1 kb	 0.0% Packages/com.unity.services.wire/Runtime/Centrifuge/Subscription.cs
 0.1 kb	 0.0% Packages/com.unity.services.relay/Runtime/SDK/WrappedRelayService.cs
 0.1 kb	 0.0% Packages/com.unity.services.relay/Runtime/RelayServiceProvider.cs
 0.1 kb	 0.0% Packages/com.unity.services.relay/Runtime/Models/ResponseLinks.cs
 0.1 kb	 0.0% Packages/com.unity.services.relay/Runtime/Models/JoinResponseBody.cs
 0.1 kb	 0.0% Packages/com.unity.services.relay/Runtime/Models/JoinCodeRequest.cs
 0.1 kb	 0.0% Packages/com.unity.services.relay/Runtime/Models/JoinAllocation.cs
 0.1 kb	 0.0% Packages/com.unity.services.relay/Runtime/Models/AllocationData.cs
 0.1 kb	 0.0% Packages/com.unity.services.relay/Runtime/Http/ResponseHandler.cs
 0.1 kb	 0.0% Packages/com.unity.services.relay/Runtime/Http/IDeserializable.cs
 0.1 kb	 0.0% Packages/com.unity.services.relay/Runtime/Http/HttpException.cs
 0.1 kb	 0.0% Packages/com.unity.services.relay/Runtime/Http/BaseApiClient.cs
 0.1 kb	 0.0% Packages/com.unity.services.qos/Runtime/v2/Models/QosServersList.cs
 0.1 kb	 0.0% Packages/com.unity.services.qos/Runtime/v2/Http/ResponseHandler.cs
 0.1 kb	 0.0% Packages/com.unity.services.qos/Runtime/v2/Http/IDeserializable.cs
 0.1 kb	 0.0% Packages/com.unity.services.qos/Runtime/v2/Http/HttpException.cs
 0.1 kb	 0.0% Packages/com.unity.services.qos/Runtime/v2/Http/BaseApiClient.cs
 0.1 kb	 0.0% Packages/com.unity.services.qos/Runtime/WrappedQosService.cs
 0.1 kb	 0.0% Packages/com.unity.services.qos/Runtime/Runner/InternalQosResult.cs
 0.1 kb	 0.0% Packages/com.unity.services.qos/Runtime/Runner/BaselibQosRunner.cs
 0.1 kb	 0.0% Packages/com.unity.services.qos/Runtime/QosServiceProvider.cs
 0.1 kb	 0.0% Packages/com.unity.services.qos/Runtime/Models/QosServiceServer.cs
 0.1 kb	 0.0% Packages/com.unity.services.qos/Runtime/Models/QosServersList.cs
 0.1 kb	 0.0% Packages/com.unity.services.lobby/Runtime/Scheduler/ThreadHelper.cs
 0.1 kb	 0.0% Packages/com.unity.services.lobby/Runtime/SDK/LobbyUpdates/Internal/LobbyChannel.cs
 0.1 kb	 0.0% Packages/com.unity.services.lobby/Runtime/SDK/LobbyUpdates/ILobbyChanges.cs
 0.1 kb	 0.0% Packages/com.unity.services.lobby/Runtime/SDK/ILobbyService.cs
 0.1 kb	 0.0% Packages/com.unity.services.lobby/Runtime/Models/TokenRequest.cs
 0.1 kb	 0.0% Packages/com.unity.services.lobby/Runtime/Models/TokenData.cs
 0.1 kb	 0.0% Packages/com.unity.services.lobby/Runtime/Models/QueryRequest.cs
 0.1 kb	 0.0% Packages/com.unity.services.lobby/Runtime/Models/QueryOrder.cs
 0.1 kb	 0.0% Packages/com.unity.services.lobby/Runtime/Models/QueryFilter.cs
 0.1 kb	 0.0% Packages/com.unity.services.lobby/Runtime/Models/ErrorStatus.cs
 0.1 kb	 0.0% Packages/com.unity.services.lobby/Runtime/Models/DataObject.cs
 0.1 kb	 0.0% Packages/com.unity.services.lobby/Runtime/LobbyServiceSdk.cs
 0.1 kb	 0.0% Packages/com.unity.services.lobby/Runtime/Http/AsyncOpRetry.cs
 0.1 kb	 0.0% Packages/com.unity.services.lobby/Runtime/Configuration/Configuration.cs
 0.1 kb	 0.0% Packages/com.unity.services.core/Runtime/Core/UnityServicesBuilder.cs
 0.1 kb	 0.0% Packages/com.unity.services.core/Runtime/Core.Internal/Telemetry/CoreMetrics.cs
 0.1 kb	 0.0% Packages/com.unity.services.core/Runtime/Core.Internal/Registry/CoreRegistry.cs
 0.1 kb	 0.0% Packages/com.unity.services.core/Runtime/Core.Internal/Logging/CoreLogger.cs
 0.1 kb	 0.0% Packages/com.unity.services.core/Runtime/Core.Internal/Components/Wire/ChannelToken.cs
 0.1 kb	 0.0% Packages/com.unity.services.core/Runtime/Core.Internal/Components/Qos/IQosResults.cs
 0.1 kb	 0.0% Packages/com.unity.services.authentication/Runtime/Utilities/Logger.cs
 0.1 kb	 0.0% Packages/com.unity.services.authentication/Runtime/Utilities/Cache/ICache.cs
 0.1 kb	 0.0% Packages/com.unity.services.authentication/Runtime/Models/Security/BaseJwt.cs
 0.1 kb	 0.0% Packages/com.unity.services.authentication/Runtime/Models/Identity.cs
 0.1 kb	 0.0% Packages/com.unity.services.authentication/Runtime/Models/Components/Profile/IProfile.cs
 0.1 kb	 0.0% Packages/com.unity.inputsystem/InputSystem/Utilities/TypeTable.cs
 0.1 kb	 0.0% Packages/com.unity.inputsystem/InputSystem/Utilities/TypeHelpers.cs
 0.1 kb	 0.0% Packages/com.unity.inputsystem/InputSystem/Utilities/Substring.cs
 0.1 kb	 0.0% Packages/com.unity.inputsystem/InputSystem/Utilities/SavedState.cs
 0.1 kb	 0.0% Packages/com.unity.inputsystem/InputSystem/Utilities/Observables/Observable.cs
 0.1 kb	 0.0% Packages/com.unity.inputsystem/InputSystem/Utilities/NamedValue.cs
 0.1 kb	 0.0% Packages/com.unity.inputsystem/InputSystem/Utilities/MiscHelpers.cs
 0.1 kb	 0.0% Packages/com.unity.inputsystem/InputSystem/Utilities/JsonParser.cs
 0.1 kb	 0.0% Packages/com.unity.inputsystem/InputSystem/Utilities/ArrayHelpers.cs
 0.1 kb	 0.0% Packages/com.unity.inputsystem/InputSystem/Plugins/iOS/InputSettingsiOS.cs
 0.1 kb	 0.0% Packages/com.unity.inputsystem/InputSystem/Plugins/UI/NavigationModel.cs
 0.1 kb	 0.0% Packages/com.unity.inputsystem/InputSystem/InputUpdateType.cs
 0.1 kb	 0.0% Packages/com.unity.collections/Unity.Collections/UnsafeText.cs
 0.1 kb	 0.0% Packages/com.unity.collections/Unity.Collections/UnsafeStream.cs
 0.1 kb	 0.0% Packages/com.unity.collections/Unity.Collections/RewindableAllocator.cs
 0.1 kb	 0.0% Packages/com.unity.collections/Unity.Collections/FixedStringMethods.cs
 0.1 kb	 0.0% Packages/com.unity.collections/Unity.Collections/AutoFreeAllocator.cs
 0.1 kb	 0.0% Packages/com.unity.burst/Runtime/CompilerServices/AssumeRangeAttribute.cs
 0.1 kb	 0.0% Packages/com.unity.ugui/Runtime/UGUI/UI/Animation/CoroutineTween.cs
 0.1 kb	 0.0% Packages/com.unity.ugui/Runtime/UGUI/EventSystem/EventInterfaces.cs
 0.1 kb	 0.0% Packages/com.unity.ugui/Runtime/TMP/TMPro_ExtensionMethods.cs
 0.1 kb	 0.0% Packages/com.unity.ugui/Runtime/TMP/TMP_TextParsingUtilities.cs
 0.1 kb	 0.0% Packages/com.unity.ugui/Runtime/TMP/TMP_TextElement_Legacy.cs
 0.1 kb	 0.0% Packages/com.unity.ugui/Runtime/TMP/TMP_FontAssetUtilities.cs
 0.1 kb	 0.0% Packages/com.unity.ugui/Runtime/TMP/MaterialReferenceManager.cs
 0.1 kb	 0.0% Packages/com.unity.ugui/Runtime/TMP/FontFeatureCommonGSUB.cs
 0.1 kb	 0.0% Packages/com.unity.timeline/Runtime/Utilities/IPropertyCollector.cs
 0.1 kb	 0.0% Packages/com.unity.timeline/Runtime/Utilities/AnimatorBindingCache.cs
 0.1 kb	 0.0% Packages/com.unity.timeline/Runtime/Playables/TimeControlPlayable.cs
 0.1 kb	 0.0% Packages/com.unity.timeline/Runtime/Evaluation/ScheduleRuntimeClip.cs
 0.1 kb	 0.0% Packages/com.unity.timeline/Runtime/Evaluation/InfiniteRuntimeClip.cs
 0.1 kb	 0.0% Packages/com.unity.timeline/Runtime/Control/ControlPlayableAsset.cs
 0.1 kb	 0.0% Packages/com.unity.timeline/Runtime/Audio/AudioPlayableAsset.cs
 0.1 kb	 0.0% Packages/com.unity.timeline/Runtime/Audio/AudioMixerProperties.cs
 0.1 kb	 0.0% Packages/com.unity.timeline/Runtime/Audio/AudioClipProperties.cs
 0.1 kb	 0.0% Packages/com.unity.timeline/Runtime/Attributes/TrackColorAttribute.cs
 0.1 kb	 0.0% Packages/com.unity.services.wire/Runtime/websocket-sharp/WebSocketFrame.cs
 0.1 kb	 0.0% Packages/com.unity.services.wire/Runtime/websocket-sharp/Server/HttpServer.cs
 0.1 kb	 0.0% Packages/com.unity.services.wire/Runtime/websocket-sharp/MessageEventArgs.cs
 0.1 kb	 0.0% Packages/com.unity.services.wire/Runtime/websocket-sharp/ErrorEventArgs.cs
 0.1 kb	 0.0% Packages/com.unity.services.wire/Runtime/websocket-sharp/CloseEventArgs.cs
 0.1 kb	 0.0% Packages/com.unity.services.wire/Runtime/Centrifuge/ProtocolSchema/Push.cs
 0.1 kb	 0.0% Packages/com.unity.services.relay/Runtime/Scheduler/ThreadHelper.cs
 0.1 kb	 0.0% Packages/com.unity.services.relay/Runtime/SDK/Exceptions/ApiErrorsExtenders.cs
 0.1 kb	 0.0% Packages/com.unity.services.qos/Runtime/v2/Scheduler/ThreadHelper.cs
 0.1 kb	 0.0% Packages/com.unity.services.qos/Runtime/v2/Models/QosDiscoveryIOneOf.cs
 0.1 kb	 0.0% Packages/com.unity.services.qos/Runtime/v2/Http/AsyncOpRetry.cs
 0.1 kb	 0.0% Packages/com.unity.services.qos/Runtime/v2/Configuration/Configuration.cs
 0.1 kb	 0.0% Packages/com.unity.services.qos/Runtime/Models/QosDiscoveryIOneOf.cs
 0.1 kb	 0.0% Packages/com.unity.services.qos/Runtime/Http/ResponseHandler.cs
 0.1 kb	 0.0% Packages/com.unity.services.qos/Runtime/Http/IDeserializable.cs
 0.1 kb	 0.0% Packages/com.unity.services.qos/Runtime/Http/HttpException.cs
 0.1 kb	 0.0% Packages/com.unity.services.qos/Runtime/Http/BaseApiClient.cs
 0.1 kb	 0.0% Packages/com.unity.services.lobby/Runtime/Http/JsonObject.cs
 0.1 kb	 0.0% Packages/com.unity.services.lobby/Runtime/Http/JsonHelpers.cs
 0.1 kb	 0.0% Packages/com.unity.services.lobby/Runtime/Http/IHttpClient.cs
 0.1 kb	 0.0% Packages/com.unity.services.lobby/Runtime/Http/HttpClient.cs
 0.1 kb	 0.0% Packages/com.unity.services.lobby/Runtime/Http/CommonErrors.cs
 0.1 kb	 0.0% Packages/com.unity.services.lobby/Runtime/Http/BasicError.cs
 0.1 kb	 0.0% Packages/com.unity.services.core/Runtime/Core.Internal/Components/Vivox/IVivox.cs
 0.1 kb	 0.0% Packages/com.unity.inputsystem/InputSystem/Utilities/DynamicBitfield.cs
 0.1 kb	 0.0% Packages/com.unity.inputsystem/InputSystem/State/InputState.cs
 0.1 kb	 0.0% Packages/com.unity.inputsystem/InputSystem/Plugins/WebGL/WebGLSupport.cs
 0.1 kb	 0.0% Packages/com.unity.inputsystem/InputSystem/Plugins/WebGL/WebGLGamepad.cs
 0.1 kb	 0.0% Packages/com.unity.inputsystem/InputSystem/Plugins/Users/InputUser.cs
 0.1 kb	 0.0% Packages/com.unity.inputsystem/InputSystem/Plugins/Linux/LinuxSupport.cs
 0.1 kb	 0.0% Packages/com.unity.inputsystem/InputSystem/Plugins/EnhancedTouch/Touch.cs
 0.1 kb	 0.0% Packages/com.unity.inputsystem/InputSystem/Plugins/EnhancedTouch/Finger.cs
 0.1 kb	 0.0% Packages/com.unity.inputsystem/InputSystem/InputSettings.cs
 0.1 kb	 0.0% Packages/com.unity.inputsystem/InputSystem/InputMetrics.cs
 0.1 kb	 0.0% Packages/com.unity.inputsystem/InputSystem/InputExtensions.cs
 0.1 kb	 0.0% Packages/com.unity.inputsystem/InputSystem/InputAnalytics.cs
 0.1 kb	 0.0% Packages/com.unity.inputsystem/InputSystem/Events/TextEvent.cs
 0.1 kb	 0.0% Packages/com.unity.inputsystem/InputSystem/Events/StateEvent.cs
 0.1 kb	 0.0% Packages/com.unity.inputsystem/InputSystem/Events/InputEvent.cs
 0.1 kb	 0.0% Packages/com.unity.inputsystem/InputSystem/Events/ActionEvent.cs
 0.1 kb	 0.0% Packages/com.unity.inputsystem/InputSystem/Editor/UITKAssetEditor/Views/Selectors.cs
 0.1 kb	 0.0% Packages/com.unity.inputsystem/InputSystem/Editor/UITKAssetEditor/Views/ContextMenu.cs
 0.1 kb	 0.0% Packages/com.unity.inputsystem/InputSystem/Editor/Internal/GUIHelpers.cs
 0.1 kb	 0.0% Packages/com.unity.inputsystem/InputSystem/Devices/TrackedDevice.cs
 0.1 kb	 0.0% Packages/com.unity.inputsystem/InputSystem/Devices/Remote/InputRemoting.cs
 0.1 kb	 0.0% Packages/com.unity.inputsystem/InputSystem/Devices/Precompiled/FastTouchscreen.cs
 0.1 kb	 0.0% Packages/com.unity.inputsystem/InputSystem/Devices/Precompiled/FastMouse.partial.cs
 0.1 kb	 0.0% Packages/com.unity.inputsystem/InputSystem/Devices/IEventMerger.cs
 0.1 kb	 0.0% Packages/com.unity.inputsystem/InputSystem/Controls/TouchControl.cs
 0.1 kb	 0.0% Packages/com.unity.inputsystem/InputSystem/Controls/StickControl.cs
 0.1 kb	 0.0% Packages/com.unity.inputsystem/InputSystem/Controls/KeyControl.cs
 0.1 kb	 0.0% Packages/com.unity.inputsystem/InputSystem/Controls/InputProcessor.cs
 0.1 kb	 0.0% Packages/com.unity.inputsystem/InputSystem/Controls/InputControlPath.cs
 0.1 kb	 0.0% Packages/com.unity.inputsystem/InputSystem/Controls/DpadControl.cs
 0.1 kb	 0.0% Packages/com.unity.inputsystem/InputSystem/Controls/DeltaControl.cs
 0.1 kb	 0.0% Packages/com.unity.inputsystem/InputSystem/Controls/AxisControl.cs
 0.1 kb	 0.0% Packages/com.unity.inputsystem/InputSystem/Actions/InputActionState.cs
 0.1 kb	 0.0% Packages/com.unity.inputsystem/InputSystem/Actions/InputActionMap.cs
 0.1 kb	 0.0% Packages/com.unity.inputsystem/InputSystem/Actions/InputActionAsset.cs
 0.1 kb	 0.0% Packages/com.unity.collections/Unity.Collections/UnsafeQueue.cs
 0.1 kb	 0.0% Packages/com.unity.collections/Unity.Collections/NativeHashMap.cs
 0.1 kb	 0.0% Packages/com.unity.collections/Unity.Collections/FixedStringFormat.gen.cs
 0.1 kb	 0.0% Packages/com.unity.collections/Unity.Collections/FixedString.gen.cs
 0.1 kb	 0.0% Packages/com.unity.ugui/Runtime/UGUI/UI/Core/SetPropertyUtility.cs
 0.1 kb	 0.0% Packages/com.unity.ugui/Runtime/UGUI/UI/Core/MaterialModifiers/IMaterialModifier.cs
 0.1 kb	 0.0% Packages/com.unity.ugui/Runtime/UGUI/UI/Core/Layout/VerticalLayoutGroup.cs
 0.1 kb	 0.0% Packages/com.unity.ugui/Runtime/UGUI/UI/Core/Layout/ContentSizeFitter.cs
 0.1 kb	 0.0% Packages/com.unity.ugui/Runtime/UGUI/UI/Core/Layout/AspectRatioFitter.cs
 0.1 kb	 0.0% Packages/com.unity.ugui/Runtime/UGUI/UI/Core/FontUpdateTracker.cs
 0.1 kb	 0.0% Packages/com.unity.ugui/Runtime/UGUI/UI/Core/CanvasUpdateRegistry.cs
 0.1 kb	 0.0% Packages/com.unity.ugui/Runtime/UGUI/UI/Core/AnimationTriggers.cs
 0.1 kb	 0.0% Packages/com.unity.ugui/Runtime/UGUI/EventSystem/UIElements/PanelRaycaster.cs
 0.1 kb	 0.0% Packages/com.unity.ugui/Runtime/UGUI/EventSystem/Raycasters/PhysicsRaycaster.cs
 0.1 kb	 0.0% Packages/com.unity.ugui/Runtime/UGUI/EventSystem/Raycasters/BaseRaycaster.cs
 0.1 kb	 0.0% Packages/com.unity.ugui/Runtime/UGUI/EventSystem/RaycasterManager.cs
 0.1 kb	 0.0% Packages/com.unity.ugui/Runtime/UGUI/EventSystem/RaycastResult.cs
 0.1 kb	 0.0% Packages/com.unity.ugui/Runtime/UGUI/EventSystem/InputModules/TouchInputModule.cs
 0.1 kb	 0.0% Packages/com.unity.ugui/Runtime/UGUI/EventSystem/InputModules/BaseInputModule.cs
 0.1 kb	 0.0% Packages/com.unity.ugui/Runtime/UGUI/EventSystem/ExecuteEvents.cs
 0.1 kb	 0.0% Packages/com.unity.ugui/Runtime/UGUI/EventSystem/EventData/PointerEventData.cs
 0.1 kb	 0.0% Packages/com.unity.ugui/Runtime/UGUI/EventSystem/EventData/BaseEventData.cs
 0.1 kb	 0.0% Packages/com.unity.ugui/Runtime/UGUI/EventSystem/EventData/AxisEventData.cs
 0.1 kb	 0.0% Packages/com.unity.ugui/Runtime/TMP/TMP_TextProcessingStack.cs
 0.1 kb	 0.0% Packages/com.unity.ugui/Runtime/TMP/TMP_FontFeaturesCommon.cs
 0.1 kb	 0.0% Packages/com.unity.transport/Runtime/SHA256.cs
 0.1 kb	 0.0% Packages/com.unity.transport/Runtime/Layers/TopLayer.cs
 0.1 kb	 0.0% Packages/com.unity.transport/Runtime/Layers/TLSLayer.cs
 0.1 kb	 0.0% Packages/com.unity.transport/Runtime/Layers/LogLayer.cs
 0.1 kb	 0.0% Packages/com.unity.timeline/Runtime/Extensions/TrackExtensions.cs
 0.1 kb	 0.0% Packages/com.unity.timeline/Runtime/ClipCaps.cs
 0.1 kb	 0.0% Packages/com.unity.services.wire/Runtime/websocket-sharp/Net/HttpVersion.cs
 0.1 kb	 0.0% Packages/com.unity.services.wire/Runtime/websocket-sharp/Net/HttpUtility.cs
 0.1 kb	 0.0% Packages/com.unity.services.wire/Runtime/websocket-sharp/Net/HttpListener.cs
 0.1 kb	 0.0% Packages/com.unity.services.wire/Runtime/websocket-sharp/Net/ChunkStream.cs
 0.1 kb	 0.0% Packages/com.unity.services.wire/Runtime/Utils/Logger.cs
 0.1 kb	 0.0% Packages/com.unity.services.wire/Runtime/Centrifuge/Client.cs
 0.1 kb	 0.0% Packages/com.unity.services.relay/Runtime/SDK/IRelayService.cs
 0.1 kb	 0.0% Packages/com.unity.services.relay/Runtime/RelayServiceSdk.cs
 0.1 kb	 0.0% Packages/com.unity.services.relay/Runtime/Models/ResponseMeta.cs
 0.1 kb	 0.0% Packages/com.unity.services.relay/Runtime/Models/RelayServer.cs
 0.1 kb	 0.0% Packages/com.unity.services.relay/Runtime/Models/RegionsData.cs
 0.1 kb	 0.0% Packages/com.unity.services.relay/Runtime/Models/KeyValuePair.cs
 0.1 kb	 0.0% Packages/com.unity.services.relay/Runtime/Models/JoinRequest.cs
 0.1 kb	 0.0% Packages/com.unity.services.relay/Runtime/Models/JoinCodeData.cs
 0.1 kb	 0.0% Packages/com.unity.services.relay/Runtime/Models/Allocation.cs
 0.1 kb	 0.0% Packages/com.unity.services.relay/Runtime/Http/JsonObject.cs
 0.1 kb	 0.0% Packages/com.unity.services.relay/Runtime/Http/JsonHelpers.cs
 0.1 kb	 0.0% Packages/com.unity.services.relay/Runtime/Http/IHttpClient.cs
 0.1 kb	 0.0% Packages/com.unity.services.relay/Runtime/Http/HttpClient.cs
 0.1 kb	 0.0% Packages/com.unity.services.relay/Runtime/Http/AsyncOpRetry.cs
 0.1 kb	 0.0% Packages/com.unity.services.relay/Runtime/Configuration/Configuration.cs
 0.1 kb	 0.0% Packages/com.unity.services.qos/Runtime/v2/Models/QosServer.cs
 0.1 kb	 0.0% Packages/com.unity.services.qos/Runtime/v2/Http/JsonObject.cs
 0.1 kb	 0.0% Packages/com.unity.services.qos/Runtime/v2/Http/JsonHelpers.cs
 0.1 kb	 0.0% Packages/com.unity.services.qos/Runtime/v2/Http/IHttpClient.cs
 0.1 kb	 0.0% Packages/com.unity.services.qos/Runtime/v2/Http/HttpClient.cs
 0.1 kb	 0.0% Packages/com.unity.services.qos/Runtime/Scheduler/ThreadHelper.cs
 0.1 kb	 0.0% Packages/com.unity.services.qos/Runtime/Runner/NetworkEndPoint.cs
 0.1 kb	 0.0% Packages/com.unity.services.qos/Runtime/Runner/IQosRunner.cs
 0.1 kb	 0.0% Packages/com.unity.services.qos/Runtime/Models/QosServer.cs
 0.1 kb	 0.0% Packages/com.unity.services.qos/Runtime/Models/KeyValuePair.cs
 0.1 kb	 0.0% Packages/com.unity.services.qos/Runtime/Http/AsyncOpRetry.cs
 0.1 kb	 0.0% Packages/com.unity.services.qos/Runtime/Configuration/Configuration.cs
 0.1 kb	 0.0% Packages/com.unity.services.lobby/Runtime/SDK/LobbyUpdates/LobbyValue.cs
 0.1 kb	 0.0% Packages/com.unity.services.lobby/Runtime/SDK/LobbyUpdates/ILobbyEvents.cs
 0.1 kb	 0.0% Packages/com.unity.services.lobby/Runtime/SDK/LobbyService.cs
 0.1 kb	 0.0% Packages/com.unity.services.lobby/Runtime/Models/Player.cs
 0.1 kb	 0.0% Packages/com.unity.services.lobby/Runtime/Models/Lobby.cs
 0.1 kb	 0.0% Packages/com.unity.services.lobby/Runtime/Models/IOneOf.cs
 0.1 kb	 0.0% Packages/com.unity.services.lobby/Runtime/Models/Detail.cs
 0.1 kb	 0.0% Packages/com.unity.services.core/Runtime/Core/Utils/UnityThreadUtils.cs
 0.1 kb	 0.0% Packages/com.unity.services.core/Runtime/Core/UnityServices.cs
 0.1 kb	 0.0% Packages/com.unity.services.core/Runtime/Core/IUnityServices.cs
 0.1 kb	 0.0% Packages/com.unity.services.core/Runtime/Core/CommonErrorCodes.cs
 0.1 kb	 0.0% Packages/com.unity.services.core/Runtime/Core.Internal/Components/Wire/IWire.cs
 0.1 kb	 0.0% Packages/com.unity.services.core/Runtime/Core.Internal/Components/Wire/IChannel.cs
 0.1 kb	 0.0% Packages/com.unity.services.authentication/Runtime/Models/Responses/User.cs
 0.1 kb	 0.0% Packages/com.unity.mathematics/Unity.Mathematics/rigid_transform.cs
 0.1 kb	 0.0% Packages/com.unity.mathematics/Unity.Mathematics/math_unity_conversion.cs
 0.1 kb	 0.0% Packages/com.unity.mathematics/Unity.Mathematics/affine_transform.cs
 0.1 kb	 0.0% Packages/com.unity.mathematics/Unity.Mathematics/Geometry/MinMaxAABB.cs
 0.1 kb	 0.0% Packages/com.unity.inputsystem/InputSystem/Utilities/FourCC.cs
 0.1 kb	 0.0% Packages/com.unity.inputsystem/InputSystem/Plugins/iOS/iOSSupport.cs
 0.1 kb	 0.0% Packages/com.unity.inputsystem/InputSystem/Plugins/UI/PointerModel.cs
 0.1 kb	 0.0% Packages/com.unity.inputsystem/InputSystem/Plugins/OSX/OSXSupport.cs
 0.1 kb	 0.0% Packages/com.unity.inputsystem/InputSystem/Plugins/HID/HIDSupport.cs
 0.1 kb	 0.0% Packages/com.unity.inputsystem/InputSystem/Plugins/HID/HIDParser.cs
 0.1 kb	 0.0% Packages/com.unity.collections/Unity.Collections/xxHash3.StreamingState.cs
 0.1 kb	 0.0% Packages/com.unity.collections/Unity.Collections/NativeSort.cs
 0.1 kb	 0.0% Packages/com.unity.collections/Unity.Collections/NativeBitArray.cs
 0.1 kb	 0.0% Packages/com.unity.collections/Unity.Collections/ListExtensions.cs
 0.1 kb	 0.0% Packages/com.unity.collections/Unity.Collections/Jobs/IJobParallelForDefer.cs
 0.1 kb	 0.0% Packages/com.unity.collections/Unity.Collections/Jobs/IJobParallelForBatch.cs
 0.1 kb	 0.0% Packages/com.unity.collections/Unity.Collections/FixedStringUtils.cs
 0.1 kb	 0.0% Packages/com.unity.collections/Unity.Collections/DataStreamWriter.cs
 0.1 kb	 0.0% Packages/com.unity.collections/Unity.Collections/DataStreamReader.cs
 0.1 kb	 0.0% Packages/com.unity.collections/Unity.Collections/ConcurrentMask.cs
 0.1 kb	 0.0% Packages/com.unity.collections/Unity.Collections/CollectionHelper.cs
 0.1 kb	 0.0% Packages/com.unity.collections/Unity.Collections/AllocatorManager.cs
 0.1 kb	 0.0% Packages/com.unity.burst/Runtime/SafeStringArrayHelper.cs
 0.1 kb	 0.0% Packages/com.unity.burst/Runtime/Editor/BurstEditorOptions.cs
 0.1 kb	 0.0% Packages/com.unity.burst/Runtime/Editor/BurstCompileTarget.cs
 0.1 kb	 0.0% Packages/com.unity.burst/Runtime/Editor/BurstAssemblyDisable.cs
 0.1 kb	 0.0% Packages/com.unity.burst/Runtime/BurstCompileAttribute.cs
 0.1 kb	 0.0% Assets/Scripts/UI/Visual/DualCraftVisualTheme.cs
 0.1 kb	 0.0% Assets/Scripts/UI/Visual/CombatFeedbackView.cs
 0.1 kb	 0.0% Assets/Scripts/UI/Visual/AmbientFxController.cs
 0.1 kb	 0.0% Assets/Scripts/UI/BoosterPackController.cs
 0.1 kb	 0.0% Assets/Scripts/UI/BattleSceneController.cs
 0.1 kb	 0.0% Assets/Scripts/Networking/AuthoritativeHost.cs
 0.1 kb	 0.0% Packages/com.unity.ugui/Runtime/TMP/TMPro_EventManager.cs
 0.1 kb	 0.0% Packages/com.unity.ugui/Runtime/TMP/TMP_UpdateRegistery.cs
 0.1 kb	 0.0% Packages/com.unity.ugui/Runtime/TMP/TMP_UpdateManager.cs
 0.1 kb	 0.0% Packages/com.unity.ugui/Runtime/TMP/TMP_TextUtilities.cs
 0.1 kb	 0.0% Packages/com.unity.ugui/Runtime/TMP/TMP_TextProcessingCommon.cs
 0.1 kb	 0.0% Packages/com.unity.ugui/Runtime/TMP/TMP_SpriteCharacter.cs
 0.1 kb	 0.0% Packages/com.unity.ugui/Runtime/TMP/TMP_SpriteAnimator.cs
 0.1 kb	 0.0% Packages/com.unity.ugui/Runtime/TMP/TMP_SelectionCaret.cs
 0.1 kb	 0.0% Packages/com.unity.ugui/Runtime/TMP/TMP_ResourcesManager.cs
 0.1 kb	 0.0% Packages/com.unity.ugui/Runtime/TMP/TMP_MaterialManager.cs
 0.1 kb	 0.0% Packages/com.unity.ugui/Runtime/TMP/TMP_InputValidator.cs
 0.1 kb	 0.0% Packages/com.unity.ugui/Runtime/TMP/TMP_FontFeatureTable.cs
 0.1 kb	 0.0% Packages/com.unity.ugui/Runtime/TMP/TMP_DefaultControls.cs
 0.1 kb	 0.0% Packages/com.unity.ugui/Runtime/TMP/TMP_Compatibility.cs
 0.1 kb	 0.0% Packages/com.unity.ugui/Runtime/TMP/TMP_ColorGradient.cs
 0.1 kb	 0.0% Packages/com.unity.ugui/Runtime/TMP/TMP_CharacterInfo.cs
 0.1 kb	 0.0% Packages/com.unity.ugui/Runtime/TMP/ITextPreProcessor.cs
 0.1 kb	 0.0% Packages/com.unity.ugui/Runtime/TMP/FontFeatureCommonGPOS.cs
 0.1 kb	 0.0% Packages/com.unity.ugui/Runtime/InternalBridge/TMPHelpURL.cs
 0.1 kb	 0.0% Packages/com.unity.timeline/Runtime/Utilities/WeightUtility.cs
 0.1 kb	 0.0% Packages/com.unity.timeline/Runtime/Utilities/IPropertyPreview.cs
 0.1 kb	 0.0% Packages/com.unity.timeline/Runtime/Utilities/Extrapolation.cs
 0.1 kb	 0.0% Packages/com.unity.timeline/Runtime/TimelinePlayable.cs
 0.1 kb	 0.0% Packages/com.unity.timeline/Runtime/TimelineAsset.cs
 0.1 kb	 0.0% Packages/com.unity.timeline/Runtime/Scripting/PlayableTrack.cs
 0.1 kb	 0.0% Packages/com.unity.timeline/Runtime/Events/Signals/SignalReceiver.cs
 0.1 kb	 0.0% Packages/com.unity.timeline/Runtime/Events/Signals/SignalEmitter.cs
 0.1 kb	 0.0% Packages/com.unity.timeline/Runtime/Evaluation/RuntimeElement.cs
 0.1 kb	 0.0% Packages/com.unity.timeline/Runtime/Evaluation/RuntimeClipBase.cs
 0.1 kb	 0.0% Packages/com.unity.timeline/Runtime/Animation/AnimationTrack.cs
 0.1 kb	 0.0% Packages/com.unity.timeline/Runtime/Activation/ActivationTrack.cs
 0.1 kb	 0.0% Packages/com.unity.services.wire/Runtime/websocket-sharp/WebSocket.cs
 0.1 kb	 0.0% Packages/com.unity.services.wire/Runtime/websocket-sharp/PayloadData.cs
 0.1 kb	 0.0% Packages/com.unity.services.wire/Runtime/websocket-sharp/HttpResponse.cs
 0.1 kb	 0.0% Packages/com.unity.services.wire/Runtime/websocket-sharp/HttpRequest.cs
 0.1 kb	 0.0% Packages/com.unity.services.relay/Runtime/Models/RelayIOneOf.cs
 0.1 kb	 0.0% Packages/com.unity.services.qos/Runtime/Runner/InternalQosServer.cs
 0.1 kb	 0.0% Packages/com.unity.services.qos/Runtime/Http/JsonObject.cs
 0.1 kb	 0.0% Packages/com.unity.services.qos/Runtime/Http/JsonHelpers.cs
 0.1 kb	 0.0% Packages/com.unity.services.qos/Runtime/Http/IHttpClient.cs
 0.1 kb	 0.0% Packages/com.unity.services.qos/Runtime/Http/HttpClient.cs
 0.1 kb	 0.0% Packages/com.unity.services.lobby/Runtime/Http/Responses.cs
 0.1 kb	 0.0% Packages/com.unity.services.lobby/Runtime/Http/IError.cs
 0.1 kb	 0.0% Packages/com.unity.mathematics/Unity.Mathematics/double4x4.gen.cs
 0.1 kb	 0.0% Packages/com.unity.mathematics/Unity.Mathematics/double4x3.gen.cs
 0.1 kb	 0.0% Packages/com.unity.mathematics/Unity.Mathematics/double4x2.gen.cs
 0.1 kb	 0.0% Packages/com.unity.mathematics/Unity.Mathematics/double3x4.gen.cs
 0.1 kb	 0.0% Packages/com.unity.mathematics/Unity.Mathematics/double3x3.gen.cs
 0.1 kb	 0.0% Packages/com.unity.mathematics/Unity.Mathematics/double3x2.gen.cs
 0.1 kb	 0.0% Packages/com.unity.mathematics/Unity.Mathematics/double2x4.gen.cs
 0.1 kb	 0.0% Packages/com.unity.mathematics/Unity.Mathematics/double2x3.gen.cs
 0.1 kb	 0.0% Packages/com.unity.mathematics/Unity.Mathematics/double2x2.gen.cs
 0.1 kb	 0.0% Packages/com.unity.inputsystem/InputSystem/Plugins/PlayerInput/PlayerInput.cs
 0.1 kb	 0.0% Packages/com.unity.inputsystem/InputSystem/Plugins/PlayerInput/InputValue.cs
 0.1 kb	 0.0% Packages/com.unity.inputsystem/InputSystem/InputSystem.cs
 0.1 kb	 0.0% Packages/com.unity.inputsystem/InputSystem/InputManager.cs
 0.1 kb	 0.0% Packages/com.unity.inputsystem/InputSystem/Editor/UITKAssetEditor/Commands/Commands.cs
 0.1 kb	 0.0% Packages/com.unity.inputsystem/InputSystem/Editor/Dialog.cs
 0.1 kb	 0.0% Packages/com.unity.inputsystem/InputSystem/Devices/Touchscreen.cs
 0.1 kb	 0.0% Packages/com.unity.inputsystem/InputSystem/Devices/Precompiled/FastMouse.cs
 0.1 kb	 0.0% Packages/com.unity.inputsystem/InputSystem/Devices/Precompiled/FastKeyboard.cs
 0.1 kb	 0.0% Packages/com.unity.inputsystem/InputSystem/Devices/InputDevice.cs
 0.1 kb	 0.0% Packages/com.unity.inputsystem/InputSystem/Devices/Haptics/IHaptics.cs
 0.1 kb	 0.0% Packages/com.unity.inputsystem/InputSystem/Controls/InputControl.cs
 0.1 kb	 0.0% Packages/com.unity.inputsystem/InputSystem/Controls/CommonUsages.cs
 0.1 kb	 0.0% Packages/com.unity.inputsystem/InputSystem/AssemblyInfo.cs
 0.1 kb	 0.0% Packages/com.unity.inputsystem/InputSystem/Actions/InputBinding.cs
 0.1 kb	 0.0% Packages/com.unity.inputsystem/InputSystem/Actions/InputAction.cs
 0.1 kb	 0.0% Packages/com.unity.collections/Unity.Collections/NativeText.gen.cs
 0.1 kb	 0.0% Packages/com.unity.collections/Unity.Collections/FixedList.gen.cs
 0.1 kb	 0.0% Assets/Scripts/Packs/BoosterPackGenerator.cs
 0.1 kb	 0.0% Packages/com.unity.ugui/Runtime/UGUI/UI/Core/VertexModifiers/PositionAsUV1.cs
 0.1 kb	 0.0% Packages/com.unity.ugui/Runtime/UGUI/UI/Core/VertexModifiers/IMeshModifier.cs
 0.1 kb	 0.0% Packages/com.unity.ugui/Runtime/UGUI/UI/Core/VertexModifiers/BaseMeshEffect.cs
 0.1 kb	 0.0% Packages/com.unity.ugui/Runtime/UGUI/UI/Core/StencilMaterial.cs
 0.1 kb	 0.0% Packages/com.unity.ugui/Runtime/UGUI/UI/Core/MaskableGraphic.cs
 0.1 kb	 0.0% Packages/com.unity.ugui/Runtime/UGUI/UI/Core/MaskUtilities.cs
 0.1 kb	 0.0% Packages/com.unity.ugui/Runtime/UGUI/UI/Core/Layout/LayoutUtility.cs
 0.1 kb	 0.0% Packages/com.unity.ugui/Runtime/UGUI/UI/Core/Layout/LayoutRebuilder.cs
 0.1 kb	 0.0% Packages/com.unity.ugui/Runtime/UGUI/UI/Core/Layout/LayoutElement.cs
 0.1 kb	 0.0% Packages/com.unity.ugui/Runtime/UGUI/UI/Core/Layout/ILayoutElement.cs
 0.1 kb	 0.0% Packages/com.unity.ugui/Runtime/UGUI/UI/Core/Layout/GridLayoutGroup.cs
 0.1 kb	 0.0% Packages/com.unity.ugui/Runtime/UGUI/UI/Core/GraphicRegistry.cs
 0.1 kb	 0.0% Packages/com.unity.ugui/Runtime/UGUI/UI/Core/GraphicRaycaster.cs
 0.1 kb	 0.0% Packages/com.unity.ugui/Runtime/UGUI/UI/Core/DefaultControls.cs
 0.1 kb	 0.0% Packages/com.unity.ugui/Runtime/UGUI/UI/Core/Culling/ClipperRegistry.cs
 0.1 kb	 0.0% Packages/com.unity.ugui/Runtime/UGUI/EventSystem/UIBehaviour.cs
 0.1 kb	 0.0% Packages/com.unity.ugui/Runtime/UGUI/EventSystem/InputModules/BaseInput.cs
 0.1 kb	 0.0% Packages/com.unity.ugui/Runtime/UGUI/EventSystem/EventTrigger.cs
 0.1 kb	 0.0% Packages/com.unity.ugui/Runtime/UGUI/EventSystem/EventSystem.cs
 0.1 kb	 0.0% Packages/com.unity.ugui/Runtime/TMP/TMPro_MeshUtilities.cs
 0.1 kb	 0.0% Packages/com.unity.ugui/Runtime/TMP/TMP_ShaderUtilities.cs
 0.1 kb	 0.0% Packages/com.unity.ugui/Runtime/TMP/TMP_RichTextTagsCommon.cs
 0.1 kb	 0.0% Packages/com.unity.ugui/Runtime/TMP/TMP_FontAssetCommon.cs
 0.1 kb	 0.0% Packages/com.unity.services.wire/Runtime/websocket-sharp/Net/Cookie.cs
 0.1 kb	 0.0% Packages/com.unity.services.wire/Runtime/websocket-sharp/Net/Chunk.cs
 0.1 kb	 0.0% Packages/com.unity.services.relay/Runtime/SDK/RelayService.cs
 0.1 kb	 0.0% Packages/com.unity.services.relay/Runtime/Models/Region.cs
 0.1 kb	 0.0% Packages/com.unity.services.relay/Runtime/Models/JoinData.cs
 0.1 kb	 0.0% Packages/com.unity.services.qos/Runtime/v2/Http/Responses.cs
 0.1 kb	 0.0% Packages/com.unity.services.qos/Runtime/Runner/UcgQosServer.cs
 0.1 kb	 0.0% Packages/com.unity.services.qos/Runtime/Runner/QosResponse.cs
 0.1 kb	 0.0% Packages/com.unity.services.qos/Runtime/Runner/QosRequest.cs
 0.1 kb	 0.0% Packages/com.unity.services.qos/Runtime/Runner/QosHelper.cs
 0.1 kb	 0.0% Packages/com.unity.services.qos/Runtime/Runner/IQosJob.cs
 0.1 kb	 0.0% Packages/com.unity.services.qos/Runtime/QosService.cs
 0.1 kb	 0.0% Packages/com.unity.services.qos/Runtime/Core/QosResults.cs
 0.1 kb	 0.0% Packages/com.unity.services.lobby/Runtime/Utils/Logger.cs
 0.1 kb	 0.0% Packages/com.unity.services.lobby/Runtime/SDK/LobbyUpdates/LobbyEventCallbacks.cs
 0.1 kb	 0.0% Packages/com.unity.mathematics/Unity.Mathematics/quaternion.cs
 0.1 kb	 0.0% Packages/com.unity.mathematics/Unity.Mathematics/Noise/classicnoise4D.cs
 0.1 kb	 0.0% Packages/com.unity.mathematics/Unity.Mathematics/Noise/classicnoise3D.cs
 0.1 kb	 0.0% Packages/com.unity.mathematics/Unity.Mathematics/Noise/classicnoise2D.cs
 0.1 kb	 0.0% Packages/com.unity.mathematics/Unity.Mathematics/Noise/cellular2x2x2.cs
 0.1 kb	 0.0% Packages/com.unity.mathematics/Unity.Mathematics/Geometry/Plane.cs
 0.1 kb	 0.0% Packages/com.unity.collections/Unity.Collections/UIntFloat.cs
 0.1 kb	 0.0% Packages/com.unity.collections/Unity.Collections/NativeStream.cs
 0.1 kb	 0.0% Packages/com.unity.collections/Unity.Collections/Jobs/EarlyInitHelpers.cs
 0.1 kb	 0.0% Packages/com.unity.burst/Runtime/Intrinsics/SimdDebugViews.cs
 0.1 kb	 0.0% Packages/com.unity.burst/Runtime/Editor/BurstReflection.cs
 0.1 kb	 0.0% Packages/com.unity.burst/Runtime/BurstCompilerOptions.cs
 0.1 kb	 0.0% Assets/Scripts/UI/Visual/PackOpeningView.cs
 0.1 kb	 0.0% Assets/Scripts/UI/Visual/BattleBoardView.cs
 0.1 kb	 0.0% Assets/Scripts/UI/MainMenuController.cs
 0.1 kb	 0.0% Assets/Scripts/UI/DeckBuilderScreen.cs
 0.1 kb	 0.0% Assets/Scripts/UI/CardTextureGenerator.cs
 0.1 kb	 0.0% Assets/Scripts/UI/CardBackGenerator.cs
 0.1 kb	 0.0% Assets/Scripts/Networking/RelayGameHost.cs
 0.1 kb	 0.0% Assets/Scripts/Networking/RelayGameClient.cs
 0.1 kb	 0.0% Assets/Scripts/Networking/NetworkClient.cs
 0.1 kb	 0.0% Assets/Scripts/Networking/MultiplayerMenu.cs
 0.1 kb	 0.0% Assets/Scripts/Effects/EffectResolver.cs
 0.1 kb	 0.0% Assets/Scripts/Effects/EffectFunctions.cs
 0.1 kb	 0.0% Assets/Scripts/Effects/EffectContext.cs
 0.1 kb	 0.0% Assets/Scripts/Collection/CardCollection.cs
 0.1 kb	 0.0% Assets/Scripts/CardComponents/CardComponents.cs
 0.1 kb	 0.0% Packages/com.unity.ugui/Runtime/TMP/TextMeshProUGUI.cs
 0.1 kb	 0.0% Packages/com.unity.ugui/Runtime/TMP/TextContainer.cs
 0.1 kb	 0.0% Packages/com.unity.ugui/Runtime/TMP/TMP_TextElement.cs
 0.1 kb	 0.0% Packages/com.unity.ugui/Runtime/TMP/TMP_SubMeshUI.cs
 0.1 kb	 0.0% Packages/com.unity.ugui/Runtime/TMP/TMP_StyleSheet.cs
 0.1 kb	 0.0% Packages/com.unity.ugui/Runtime/TMP/TMP_SpriteGlyph.cs
 0.1 kb	 0.0% Packages/com.unity.ugui/Runtime/TMP/TMP_SpriteAsset.cs
 0.1 kb	 0.0% Packages/com.unity.ugui/Runtime/TMP/TMP_InputField.cs
 0.1 kb	 0.0% Packages/com.unity.ugui/Runtime/TMP/TMP_FontAsset.cs
 0.1 kb	 0.0% Packages/com.unity.ugui/Runtime/TMP/TMP_CoroutineTween.cs
 0.1 kb	 0.0% Packages/com.unity.ugui/Runtime/TMP/TMP_Character.cs
 0.1 kb	 0.0% Packages/com.unity.timeline/Runtime/Utilities/TimelineUndo.cs
 0.1 kb	 0.0% Packages/com.unity.timeline/Runtime/Utilities/TimeUtility.cs
 0.1 kb	 0.0% Packages/com.unity.timeline/Runtime/Utilities/HashUtility.cs
 0.1 kb	 0.0% Packages/com.unity.timeline/Runtime/TrackAsset.cs
 0.1 kb	 0.0% Packages/com.unity.timeline/Runtime/TimelineClip.cs
 0.1 kb	 0.0% Packages/com.unity.timeline/Runtime/Playables/ITimeControl.cs
 0.1 kb	 0.0% Packages/com.unity.timeline/Runtime/ILayerable.cs
 0.1 kb	 0.0% Packages/com.unity.timeline/Runtime/GroupTrack.cs
 0.1 kb	 0.0% Packages/com.unity.timeline/Runtime/Events/Signals/SignalAsset.cs
 0.1 kb	 0.0% Packages/com.unity.timeline/Runtime/Events/SignalTrack.cs
 0.1 kb	 0.0% Packages/com.unity.timeline/Runtime/Events/MarkerTrack.cs
 0.1 kb	 0.0% Packages/com.unity.timeline/Runtime/Events/MarkerList.cs
 0.1 kb	 0.0% Packages/com.unity.timeline/Runtime/Evaluation/RuntimeClip.cs
 0.1 kb	 0.0% Packages/com.unity.timeline/Runtime/Evaluation/IntervalTree.cs
 0.1 kb	 0.0% Packages/com.unity.timeline/Runtime/DiscreteTime.cs
 0.1 kb	 0.0% Packages/com.unity.timeline/Runtime/Control/ControlTrack.cs
 0.1 kb	 0.0% Packages/com.unity.timeline/Runtime/Audio/AudioTrack.cs
 0.1 kb	 0.0% Packages/com.unity.timeline/Runtime/AssetUpgrade/ClipUpgrade.cs
 0.1 kb	 0.0% Packages/com.unity.timeline/Runtime/Animation/ICurvesOwner.cs
 0.1 kb	 0.0% Packages/com.unity.services.wire/Runtime/websocket-sharp/Logger.cs
 0.1 kb	 0.0% Packages/com.unity.services.wire/Runtime/websocket-sharp/LogData.cs
 0.1 kb	 0.0% Packages/com.unity.services.wire/Runtime/websocket-sharp/HttpBase.cs
 0.1 kb	 0.0% Packages/com.unity.services.relay/Runtime/Http/Responses.cs
 0.1 kb	 0.0% Packages/com.unity.services.qos/Runtime/Http/Responses.cs
 0.1 kb	 0.0% Packages/com.unity.mathematics/Unity.Mathematics/uint4x4.gen.cs
 0.1 kb	 0.0% Packages/com.unity.mathematics/Unity.Mathematics/uint4x3.gen.cs
 0.1 kb	 0.0% Packages/com.unity.mathematics/Unity.Mathematics/uint4x2.gen.cs
 0.1 kb	 0.0% Packages/com.unity.mathematics/Unity.Mathematics/uint4.gen.cs
 0.1 kb	 0.0% Packages/com.unity.mathematics/Unity.Mathematics/uint3x4.gen.cs
 0.1 kb	 0.0% Packages/com.unity.mathematics/Unity.Mathematics/uint3x3.gen.cs
 0.1 kb	 0.0% Packages/com.unity.mathematics/Unity.Mathematics/uint3x2.gen.cs
 0.1 kb	 0.0% Packages/com.unity.mathematics/Unity.Mathematics/uint3.gen.cs
 0.1 kb	 0.0% Packages/com.unity.mathematics/Unity.Mathematics/uint2x4.gen.cs
 0.1 kb	 0.0% Packages/com.unity.mathematics/Unity.Mathematics/uint2x3.gen.cs
 0.1 kb	 0.0% Packages/com.unity.mathematics/Unity.Mathematics/uint2x2.gen.cs
 0.1 kb	 0.0% Packages/com.unity.mathematics/Unity.Mathematics/uint2.gen.cs
 0.1 kb	 0.0% Packages/com.unity.mathematics/Unity.Mathematics/int4x4.gen.cs
 0.1 kb	 0.0% Packages/com.unity.mathematics/Unity.Mathematics/int4x3.gen.cs
 0.1 kb	 0.0% Packages/com.unity.mathematics/Unity.Mathematics/int4x2.gen.cs
 0.1 kb	 0.0% Packages/com.unity.mathematics/Unity.Mathematics/int3x4.gen.cs
 0.1 kb	 0.0% Packages/com.unity.mathematics/Unity.Mathematics/int3x3.gen.cs
 0.1 kb	 0.0% Packages/com.unity.mathematics/Unity.Mathematics/int3x2.gen.cs
 0.1 kb	 0.0% Packages/com.unity.mathematics/Unity.Mathematics/int2x4.gen.cs
 0.1 kb	 0.0% Packages/com.unity.mathematics/Unity.Mathematics/int2x3.gen.cs
 0.1 kb	 0.0% Packages/com.unity.mathematics/Unity.Mathematics/int2x2.gen.cs
 0.1 kb	 0.0% Packages/com.unity.mathematics/Unity.Mathematics/half4.gen.cs
 0.1 kb	 0.0% Packages/com.unity.mathematics/Unity.Mathematics/half3.gen.cs
 0.1 kb	 0.0% Packages/com.unity.mathematics/Unity.Mathematics/half2.gen.cs
 0.1 kb	 0.0% Packages/com.unity.mathematics/Unity.Mathematics/float4x4.gen.cs
 0.1 kb	 0.0% Packages/com.unity.mathematics/Unity.Mathematics/float4x3.gen.cs
 0.1 kb	 0.0% Packages/com.unity.mathematics/Unity.Mathematics/float4x2.gen.cs
 0.1 kb	 0.0% Packages/com.unity.mathematics/Unity.Mathematics/float4.gen.cs
 0.1 kb	 0.0% Packages/com.unity.mathematics/Unity.Mathematics/float3x4.gen.cs
 0.1 kb	 0.0% Packages/com.unity.mathematics/Unity.Mathematics/float3x3.gen.cs
 0.1 kb	 0.0% Packages/com.unity.mathematics/Unity.Mathematics/float3x2.gen.cs
 0.1 kb	 0.0% Packages/com.unity.mathematics/Unity.Mathematics/float3.gen.cs
 0.1 kb	 0.0% Packages/com.unity.mathematics/Unity.Mathematics/float2x4.gen.cs
 0.1 kb	 0.0% Packages/com.unity.mathematics/Unity.Mathematics/float2x3.gen.cs
 0.1 kb	 0.0% Packages/com.unity.mathematics/Unity.Mathematics/float2x2.gen.cs
 0.1 kb	 0.0% Packages/com.unity.mathematics/Unity.Mathematics/float2.gen.cs
 0.1 kb	 0.0% Packages/com.unity.mathematics/Unity.Mathematics/double4.gen.cs
 0.1 kb	 0.0% Packages/com.unity.mathematics/Unity.Mathematics/double3.gen.cs
 0.1 kb	 0.0% Packages/com.unity.mathematics/Unity.Mathematics/double2.gen.cs
 0.1 kb	 0.0% Packages/com.unity.mathematics/Unity.Mathematics/bool4x4.gen.cs
 0.1 kb	 0.0% Packages/com.unity.mathematics/Unity.Mathematics/bool4x3.gen.cs
 0.1 kb	 0.0% Packages/com.unity.mathematics/Unity.Mathematics/bool4x2.gen.cs
 0.1 kb	 0.0% Packages/com.unity.mathematics/Unity.Mathematics/bool4.gen.cs
 0.1 kb	 0.0% Packages/com.unity.mathematics/Unity.Mathematics/bool3x4.gen.cs
 0.1 kb	 0.0% Packages/com.unity.mathematics/Unity.Mathematics/bool3x3.gen.cs
 0.1 kb	 0.0% Packages/com.unity.mathematics/Unity.Mathematics/bool3x2.gen.cs
 0.1 kb	 0.0% Packages/com.unity.mathematics/Unity.Mathematics/bool3.gen.cs
 0.1 kb	 0.0% Packages/com.unity.mathematics/Unity.Mathematics/bool2x4.gen.cs
 0.1 kb	 0.0% Packages/com.unity.mathematics/Unity.Mathematics/bool2x3.gen.cs
 0.1 kb	 0.0% Packages/com.unity.mathematics/Unity.Mathematics/bool2x2.gen.cs
 0.1 kb	 0.0% Packages/com.unity.mathematics/Unity.Mathematics/bool2.gen.cs
 0.1 kb	 0.0% Packages/com.unity.mathematics/Unity.Mathematics/Noise/psrdnoise2D.cs
 0.1 kb	 0.0% Packages/com.unity.mathematics/Unity.Mathematics/Noise/noise3Dgrad.cs
 0.1 kb	 0.0% Packages/com.unity.mathematics/Unity.Mathematics/Noise/cellular3D.cs
 0.1 kb	 0.0% Packages/com.unity.mathematics/Unity.Mathematics/Noise/cellular2x2.cs
 0.1 kb	 0.0% Packages/com.unity.mathematics/Unity.Mathematics/Noise/cellular2D.cs
 0.1 kb	 0.0% Packages/com.unity.inputsystem/InputSystem/Editor/DownloadableSample.cs
 0.1 kb	 0.0% Packages/com.unity.inputsystem/InputSystem/Devices/Sensor.cs
 0.1 kb	 0.0% Packages/com.unity.inputsystem/InputSystem/Devices/Pointer.cs
 0.1 kb	 0.0% Packages/com.unity.inputsystem/InputSystem/Devices/Mouse.cs
 0.1 kb	 0.0% Packages/com.unity.inputsystem/InputSystem/Devices/Keyboard.cs
 0.1 kb	 0.0% Packages/com.unity.inputsystem/InputSystem/Devices/Joystick.cs
 0.1 kb	 0.0% Packages/com.unity.inputsystem/InputSystem/Devices/Gamepad.cs
 0.1 kb	 0.0% Packages/com.unity.collections/Unity.Collections/xxHash3.AVX2.cs
 0.1 kb	 0.0% Packages/com.unity.burst/Runtime/Intrinsics/Arm/NEON_AArch64_rdma.cs
 0.1 kb	 0.0% Packages/com.unity.burst/Runtime/Intrinsics/Arm/NEON_AArch64_dotprod.cs
 0.1 kb	 0.0% Packages/com.unity.burst/Runtime/Intrinsics/Arm/NEON_AArch64_crypto.cs
 0.1 kb	 0.0% Assets/Scripts/Networking/ReplaySystem.cs
 0.1 kb	 0.0% Assets/Scripts/Networking/NetworkMessages.cs
 0.1 kb	 0.0% Assets/Scripts/DeckBuilding/DeckBuilder.cs
 0.1 kb	 0.0% Assets/Scripts/Data/PlayerProfile.cs
 0.1 kb	 0.0% Assets/Scripts/Data/CardJsonFormat.cs
 0.1 kb	 0.0% Assets/Scripts/Core/GameConstants.cs
 0.1 kb	 0.0% Assets/Scripts/Core/ElementSystem.cs
 0.1 kb	 0.0% Assets/Scripts/Core/ElementColors.cs
 0.1 kb	 0.0% Assets/Scripts/Cards/PillarCardData.cs
 0.1 kb	 0.0% Assets/Scripts/Cards/DomainCardData.cs
 0.1 kb	 0.0% Assets/Scripts/Cards/DispelCardData.cs
 0.1 kb	 0.0% Assets/Scripts/Cards/DaemonCardData.cs
 0.1 kb	 0.0% Assets/Scripts/Cards/ConjurorCardData.cs
 0.1 kb	 0.0% Assets/Scripts/CardComponents/CardFactory.cs
 0.1 kb	 0.0% Assets/Scripts/Battle/BattleManager.cs
 0.1 kb	 0.0% Assets/Scripts/Audio/MusicSceneHook.cs
 0.1 kb	 0.0% Packages/com.unity.ugui/Runtime/UGUI/UI/Core/Utility/VertexHelper.cs
 0.1 kb	 0.0% Packages/com.unity.ugui/Runtime/UGUI/UI/Core/ToggleGroup.cs
 0.1 kb	 0.0% Packages/com.unity.ugui/Runtime/UGUI/UI/Core/SpriteState.cs
 0.1 kb	 0.0% Packages/com.unity.ugui/Runtime/UGUI/UI/Core/Selectable.cs
 0.1 kb	 0.0% Packages/com.unity.ugui/Runtime/UGUI/UI/Core/Scrollbar.cs
 0.1 kb	 0.0% Packages/com.unity.ugui/Runtime/UGUI/UI/Core/ScrollRect.cs
 0.1 kb	 0.0% Packages/com.unity.ugui/Runtime/UGUI/UI/Core/RectMask2D.cs
 0.1 kb	 0.0% Packages/com.unity.ugui/Runtime/UGUI/UI/Core/Navigation.cs
 0.1 kb	 0.0% Packages/com.unity.ugui/Runtime/UGUI/UI/Core/Layout/LayoutGroup.cs
 0.1 kb	 0.0% Packages/com.unity.ugui/Runtime/UGUI/UI/Core/Layout/CanvasScaler.cs
 0.1 kb	 0.0% Packages/com.unity.ugui/Runtime/UGUI/UI/Core/InputField.cs
 0.1 kb	 0.0% Packages/com.unity.ugui/Runtime/UGUI/UI/Core/IMaskable.cs
 0.1 kb	 0.0% Packages/com.unity.ugui/Runtime/UGUI/UI/Core/ColorBlock.cs
 0.1 kb	 0.0% Packages/com.unity.services.qos/Runtime/Runner/QosJob.cs
 0.1 kb	 0.0% Packages/com.unity.services.core/Runtime/Core/IService.cs
 0.1 kb	 0.0% Packages/com.unity.mathematics/Unity.Mathematics/random.cs
 0.1 kb	 0.0% Packages/com.unity.mathematics/Unity.Mathematics/matrix.gen.cs
 0.1 kb	 0.0% Packages/com.unity.mathematics/Unity.Mathematics/matrix.cs
 0.1 kb	 0.0% Packages/com.unity.mathematics/Unity.Mathematics/Noise/noise4D.cs
 0.1 kb	 0.0% Packages/com.unity.mathematics/Unity.Mathematics/Noise/noise3D.cs
 0.1 kb	 0.0% Packages/com.unity.mathematics/Unity.Mathematics/Noise/noise2D.cs
 0.1 kb	 0.0% Packages/com.unity.mathematics/Unity.Mathematics/Noise/common.cs
 0.1 kb	 0.0% Packages/com.unity.inputsystem/InputSystem/Plugins/HID/HID.cs
 0.1 kb	 0.0% Packages/com.unity.collections/Unity.Collections/xxHash3.cs
 0.1 kb	 0.0% Packages/com.unity.collections/Unity.Collections/Unicode.cs
 0.1 kb	 0.0% Packages/com.unity.collections/Unity.Collections/Memory.cs
 0.1 kb	 0.0% Packages/com.unity.collections/Unity.Collections/Jobs/IJobFilter.cs
 0.1 kb	 0.0% Packages/com.unity.collections/Unity.Collections/BitField.cs
 0.1 kb	 0.0% Packages/com.unity.burst/Runtime/NoAliasAttribute.cs
 0.1 kb	 0.0% Packages/com.unity.burst/Runtime/FunctionPointer.cs
 0.1 kb	 0.0% Packages/com.unity.burst/Runtime/Editor/BurstLoader.cs
 0.1 kb	 0.0% Packages/com.unity.burst/Runtime/CompilerServices/Constant.cs
 0.1 kb	 0.0% Packages/com.unity.burst/Runtime/CompilerServices/Aliasing.cs
 0.1 kb	 0.0% Packages/com.unity.burst/Runtime/BurstString.Float.cs
 0.1 kb	 0.0% Packages/com.unity.burst/Runtime/BurstCompiler.cs
 0.1 kb	 0.0% Assets/Scripts/UI/Visual/UIAnimUtils.cs
 0.1 kb	 0.0% Assets/Scripts/UI/Visual/MainMenuView.cs
 0.1 kb	 0.0% Assets/Scripts/UI/Visual/GameHudView.cs
 0.1 kb	 0.0% Assets/Scripts/UI/Visual/FancyButton.cs
 0.1 kb	 0.0% Assets/Scripts/UI/PackTimerManager.cs
 0.1 kb	 0.0% Assets/Scripts/UI/CollectionScreen.cs
 0.1 kb	 0.0% Assets/Scripts/Networking/SecureRNG.cs
 0.1 kb	 0.0% Assets/Scripts/Networking/RoomManager.cs
 0.1 kb	 0.0% Assets/Scripts/Networking/RelayManager.cs
 0.1 kb	 0.0% Packages/com.unity.ugui/Runtime/UGUI/UI/Core/Culling/IClipRegion.cs
 0.1 kb	 0.0% Packages/com.unity.ugui/Runtime/TMP/TextMeshPro.cs
 0.1 kb	 0.0% Packages/com.unity.ugui/Runtime/TMP/TMP_TextInfo.cs
 0.1 kb	 0.0% Packages/com.unity.ugui/Runtime/TMP/TMP_SubMesh.cs
 0.1 kb	 0.0% Packages/com.unity.ugui/Runtime/TMP/TMP_Style.cs
 0.1 kb	 0.0% Packages/com.unity.ugui/Runtime/TMP/TMP_Sprite.cs
 0.1 kb	 0.0% Packages/com.unity.ugui/Runtime/TMP/TMP_Settings.cs
 0.1 kb	 0.0% Packages/com.unity.ugui/Runtime/TMP/TMP_MeshInfo.cs
 0.1 kb	 0.0% Packages/com.unity.ugui/Runtime/TMP/TMP_LineInfo.cs
 0.1 kb	 0.0% Packages/com.unity.ugui/Runtime/TMP/TMP_Dropdown.cs
 0.1 kb	 0.0% Packages/com.unity.ugui/Runtime/TMP/TMP_Asset.cs
 0.1 kb	 0.0% Packages/com.unity.ugui/Runtime/TMP/FastAction.cs
 0.1 kb	 0.0% Packages/com.unity.timeline/Runtime/Events/Marker.cs
 0.1 kb	 0.0% Packages/com.unity.timeline/Runtime/Events/IMarker.cs
 0.1 kb	 0.0% Packages/com.unity.services.wire/Runtime/websocket-sharp/Ext.cs
 0.1 kb	 0.0% Packages/com.unity.mathematics/Unity.Mathematics/int4.gen.cs
 0.1 kb	 0.0% Packages/com.unity.mathematics/Unity.Mathematics/int3.gen.cs
 0.1 kb	 0.0% Packages/com.unity.mathematics/Unity.Mathematics/int2.gen.cs
 0.1 kb	 0.0% Packages/com.unity.inputsystem/InputSystem/Devices/Pen.cs
 0.1 kb	 0.0% Packages/com.unity.burst/Runtime/Intrinsics/Common.cs
 0.1 kb	 0.0% Packages/com.unity.burst/Runtime/Intrinsics/Arm/NEON_ctor.cs
 0.1 kb	 0.0% Packages/com.unity.burst/Runtime/Intrinsics/Arm/NEON_AArch64.cs
 0.1 kb	 0.0% Assets/Scripts/Data/CardLoader.cs
 0.1 kb	 0.0% Assets/Scripts/Cards/SealCardData.cs
 0.1 kb	 0.0% Assets/Scripts/Cards/MaskCardData.cs
 0.1 kb	 0.0% Assets/Scripts/Cards/CardEffects.cs
 0.1 kb	 0.0% Assets/Scripts/Cards/CardDatabase.cs
 0.1 kb	 0.0% Assets/Scripts/Battle/GameState.cs
 0.1 kb	 0.0% Assets/Scripts/Battle/GameActions.cs
 0.1 kb	 0.0% Assets/Scripts/Audio/MusicManager.cs
 0.1 kb	 0.0% Packages/com.unity.ugui/Runtime/UGUI/UI/Core/VertexModifiers/Shadow.cs
 0.1 kb	 0.0% Packages/com.unity.ugui/Runtime/UGUI/UI/Core/VertexModifiers/Outline.cs
 0.1 kb	 0.0% Packages/com.unity.ugui/Runtime/UGUI/UI/Core/Toggle.cs
 0.1 kb	 0.0% Packages/com.unity.ugui/Runtime/UGUI/UI/Core/Slider.cs
 0.1 kb	 0.0% Packages/com.unity.ugui/Runtime/UGUI/UI/Core/RawImage.cs
 0.1 kb	 0.0% Packages/com.unity.ugui/Runtime/UGUI/UI/Core/Image.cs
 0.1 kb	 0.0% Packages/com.unity.ugui/Runtime/UGUI/UI/Core/IMask.cs
 0.1 kb	 0.0% Packages/com.unity.ugui/Runtime/UGUI/UI/Core/Graphic.cs
 0.1 kb	 0.0% Packages/com.unity.ugui/Runtime/UGUI/UI/Core/FontData.cs
 0.1 kb	 0.0% Packages/com.unity.ugui/Runtime/UGUI/UI/Core/Dropdown.cs
 0.1 kb	 0.0% Packages/com.unity.ugui/Runtime/UGUI/UI/Core/Culling/Clipping.cs
 0.1 kb	 0.0% Packages/com.unity.ugui/Runtime/UGUI/UI/Core/Button.cs
 0.1 kb	 0.0% Packages/com.unity.services.lobby/Runtime/SDK/LobbyUpdates/Internal/LobbyPatcher.cs
 0.1 kb	 0.0% Packages/com.unity.mathematics/Unity.Mathematics/svd.cs
 0.1 kb	 0.0% Packages/com.unity.mathematics/Unity.Mathematics/math.cs
 0.1 kb	 0.0% Packages/com.unity.mathematics/Unity.Mathematics/half.cs
 0.1 kb	 0.0% Packages/com.unity.burst/Runtime/SharedStatic.cs
 0.1 kb	 0.0% Packages/com.unity.burst/Runtime/Intrinsics/x86/Ssse3.cs
 0.1 kb	 0.0% Packages/com.unity.burst/Runtime/Intrinsics/x86/Sse4_2.cs
 0.1 kb	 0.0% Packages/com.unity.burst/Runtime/Intrinsics/x86/Sse4_1.cs
 0.1 kb	 0.0% Packages/com.unity.burst/Runtime/Intrinsics/x86/Popcnt.cs
 0.1 kb	 0.0% Packages/com.unity.burst/Runtime/Intrinsics/x86/Common.cs
 0.1 kb	 0.0% Packages/com.unity.burst/Runtime/CompilerServices/Hint.cs
 0.1 kb	 0.0% Packages/com.unity.burst/Runtime/BurstString.cs
 0.1 kb	 0.0% Packages/com.unity.burst/Runtime/BurstRuntime.cs
 0.1 kb	 0.0% Assets/Scripts/UI/DiceRoller.cs
 0.1 kb	 0.0% Assets/Scripts/UI/CardVisual.cs
 0.1 kb	 0.0% Packages/com.unity.ugui/Runtime/TMP/TMP_Text.cs
 0.1 kb	 0.0% Packages/com.unity.inputsystem/InputSystem/Plugins/UI/UISupport.cs
 0.1 kb	 0.0% Packages/com.unity.burst/Runtime/Intrinsics/x86/Sse3.cs
 0.1 kb	 0.0% Packages/com.unity.burst/Runtime/Intrinsics/x86/Sse2.cs
 0.1 kb	 0.0% Packages/com.unity.burst/Runtime/Intrinsics/x86/Sse.cs
 0.1 kb	 0.0% Packages/com.unity.burst/Runtime/Intrinsics/x86/Fma.cs
 0.1 kb	 0.0% Packages/com.unity.burst/Runtime/Intrinsics/x86/F16C.cs
 0.1 kb	 0.0% Packages/com.unity.burst/Runtime/Intrinsics/x86/Csr.cs
 0.1 kb	 0.0% Packages/com.unity.burst/Runtime/Intrinsics/x86/Bmi2.cs
 0.1 kb	 0.0% Packages/com.unity.burst/Runtime/Intrinsics/x86/Bmi1.cs
 0.1 kb	 0.0% Packages/com.unity.burst/Runtime/Intrinsics/x86/Avx2.cs
 0.1 kb	 0.0% Packages/com.unity.burst/Runtime/Intrinsics/x86/Avx.cs
 0.1 kb	 0.0% Packages/com.unity.burst/Runtime/Intrinsics/v64.cs
 0.1 kb	 0.0% Packages/com.unity.burst/Runtime/Intrinsics/v256.cs
 0.1 kb	 0.0% Packages/com.unity.burst/Runtime/Intrinsics/v128.cs
 0.1 kb	 0.0% Packages/com.unity.burst/Runtime/Intrinsics/Arm/NEON.cs
 0.1 kb	 0.0% Assets/Scripts/Cards/DeckData.cs
 0.1 kb	 0.0% Assets/Scripts/Cards/CardData.cs
 0.1 kb	 0.0% Assets/Scripts/Battle/GameCore.cs
 0.1 kb	 0.0% Packages/com.unity.ugui/Runtime/UGUI/UI/Core/Text.cs
 0.1 kb	 0.0% Packages/com.unity.ugui/Runtime/UGUI/UI/Core/Misc.cs
 0.1 kb	 0.0% Packages/com.unity.ugui/Runtime/UGUI/UI/Core/Mask.cs
 0.1 kb	 0.0% Assets/Scripts/AI/AIPlayer.cs
 0.1 kb	 0.0% Assets/Resources/PerformanceTestRunSettings.json
-------------------------------------------------------------------------------
Unloading 0 Unused Serialized files (Serialized files now loaded: 0)
Unloading 592 unused Assets / (58.7 MB). Loaded Objects now: 4200.
Memory consumption went from 258.4 MB to 199.7 MB.
Total: 6.977458 ms (FindLiveObjects: 0.101791 ms CreateObjectMapping: 0.035917 ms MarkObjects: 5.953916 ms  DeleteObjects: 0.885000 ms)

Build Finished, Result: Success.
Launching external process: /Applications/Unity/Hub/Editor/6000.4.2f1/Unity.app/Contents/Resources/Scripting/il2cpp/build/deploy/Analytics
##utp:{"type":"PlayerBuildInfo","version":2,"phase":"Immediate","time":1776279036306,"processId":85543,"steps":[{"description":"Preprocess Player","duration":30},{"description":"Prepare For Build","duration":39},{"description":"ProducePlayerScriptAssemblies","duration":535},{"description":"Verify Build setup","duration":86},{"description":"Prepare assets for target platform","duration":1},{"description":"Prepare splash screen","duration":0},{"description":"Build scripts DLLs","duration":6},{"description":"Building scenes","duration":1141},{"description":"Build GlobalGameManagers file","duration":101},{"description":"Writing asset files","duration":123},{"description":"Building Resources/unity_builtin_extra","duration":44},{"description":"Write data build dirty tracking information","duration":46},{"description":"Postprocess built player","duration":738}],"duration":2890}
Unloading 0 Unused Serialized files (Serialized files now loaded: 0)
Loaded scene 'Temp/__Backupscenes/0.backup'
	Deserialize:            0.190 ms
	Integration:            105.083 ms
	Integration of assets:  0.001 ms
	Thread Wait Time:       0.003 ms
	Total Operation Time:   105.276 ms
Unloading 0 unused Assets / (6.2 KB). Loaded Objects now: 4192.
Memory consumption went from 199.3 MB to 199.3 MB.
Total: 4.367333 ms (FindLiveObjects: 0.083250 ms CreateObjectMapping: 0.030292 ms MarkObjects: 4.244333 ms  DeleteObjects: 0.009166 ms)

Build succeeded: /Users/stephenalexanderbright/dual-craft-unity/Builds/DualCraft.app
UnityEngine.Debug:ExtractStackTraceNoAlloc (byte*,int,string)
UnityEngine.StackTraceUtility:ExtractStackTrace () (at /Users/bokken/build/output/unity/unity/Runtime/Export/Scripting/StackTrace.cs:35)
UnityEngine.DebugLogHandler:Internal_Log (UnityEngine.LogType,UnityEngine.LogOption,string,UnityEngine.Object)
UnityEngine.DebugLogHandler:LogFormat (UnityEngine.LogType,UnityEngine.Object,string,object[])
UnityEngine.Logger:Log (UnityEngine.LogType,object)
UnityEngine.Debug:Log (object)
BuildScript:BuildMacOS () (at Assets/Editor/BuildScript.cs:36)

(Filename: Assets/Editor/BuildScript.cs Line: 36)

Batchmode quit successfully invoked - shutting down!
Thread 0x16dad3000 may have been prematurely finalized
Input System module state changed to: ShutdownInProgress.
Input Polling Thread exited.
Input System module state changed to: Shutdown.
[Physics::Module] Cleanup current backend.
[Physics::Module] Id: 0xf2b8ea05
[Licensing::IpcConnector] LicenseClient-stephenalexanderbright-6000.4.2-notifications channel disconnected successfully.
[Licensing::IpcConnector] LicenseClient-stephenalexanderbright-6000.4.2 channel disconnected successfully.
Thread 0x16df53000 may have been prematurely finalized
Thread 0x16dfdf000 may have been prematurely finalized
Thread 0x16e06b000 may have been prematurely finalized
Thread 0x16e0f7000 may have been prematurely finalized
Thread 0x16e183000 may have been prematurely finalized
AcceleratorClientConnectionCallback - disconnected - :0
info: Microsoft.Hosting.Lifetime[0]
      Application is shutting down...
Cleanup mono
CodeReloadManager destroyed
info: Unity.ILPP.Runner.PostProcessingAssemblyLoadContext[0]
      ALC ILPP context 2 is unloading
debugger-agent: Unable to listen on 44
Exiting batchmode successfully now!
[Package Manager] Server process was shutdown
